"../../../Engine/Plugins/Animation/ACLPlugin/Content/ACLAnimCurveCompressionSettings.uasset" 0
"../../../Engine/Plugins/Animation/ACLPlugin/Content/ACLAnimCurveCompressionSettings.uexp" 1
"../../../Engine/Plugins/Animation/ACLPlugin/Content/ACLAnimBoneCompressionSettings.uasset" 2
"../../../Engine/Plugins/Animation/ACLPlugin/Content/ACLAnimBoneCompressionSettings.uexp" 3
"../../../Engine/Plugins/2D/Paper2D/Content/PlaceholderTextures/DummySpriteTexture.ubulk" 4
"../../../Engine/Plugins/2D/Paper2D/Content/PlaceholderTextures/DummySpriteTexture.uasset" 5
"../../../Engine/Plugins/2D/Paper2D/Content/PlaceholderTextures/DummySpriteTexture.uexp" 6
"../../../Engine/Plugins/2D/Paper2D/Content/DummySprite.uasset" 7
"../../../Engine/Plugins/2D/Paper2D/Content/DummySprite.uexp" 8
"../../../Engine/Plugins/2D/Paper2D/Content/DefaultPaperTerrainMaterial.uasset" 9
"../../../Engine/Plugins/2D/Paper2D/Content/DefaultPaperTerrainMaterial.uexp" 10
"../../../Engine/Content/Animation/DefaultVariableFrameStrippingSettings.uasset" 11
"../../../Engine/Content/Animation/DefaultVariableFrameStrippingSettings.uexp" 12
"../../../Engine/Content/Animation/DefaultRecorderBoneCompression.uasset" 13
"../../../Engine/Content/Animation/DefaultRecorderBoneCompression.uexp" 14
"../../../Engine/Plugins/Animation/ControlRig/Content/Controls/DefaultGizmoLibraryNormalized.uasset" 15
"../../../Engine/Plugins/Animation/ControlRig/Content/Controls/DefaultGizmoLibraryNormalized.uexp" 16
"../../../Engine/Content/EngineSounds/Master.uasset" 17
"../../../Engine/Content/EngineSounds/Master.uexp" 18
"../../../Engine/Content/EngineMaterials/DefaultPhysicalMaterial.uasset" 19
"../../../Engine/Content/EngineMaterials/DefaultPhysicalMaterial.uexp" 20
"../../../Engine/Content/EngineMaterials/DefaultDestructiblePhysicalMaterial.uasset" 21
"../../../Engine/Content/EngineMaterials/DefaultDestructiblePhysicalMaterial.uexp" 22
"../../../Engine/Content/EngineFonts/Faces/DroidSansFallback.uexp" 23
"../../../Engine/Content/EngineFonts/Faces/DroidSansFallback.uasset" 24
"../../../Engine/Content/EngineFonts/Faces/DroidSansFallback.ufont" 25
"../../../Engine/Content/EngineFonts/Faces/RobotoRegular.uexp" 26
"../../../Engine/Content/EngineFonts/Faces/RobotoRegular.uasset" 27
"../../../Engine/Content/EngineFonts/Faces/RobotoRegular.ufont" 28
"../../../Engine/Content/EngineFonts/Faces/RobotoLight.uexp" 29
"../../../Engine/Content/EngineFonts/Faces/RobotoLight.uasset" 30
"../../../Engine/Content/EngineFonts/Faces/RobotoLight.ufont" 31
"../../../Engine/Content/EngineFonts/Faces/RobotoItalic.uexp" 32
"../../../Engine/Content/EngineFonts/Faces/RobotoItalic.uasset" 33
"../../../Engine/Content/EngineFonts/Faces/RobotoItalic.ufont" 34
"../../../Engine/Content/EngineFonts/Faces/RobotoBoldItalic.uexp" 35
"../../../Engine/Content/EngineFonts/Faces/RobotoBoldItalic.uasset" 36
"../../../Engine/Content/EngineFonts/Faces/RobotoBoldItalic.ufont" 37
"../../../Engine/Content/EngineFonts/Faces/RobotoBold.uexp" 38
"../../../Engine/Content/EngineFonts/Faces/RobotoBold.uasset" 39
"../../../Engine/Content/EngineFonts/Faces/RobotoBold.ufont" 40
"../../../Engine/Content/EngineFonts/Roboto.uasset" 41
"../../../Engine/Content/EngineFonts/Roboto.uexp" 42
"../../../Engine/Content/EngineFonts/Faces/DroidSansMono.uexp" 43
"../../../Engine/Content/EngineFonts/Faces/DroidSansMono.uasset" 44
"../../../Engine/Content/EngineFonts/Faces/DroidSansMono.ufont" 45
"../../../Engine/Content/EngineFonts/DroidSansMono.uasset" 46
"../../../Engine/Content/EngineFonts/DroidSansMono.uexp" 47
"../../../Engine/Content/EngineResources/GradientTexture0.uasset" 48
"../../../Engine/Content/EngineResources/GradientTexture0.uexp" 49
"../../../Engine/Content/EngineResources/Black.uasset" 50
"../../../Engine/Content/EngineResources/Black.uexp" 51
"../../../Engine/Content/EditorResources/S_Actor.ubulk" 52
"../../../Engine/Content/EditorResources/S_Actor.uasset" 53
"../../../Engine/Content/EditorResources/S_Actor.uexp" 54
"../../../Engine/Content/Functions/Engine_MaterialFunctions02/WorldPositionOffset/CameraOffset.uasset" 55
"../../../Engine/Content/Functions/Engine_MaterialFunctions02/WorldPositionOffset/CameraOffset.uexp" 56
"../../../Engine/Plugins/Animation/ControlRig/Content/M_Manip.uasset" 57
"../../../Engine/Plugins/Animation/ControlRig/Content/M_Manip.uexp" 58
"../../../Engine/Content/EditorMaterials/PreviewShadowIndicator.ubulk" 59
"../../../Engine/Content/EditorMaterials/PreviewShadowIndicator.uasset" 60
"../../../Engine/Content/EditorMaterials/PreviewShadowIndicator.uexp" 61
"../../../Engine/Content/EditorMaterials/PreviewShadowIndicatorMaterial.uasset" 62
"../../../Engine/Content/EditorMaterials/PreviewShadowIndicatorMaterial.uexp" 63
"../../../Engine/Content/EditorMaterials/PhAT_UnselectedMaterial.uasset" 64
"../../../Engine/Content/EditorMaterials/PhAT_UnselectedMaterial.uexp" 65
"../../../Engine/Content/EditorMaterials/PhAT_NoCollisionMaterial.uasset" 66
"../../../Engine/Content/EditorMaterials/PhAT_NoCollisionMaterial.uexp" 67
"../../../Engine/Content/EditorLandscapeResources/WhiteSquareTexture.uasset" 68
"../../../Engine/Content/EditorLandscapeResources/WhiteSquareTexture.uexp" 69
"../../../Engine/Content/EditorLandscapeResources/LayerVisMaterial.uasset" 70
"../../../Engine/Content/EditorLandscapeResources/LayerVisMaterial.uexp" 71
"../../../Engine/Content/Functions/Engine_MaterialFunctions02/WorldPositionOffset/LocalPosition.uasset" 72
"../../../Engine/Content/Functions/Engine_MaterialFunctions02/WorldPositionOffset/LocalPosition.uexp" 73
"../../../Engine/Content/Functions/Engine_MaterialFunctions02/Utility/BreakOutFloat2Components.uasset" 74
"../../../Engine/Content/Functions/Engine_MaterialFunctions02/Utility/BreakOutFloat2Components.uexp" 75
"../../../Engine/Content/Functions/Engine_MaterialFunctions01/Texturing/ScaleUVsByCenter.uasset" 76
"../../../Engine/Content/Functions/Engine_MaterialFunctions01/Texturing/ScaleUVsByCenter.uexp" 77
"../../../Engine/Content/EngineMaterials/DefaultDiffuse.ubulk" 78
"../../../Engine/Content/EngineMaterials/DefaultDiffuse.uasset" 79
"../../../Engine/Content/EngineMaterials/DefaultDiffuse.uexp" 80
"../../../Engine/Content/Functions/Engine_MaterialFunctions01/Texturing/TextureCropping.uasset" 81
"../../../Engine/Content/Functions/Engine_MaterialFunctions01/Texturing/TextureCropping.uexp" 82
"../../../Engine/Content/Functions/Engine_MaterialFunctions02/ExampleContent/DebugNumberStrip.uasset" 83
"../../../Engine/Content/Functions/Engine_MaterialFunctions02/ExampleContent/DebugNumberStrip.uexp" 84
"../../../Engine/Content/Functions/Engine_MaterialFunctions01/Debug/DebugIntValues.uasset" 85
"../../../Engine/Content/Functions/Engine_MaterialFunctions01/Debug/DebugIntValues.uexp" 86
"../../../Engine/Content/EditorLandscapeResources/LandscapeLayerUsageMaterial.uasset" 87
"../../../Engine/Content/EditorLandscapeResources/LandscapeLayerUsageMaterial.uexp" 88
"../../../Engine/Content/EditorLandscapeResources/DefaultAlphaTexture.uasset" 89
"../../../Engine/Content/EditorLandscapeResources/DefaultAlphaTexture.uexp" 90
"../../../Engine/Content/EditorLandscapeResources/LandscapeDirtyMaterial.uasset" 91
"../../../Engine/Content/EditorLandscapeResources/LandscapeDirtyMaterial.uexp" 92
"../../../Engine/Content/BasicShapes/BasicShapeMaterial.uasset" 93
"../../../Engine/Content/BasicShapes/BasicShapeMaterial.uexp" 94
"../../../Engine/Plugins/Animation/ControlRig/Content/Controls/ControlRigXRayMaterial.uasset" 95
"../../../Engine/Plugins/Animation/ControlRig/Content/Controls/ControlRigXRayMaterial.uexp" 96
"../../../Engine/Plugins/Animation/ControlRig/Content/Controls/ControlRigGizmoMaterial.uasset" 97
"../../../Engine/Plugins/Animation/ControlRig/Content/Controls/ControlRigGizmoMaterial.uexp" 98
"../../../Engine/Content/EngineResources/DefaultTexture.ubulk" 99
"../../../Engine/Content/EngineResources/DefaultTexture.uasset" 100
"../../../Engine/Content/EngineResources/DefaultTexture.uexp" 101
"../../../Engine/Content/EngineMaterials/RemoveSurfaceMaterial.uasset" 102
"../../../Engine/Content/EngineMaterials/RemoveSurfaceMaterial.uexp" 103
"../../../Engine/Content/EngineMaterials/PreintegratedSkinBRDF.uasset" 104
"../../../Engine/Content/EngineMaterials/PreintegratedSkinBRDF.uexp" 105
"../../../Engine/Content/EngineMaterials/DefaultCalibrationGrayscale.uasset" 106
"../../../Engine/Content/EngineMaterials/DefaultCalibrationGrayscale.uexp" 107
"../../../Engine/Content/EngineMaterials/PPM_DefaultCalibrationGrayscale.uasset" 108
"../../../Engine/Content/EngineMaterials/PPM_DefaultCalibrationGrayscale.uexp" 109
"../../../Engine/Content/EngineMaterials/DefaultCalibrationColor.uasset" 110
"../../../Engine/Content/EngineMaterials/DefaultCalibrationColor.uexp" 111
"../../../Engine/Content/EngineMaterials/PPM_DefaultCalibrationColor.uasset" 112
"../../../Engine/Content/EngineMaterials/PPM_DefaultCalibrationColor.uexp" 113
"../../../Engine/Content/EngineMaterials/PhAT_JointLimitMaterial.uasset" 114
"../../../Engine/Content/EngineMaterials/PhAT_JointLimitMaterial.uexp" 115
"../../../Engine/Content/EngineMaterials/NaniteHiddenSectionMaterial.uasset" 116
"../../../Engine/Content/EngineMaterials/NaniteHiddenSectionMaterial.uexp" 117
"../../../Engine/Content/EngineMaterials/InvalidLightmapSettings.ubulk" 118
"../../../Engine/Content/EngineMaterials/InvalidLightmapSettings.uasset" 119
"../../../Engine/Content/EngineMaterials/InvalidLightmapSettings.uexp" 120
"../../../Engine/Content/EngineMaterials/M_InvalidLightmapSettings.uasset" 121
"../../../Engine/Content/EngineMaterials/M_InvalidLightmapSettings.uexp" 122
"../../../Engine/Content/EngineMaterials/MiniFont.uasset" 123
"../../../Engine/Content/EngineMaterials/MiniFont.uexp" 124
"../../../Engine/Content/EngineMaterials/GizmoMaterial.uasset" 125
"../../../Engine/Content/EngineMaterials/GizmoMaterial.uexp" 126
"../../../Engine/Content/EngineMaterials/Black_1x1_EXR_Texture_VT.uasset" 127
"../../../Engine/Content/EngineMaterials/Black_1x1_EXR_Texture_VT.uexp" 128
"../../../Engine/Content/EngineMaterials/BaseFlattenDiffuseMap_VT.uasset" 129
"../../../Engine/Content/EngineMaterials/BaseFlattenDiffuseMap_VT.uexp" 130
"../../../Engine/Content/EngineMaterials/BaseFlattenEmissiveMap_VT.uasset" 131
"../../../Engine/Content/EngineMaterials/BaseFlattenEmissiveMap_VT.uexp" 132
"../../../Engine/Content/EngineMaterials/BaseFlattenGrayscaleMap_VT.uasset" 133
"../../../Engine/Content/EngineMaterials/BaseFlattenGrayscaleMap_VT.uexp" 134
"../../../Engine/Content/EngineMaterials/BaseFlattenLinearColor_VT.uasset" 135
"../../../Engine/Content/EngineMaterials/BaseFlattenLinearColor_VT.uexp" 136
"../../../Engine/Content/EngineMaterials/BaseFlattenNormalMap_VT.uasset" 137
"../../../Engine/Content/EngineMaterials/BaseFlattenNormalMap_VT.uexp" 138
"../../../Engine/Content/EngineMaterials/FlattenMaterial_WS_Normal_VT.uasset" 139
"../../../Engine/Content/EngineMaterials/FlattenMaterial_WS_Normal_VT.uexp" 140
"../../../Engine/Content/EngineMaterials/FlattenMaterial_VT.uasset" 141
"../../../Engine/Content/EngineMaterials/FlattenMaterial_VT.uexp" 142
"../../../Engine/Content/EngineMaterials/BaseFlattenNormalMap.uasset" 143
"../../../Engine/Content/EngineMaterials/BaseFlattenNormalMap.uexp" 144
"../../../Engine/Content/EngineMaterials/BaseFlattenDiffuseMap.uasset" 145
"../../../Engine/Content/EngineMaterials/BaseFlattenDiffuseMap.uexp" 146
"../../../Engine/Content/EngineMaterials/BaseFlattenEmissiveMap.uasset" 147
"../../../Engine/Content/EngineMaterials/BaseFlattenEmissiveMap.uexp" 148
"../../../Engine/Content/EngineMaterials/BaseFlattenGrayscaleMap.uasset" 149
"../../../Engine/Content/EngineMaterials/BaseFlattenGrayscaleMap.uexp" 150
"../../../Engine/Content/EngineMaterials/BaseFlattenLinearColor.uasset" 151
"../../../Engine/Content/EngineMaterials/BaseFlattenLinearColor.uexp" 152
"../../../Engine/Content/Functions/Engine_MaterialFunctions02/PivotPainter2/Black_1x1_EXR_Texture.uasset" 153
"../../../Engine/Content/Functions/Engine_MaterialFunctions02/PivotPainter2/Black_1x1_EXR_Texture.uexp" 154
"../../../Engine/Content/EngineMaterials/FlattenMaterial.uasset" 155
"../../../Engine/Content/EngineMaterials/FlattenMaterial.uexp" 156
"../../../Engine/Content/EngineMaterials/FastBlueNoise_vec2_128x128x64.uasset" 157
"../../../Engine/Content/EngineMaterials/FastBlueNoise_vec2_128x128x64.uexp" 158
"../../../Engine/Content/EngineMaterials/FastBlueNoise_scalar_128x128x8.uasset" 159
"../../../Engine/Content/EngineMaterials/FastBlueNoise_scalar_128x128x8.uexp" 160
"../../../Engine/Content/EngineMaterials/FastBlueNoise_scalar_128x128x64.uasset" 161
"../../../Engine/Content/EngineMaterials/FastBlueNoise_scalar_128x128x64.uexp" 162
"../../../Engine/Content/EngineMaterials/DefaultWhiteGrid_Low.uasset" 163
"../../../Engine/Content/EngineMaterials/DefaultWhiteGrid_Low.uexp" 164
"../../../Engine/Content/EngineMaterials/EmissiveMeshMaterial.uasset" 165
"../../../Engine/Content/EngineMaterials/EmissiveMeshMaterial.uexp" 166
"../../../Engine/Content/EngineMaterials/DefaultWhiteGrid.ubulk" 167
"../../../Engine/Content/EngineMaterials/DefaultWhiteGrid.uasset" 168
"../../../Engine/Content/EngineMaterials/DefaultWhiteGrid.uexp" 169
"../../../Engine/Content/EngineFonts/RobotoDistanceField.uasset" 170
"../../../Engine/Content/EngineFonts/RobotoDistanceField.uexp" 171
"../../../Engine/Content/EngineMaterials/DefaultTextMaterialOpaque.uasset" 172
"../../../Engine/Content/EngineMaterials/DefaultTextMaterialOpaque.uexp" 173
"../../../Engine/Content/EngineMaterials/DefaultPostProcessMaterial.uasset" 174
"../../../Engine/Content/EngineMaterials/DefaultPostProcessMaterial.uexp" 175
"../../../Engine/Content/EngineMaterials/DefaultLightFunctionMaterial.uasset" 176
"../../../Engine/Content/EngineMaterials/DefaultLightFunctionMaterial.uexp" 177
"../../../Engine/Content/EngineMaterials/DefaultDeferredDecalMaterial.uasset" 178
"../../../Engine/Content/EngineMaterials/DefaultDeferredDecalMaterial.uexp" 179
"../../../Engine/Content/EngineMaterials/DefaultBokeh.uasset" 180
"../../../Engine/Content/EngineMaterials/DefaultBokeh.uexp" 181
"../../../Engine/Content/EngineMaterials/DefaultBloomKernel.uasset" 182
"../../../Engine/Content/EngineMaterials/DefaultBloomKernel.uexp" 183
"../../../Engine/Content/Functions/Engine_MaterialFunctions02/Utility/CameraDirectionVector.uasset" 184
"../../../Engine/Content/Functions/Engine_MaterialFunctions02/Utility/CameraDirectionVector.uexp" 185
"../../../Engine/Content/EngineDebugMaterials/VolumeToRender.uasset" 186
"../../../Engine/Content/EngineDebugMaterials/VolumeToRender.uexp" 187
"../../../Engine/Content/EngineDebugMaterials/M_VolumeRenderSphereTracePP.uasset" 188
"../../../Engine/Content/EngineDebugMaterials/M_VolumeRenderSphereTracePP.uexp" 189
"../../../Engine/Content/EngineDebugMaterials/M_SimpleUnlitTranslucent.uasset" 190
"../../../Engine/Content/EngineDebugMaterials/M_SimpleUnlitTranslucent.uexp" 191
"../../../Engine/Content/EngineDebugMaterials/DebugMeshMaterial.uasset" 192
"../../../Engine/Content/EngineDebugMaterials/DebugMeshMaterial.uexp" 193
"../../../Engine/Content/EngineDebugMaterials/DebugEditorMaterial.uasset" 194
"../../../Engine/Content/EngineDebugMaterials/DebugEditorMaterial.uexp" 195
"../../../Engine/Content/EngineDamageTypes/DmgTypeBP_Environmental.uasset" 196
"../../../Engine/Content/EngineDamageTypes/DmgTypeBP_Environmental.uexp" 197
"../../../Engine/Content/EditorResources/S_TriggerSphere.uasset" 198
"../../../Engine/Content/EditorResources/S_TriggerSphere.uexp" 199
"../../../Engine/Content/EditorResources/S_TriggerCapsule.uasset" 200
"../../../Engine/Content/EditorResources/S_TriggerCapsule.uexp" 201
"../../../Engine/Content/EditorResources/S_TriggerBox.uasset" 202
"../../../Engine/Content/EditorResources/S_TriggerBox.uexp" 203
"../../../Engine/Content/EditorResources/S_Trigger.ubulk" 204
"../../../Engine/Content/EditorResources/S_Trigger.uasset" 205
"../../../Engine/Content/EditorResources/S_Trigger.uexp" 206
"../../../Engine/Content/EditorResources/S_Terrain.ubulk" 207
"../../../Engine/Content/EditorResources/S_Terrain.uasset" 208
"../../../Engine/Content/EditorResources/S_Terrain.uexp" 209
"../../../Engine/Content/EditorResources/S_Solver.ubulk" 210
"../../../Engine/Content/EditorResources/S_Solver.uasset" 211
"../../../Engine/Content/EditorResources/S_Solver.uexp" 212
"../../../Engine/Content/EditorResources/S_BoxReflectionCapture.uasset" 213
"../../../Engine/Content/EditorResources/S_BoxReflectionCapture.uexp" 214
"../../../Engine/Content/EditorResources/BSPVertex.uasset" 215
"../../../Engine/Content/EditorResources/BSPVertex.uexp" 216
"../../../Engine/Plugins/VirtualProduction/CameraCalibrationCore/Content/Materials/M_DefaultOddSquare.uasset" 217
"../../../Engine/Plugins/VirtualProduction/CameraCalibrationCore/Content/Materials/M_DefaultOddSquare.uexp" 218
"../../../Engine/Plugins/VirtualProduction/CameraCalibrationCore/Content/Materials/M_DefaultEvenSquare.uasset" 219
"../../../Engine/Plugins/VirtualProduction/CameraCalibrationCore/Content/Materials/M_DefaultEvenSquare.uexp" 220
"../../../Engine/Plugins/Runtime/HairStrands/Content/Materials/HairMeshesDefaultMaterial.uasset" 221
"../../../Engine/Plugins/Runtime/HairStrands/Content/Materials/HairMeshesDefaultMaterial.uexp" 222
"../../../Engine/Plugins/Runtime/HairStrands/Content/Materials/HairDefaultMaterial.uasset" 223
"../../../Engine/Plugins/Runtime/HairStrands/Content/Materials/HairDefaultMaterial.uexp" 224
"../../../Engine/Content/Functions/Engine_MaterialFunctions02/Utility/MakeFloat2.uasset" 225
"../../../Engine/Content/Functions/Engine_MaterialFunctions02/Utility/MakeFloat2.uexp" 226
"../../../Engine/Content/Functions/Engine_MaterialFunctions02/Utility/MakeFloat3.uasset" 227
"../../../Engine/Content/Functions/Engine_MaterialFunctions02/Utility/MakeFloat3.uexp" 228
"../../../Engine/Content/EngineMaterials/HairDebugColor.uasset" 229
"../../../Engine/Content/EngineMaterials/HairDebugColor.uexp" 230
"../../../Engine/Content/EngineMaterials/HairColorMap.uasset" 231
"../../../Engine/Content/EngineMaterials/HairColorMap.uexp" 232
"../../../Engine/Plugins/Runtime/HairStrands/Content/Materials/HairGroupColors.uasset" 233
"../../../Engine/Plugins/Runtime/HairStrands/Content/Materials/HairGroupColors.uexp" 234
"../../../Engine/Plugins/Runtime/HairStrands/Content/Materials/HairDebugMaterial.uasset" 235
"../../../Engine/Plugins/Runtime/HairStrands/Content/Materials/HairDebugMaterial.uexp" 236
"../../../Engine/Plugins/Runtime/HairStrands/Content/Materials/HairCardsDefaultMaterial.uasset" 237
"../../../Engine/Plugins/Runtime/HairStrands/Content/Materials/HairCardsDefaultMaterial.uexp" 238
"../../../Engine/Plugins/Runtime/AudioWidgets/Content/Resources/ScrubHandleDown_Clamped.uasset" 239
"../../../Engine/Plugins/Runtime/AudioWidgets/Content/Resources/ScrubHandleDown_Clamped.uexp" 240
"../../../Engine/Plugins/Interchange/Assets/Content/Functions/MX_UsdPreviewSurface.uasset" 241
"../../../Engine/Plugins/Interchange/Assets/Content/Functions/MX_UsdPreviewSurface.uexp" 242
"../../../Engine/Plugins/Interchange/Assets/Content/Functions/MX_UniformEDF.uasset" 243
"../../../Engine/Plugins/Interchange/Assets/Content/Functions/MX_UniformEDF.uexp" 244
"../../../Engine/Plugins/Interchange/Assets/Content/Functions/MX_TranslucentBSDF.uasset" 245
"../../../Engine/Plugins/Interchange/Assets/Content/Functions/MX_TranslucentBSDF.uexp" 246
"../../../Engine/Plugins/Interchange/Assets/Content/Functions/MX_ThinFilmBSDF.uasset" 247
"../../../Engine/Plugins/Interchange/Assets/Content/Functions/MX_ThinFilmBSDF.uexp" 248
"../../../Engine/Plugins/Interchange/Assets/Content/Functions/MX_SurfaceUnlit.uasset" 249
"../../../Engine/Plugins/Interchange/Assets/Content/Functions/MX_SurfaceUnlit.uexp" 250
"../../../Engine/Plugins/Interchange/Assets/Content/Functions/MX_Surface.uasset" 251
"../../../Engine/Plugins/Interchange/Assets/Content/Functions/MX_Surface.uexp" 252
"../../../Engine/Plugins/Interchange/Assets/Content/Functions/MX_SubsurfaceBSDF.uasset" 253
"../../../Engine/Plugins/Interchange/Assets/Content/Functions/MX_SubsurfaceBSDF.uexp" 254
"../../../Engine/Plugins/Interchange/Assets/Content/Functions/MX_SheenBSDF.uasset" 255
"../../../Engine/Plugins/Interchange/Assets/Content/Functions/MX_SheenBSDF.uexp" 256
"../../../Engine/Plugins/Interchange/Assets/Content/Functions/MX_OrenNayarBSDF.uasset" 257
"../../../Engine/Plugins/Interchange/Assets/Content/Functions/MX_OrenNayarBSDF.uexp" 258
"../../../Engine/Plugins/Interchange/Assets/Content/Functions/MF_IridescenceNoLUT.uasset" 259
"../../../Engine/Plugins/Interchange/Assets/Content/Functions/MF_IridescenceNoLUT.uexp" 260
"../../../Engine/Plugins/Interchange/Assets/Content/Functions/MX_StandardSurface.uasset" 261
"../../../Engine/Plugins/Interchange/Assets/Content/Functions/MX_StandardSurface.uexp" 262
"../../../Engine/Plugins/Interchange/Assets/Content/Functions/MX_TransmissionSurface.uasset" 263
"../../../Engine/Plugins/Interchange/Assets/Content/Functions/MX_TransmissionSurface.uexp" 264
"../../../Engine/Plugins/Interchange/Assets/Content/Functions/MX_OpenPBR_Translucent.uasset" 265
"../../../Engine/Plugins/Interchange/Assets/Content/Functions/MX_OpenPBR_Translucent.uexp" 266
"../../../Engine/Plugins/Interchange/Assets/Content/Functions/MX_OpenPBR_Opaque.uasset" 267
"../../../Engine/Plugins/Interchange/Assets/Content/Functions/MX_OpenPBR_Opaque.uexp" 268
"../../../Engine/Plugins/Interchange/Assets/Content/Functions/MX_MeasuredEDF.uasset" 269
"../../../Engine/Plugins/Interchange/Assets/Content/Functions/MX_MeasuredEDF.uexp" 270
"../../../Engine/Plugins/Interchange/Assets/Content/Functions/MX_GeneralizedSchlickBSDF.uasset" 271
"../../../Engine/Plugins/Interchange/Assets/Content/Functions/MX_GeneralizedSchlickBSDF.uexp" 272
"../../../Engine/Plugins/Interchange/Assets/Content/Functions/MX_Displacement.uasset" 273
"../../../Engine/Plugins/Interchange/Assets/Content/Functions/MX_Displacement.uexp" 274
"../../../Engine/Plugins/Interchange/Assets/Content/Functions/MX_DielectricBSDF.uasset" 275
"../../../Engine/Plugins/Interchange/Assets/Content/Functions/MX_DielectricBSDF.uexp" 276
"../../../Engine/Plugins/Interchange/Assets/Content/Functions/MX_ConicalEDF.uasset" 277
"../../../Engine/Plugins/Interchange/Assets/Content/Functions/MX_ConicalEDF.uexp" 278
"../../../Engine/Plugins/Interchange/Assets/Content/Functions/MX_ConductorBSDF.uasset" 279
"../../../Engine/Plugins/Interchange/Assets/Content/Functions/MX_ConductorBSDF.uexp" 280
"../../../Engine/Plugins/Interchange/Assets/Content/Functions/MX_BurleyDiffuseBSDF.uasset" 281
"../../../Engine/Plugins/Interchange/Assets/Content/Functions/MX_BurleyDiffuseBSDF.uexp" 282
"../../../Engine/Plugins/Interchange/Assets/Content/Functions/MX_AnisotropicVDF.uasset" 283
"../../../Engine/Plugins/Interchange/Assets/Content/Functions/MX_AnisotropicVDF.uexp" 284
"../../../Engine/Plugins/Interchange/Assets/Content/Functions/MX_AbsorptionVDF.uasset" 285
"../../../Engine/Plugins/Interchange/Assets/Content/Functions/MX_AbsorptionVDF.uexp" 286
"../../../Engine/Content/Functions/Engine_MaterialFunctions02/Utility/VectorLength.uasset" 287
"../../../Engine/Content/Functions/Engine_MaterialFunctions02/Utility/VectorLength.uexp" 288
"../../../Engine/Content/Functions/Engine_MaterialFunctions02/WorldPositionOffset/ObjectScale.uasset" 289
"../../../Engine/Content/Functions/Engine_MaterialFunctions02/WorldPositionOffset/ObjectScale.uexp" 290
"../../../Engine/Content/Functions/Engine_MaterialFunctions02/Utility/BreakOutFloat3Components.uasset" 291
"../../../Engine/Content/Functions/Engine_MaterialFunctions02/Utility/BreakOutFloat3Components.uexp" 292
"../../../Engine/Content/Functions/Engine_MaterialFunctions02/SafeNormalize.uasset" 293
"../../../Engine/Content/Functions/Engine_MaterialFunctions02/SafeNormalize.uexp" 294
"../../../Engine/Plugins/Editor/SpeedTreeImporter/Content/SpeedTree9/UnpackInteger3.uasset" 295
"../../../Engine/Plugins/Editor/SpeedTreeImporter/Content/SpeedTree9/UnpackInteger3.uexp" 296
"../../../Engine/Plugins/Editor/SpeedTreeImporter/Content/SpeedTree9/UnpackDirection.uasset" 297
"../../../Engine/Plugins/Editor/SpeedTreeImporter/Content/SpeedTree9/UnpackDirection.uexp" 298
"../../../Engine/Plugins/Editor/SpeedTreeImporter/Content/SpeedTree9/game_wind_noise.ubulk" 299
"../../../Engine/Plugins/Editor/SpeedTreeImporter/Content/SpeedTree9/game_wind_noise.uasset" 300
"../../../Engine/Plugins/Editor/SpeedTreeImporter/Content/SpeedTree9/game_wind_noise.uexp" 301
"../../../Engine/Plugins/Editor/SpeedTreeImporter/Content/SpeedTree9/SpeedTreeWindMotion.uasset" 302
"../../../Engine/Plugins/Editor/SpeedTreeImporter/Content/SpeedTree9/SpeedTreeWindMotion.uexp" 303
"../../../Engine/Plugins/Editor/SpeedTreeImporter/Content/SpeedTree9/SpeedTreeBranchMotion.uasset" 304
"../../../Engine/Plugins/Editor/SpeedTreeImporter/Content/SpeedTree9/SpeedTreeBranchMotion.uexp" 305
"../../../Engine/Content/Functions/Engine_MaterialFunctions02/ObjectLocalBounds.uasset" 306
"../../../Engine/Content/Functions/Engine_MaterialFunctions02/ObjectLocalBounds.uexp" 307
"../../../Engine/Content/Functions/Engine_MaterialFunctions02/UVs/BoundingBoxBased_0-1_UVW.uasset" 308
"../../../Engine/Content/Functions/Engine_MaterialFunctions02/UVs/BoundingBoxBased_0-1_UVW.uexp" 309
"../../../Engine/Plugins/Editor/SpeedTreeImporter/Content/SpeedTree9/SpeedTreeWind.uasset" 310
"../../../Engine/Plugins/Editor/SpeedTreeImporter/Content/SpeedTree9/SpeedTreeWind.uexp" 311
"../../../Engine/Plugins/Editor/SpeedTreeImporter/Content/SpeedTree9/SpeedTreeCameraFacing.uasset" 312
"../../../Engine/Plugins/Editor/SpeedTreeImporter/Content/SpeedTree9/SpeedTreeCameraFacing.uexp" 313
"../../../Engine/Plugins/Editor/SpeedTreeImporter/Content/SpeedTree9/EmptyNormal.uasset" 314
"../../../Engine/Plugins/Editor/SpeedTreeImporter/Content/SpeedTree9/EmptyNormal.uexp" 315
"../../../Engine/Plugins/Editor/SpeedTreeImporter/Content/SpeedTree9/Empty.uasset" 316
"../../../Engine/Plugins/Editor/SpeedTreeImporter/Content/SpeedTree9/Empty.uexp" 317
"../../../Engine/Plugins/Editor/SpeedTreeImporter/Content/SpeedTree9/SpeedTreeMaster.uasset" 318
"../../../Engine/Plugins/Editor/SpeedTreeImporter/Content/SpeedTree9/SpeedTreeMaster.uexp" 319
"../../../Engine/Plugins/Editor/SpeedTreeImporter/Content/SpeedTree9/SpeedTreeBillboard.uasset" 320
"../../../Engine/Plugins/Editor/SpeedTreeImporter/Content/SpeedTree9/SpeedTreeBillboard.uexp" 321
"../../../Engine/Plugins/Editor/SpeedTreeImporter/Content/SpeedTree9/SpeedTreeBillboardMaster.uasset" 322
"../../../Engine/Plugins/Editor/SpeedTreeImporter/Content/SpeedTree9/SpeedTreeBillboardMaster.uexp" 323
"../../../Engine/Content/EditorMaterials/ParticleSystems/PSysThumbnail_OOD.ubulk" 324
"../../../Engine/Content/EditorMaterials/ParticleSystems/PSysThumbnail_OOD.uasset" 325
"../../../Engine/Content/EditorMaterials/ParticleSystems/PSysThumbnail_OOD.uexp" 326
"../../../Engine/Content/EditorMaterials/ParticleSystems/PSysThumbnail_NoImage.ubulk" 327
"../../../Engine/Content/EditorMaterials/ParticleSystems/PSysThumbnail_NoImage.uasset" 328
"../../../Engine/Content/EditorMaterials/ParticleSystems/PSysThumbnail_NoImage.uexp" 329
"../../../Engine/Content/EditorMaterials/Dataflow/DataflowVertexMaterial.uasset" 330
"../../../Engine/Content/EditorMaterials/Dataflow/DataflowVertexMaterial.uexp" 331
"../../../Engine/Content/EditorMaterials/Dataflow/DataflowTwoSidedVertexMaterial.uasset" 332
"../../../Engine/Content/EditorMaterials/Dataflow/DataflowTwoSidedVertexMaterial.uexp" 333
"../../../Engine/Content/EngineResources/FilmGrains/Marcie_Grain_v3_128_M2_000.uasset" 334
"../../../Engine/Content/EngineResources/FilmGrains/Marcie_Grain_v3_128_M2_000.uexp" 335
"../../../Engine/Content/EngineResources/Development/ZenLogo_64.uasset" 336
"../../../Engine/Content/EngineResources/Development/ZenLogo_64.uexp" 337
"../../../Engine/Content/EngineMaterials/LTC/Sheen_LTC.uasset" 338
"../../../Engine/Content/EngineMaterials/LTC/Sheen_LTC.uexp" 339
"../../../Engine/Content/EngineMaterials/LTC/GGX_LTCMat.uasset" 340
"../../../Engine/Content/EngineMaterials/LTC/GGX_LTCMat.uexp" 341
"../../../Engine/Content/EngineMaterials/LTC/GGX_LTCAmp.uasset" 342
"../../../Engine/Content/EngineMaterials/LTC/GGX_LTCAmp.uexp" 343
"../../../Engine/Content/EngineMaterials/EnergyConservation/Sheen_Energy.uasset" 344
"../../../Engine/Content/EngineMaterials/EnergyConservation/Sheen_Energy.uexp" 345
"../../../Engine/Content/EngineMaterials/EnergyConservation/SheenLegacy_Energy.uasset" 346
"../../../Engine/Content/EngineMaterials/EnergyConservation/SheenLegacy_Energy.uexp" 347
"../../../Engine/Content/EngineMaterials/EnergyConservation/GGX_TransmissionEnergyArray.uasset" 348
"../../../Engine/Content/EngineMaterials/EnergyConservation/GGX_TransmissionEnergyArray.uexp" 349
"../../../Engine/Content/EngineMaterials/EnergyConservation/GGX_ReflectionEnergy.uasset" 350
"../../../Engine/Content/EngineMaterials/EnergyConservation/GGX_ReflectionEnergy.uexp" 351
"../../../Engine/Content/EngineMaterials/EnergyConservation/Diffuse_Energy.uasset" 352
"../../../Engine/Content/EngineMaterials/EnergyConservation/Diffuse_Energy.uexp" 353
"../../../Engine/Content/EditorResources/SequenceRecorder/RecordingIndicator.uasset" 354
"../../../Engine/Content/EditorResources/SequenceRecorder/RecordingIndicator.uexp" 355
"../../../Engine/Content/EditorResources/SequenceRecorder/Countdown.uasset" 356
"../../../Engine/Content/EditorResources/SequenceRecorder/Countdown.uexp" 357
"../../../Engine/Content/Functions/Engine_MaterialFunctions01/Shading/PowerToRoughness.uasset" 358
"../../../Engine/Content/Functions/Engine_MaterialFunctions01/Shading/PowerToRoughness.uexp" 359
"../../../Engine/Content/Functions/Engine_MaterialFunctions01/Shading/ConvertFromDiffSpec.uasset" 360
"../../../Engine/Content/Functions/Engine_MaterialFunctions01/Shading/ConvertFromDiffSpec.uexp" 361
"../../../Engine/Content/EngineMeshes/Sphere.ubulk" 362
"../../../Engine/Content/EngineMeshes/Sphere.uasset" 363
"../../../Engine/Content/EngineMeshes/Sphere.uexp" 364
"../../../Engine/Content/EngineResources/DefaultTextureCube.uasset" 365
"../../../Engine/Content/EngineResources/DefaultTextureCube.uexp" 366
"../../../Engine/Content/EngineResources/DefaultVolumeTexture2D.uasset" 367
"../../../Engine/Content/EngineResources/DefaultVolumeTexture2D.uexp" 368
"../../../Engine/Content/EngineResources/DefaultVolumeTexture.uasset" 369
"../../../Engine/Content/EngineResources/DefaultVolumeTexture.uexp" 370
"../../../Engine/Content/EngineMaterials/Substrate/GLints/AGlintTex2dArray.uasset" 371
"../../../Engine/Content/EngineMaterials/Substrate/GLints/AGlintTex2dArray.uexp" 372
"../../../Engine/Content/EngineMaterials/Substrate/Glints2/AGlintTex2dArray2.uasset" 373
"../../../Engine/Content/EngineMaterials/Substrate/Glints2/AGlintTex2dArray2.uexp" 374
"../../../Engine/Content/EngineMaterials/Substrate/Volume/SubstrateSimpleVolumeEnvLUT3D.uasset" 375
"../../../Engine/Content/EngineMaterials/Substrate/Volume/SubstrateSimpleVolumeEnvLUT3D.uexp" 376
"../../../Engine/Content/EngineMaterials/Substrate/Volume/SubstrateSimpleVolumeLUT3D.uasset" 377
"../../../Engine/Content/EngineMaterials/Substrate/Volume/SubstrateSimpleVolumeLUT3D.uexp" 378
"../../../Engine/Content/EngineMaterials/T_Default_Material_Grid_M.ubulk" 379
"../../../Engine/Content/EngineMaterials/T_Default_Material_Grid_M.uasset" 380
"../../../Engine/Content/EngineMaterials/T_Default_Material_Grid_M.uexp" 381
"../../../Engine/Content/Functions/Engine_MaterialFunctions01/Opacity/CameraDepthFade.uasset" 382
"../../../Engine/Content/Functions/Engine_MaterialFunctions01/Opacity/CameraDepthFade.uexp" 383
"../../../Engine/Content/EngineMaterials/T_Default_Material_Grid_N.ubulk" 384
"../../../Engine/Content/EngineMaterials/T_Default_Material_Grid_N.uasset" 385
"../../../Engine/Content/EngineMaterials/T_Default_Material_Grid_N.uexp" 386
"../../../Engine/Content/EngineMaterials/WorldGridMaterial.uasset" 387
"../../../Engine/Content/EngineMaterials/WorldGridMaterial.uexp" 388
"../../../Engine/Content/ArtTools/RenderToTexture/Meshes/S_1_Unit_Plane.ubulk" 389
"../../../Engine/Content/ArtTools/RenderToTexture/Meshes/S_1_Unit_Plane.uasset" 390
"../../../Engine/Content/ArtTools/RenderToTexture/Meshes/S_1_Unit_Plane.uexp" 391
"../../../Engine/Plugins/Interchange/Assets/Content/Utilities/New_LUT.uasset" 392
"../../../Engine/Plugins/Interchange/Assets/Content/Utilities/New_LUT.uexp" 393
"../../../Engine/Content/Functions/Engine_MaterialFunctions03/Math/RemapValueRange.uasset" 394
"../../../Engine/Content/Functions/Engine_MaterialFunctions03/Math/RemapValueRange.uexp" 395
"../../../Engine/Plugins/Interchange/Assets/Content/Functions/MF_Iridescence.uasset" 396
"../../../Engine/Plugins/Interchange/Assets/Content/Functions/MF_Iridescence.uexp" 397
"../../../Engine/Plugins/Interchange/Assets/Content/gltf/Textures/T_White_srgb.uasset" 398
"../../../Engine/Plugins/Interchange/Assets/Content/gltf/Textures/T_White_srgb.uexp" 399
"../../../Engine/Plugins/Interchange/Assets/Content/gltf/MaterialFunctions/MF_BaseColor.uasset" 400
"../../../Engine/Plugins/Interchange/Assets/Content/gltf/MaterialFunctions/MF_BaseColor.uexp" 401
"../../../Engine/Plugins/Interchange/Assets/Content/gltf/MaterialFunctions/MF_RotateV2.uasset" 402
"../../../Engine/Plugins/Interchange/Assets/Content/gltf/MaterialFunctions/MF_RotateV2.uexp" 403
"../../../Engine/Plugins/Interchange/Assets/Content/gltf/MaterialFunctions/MF_TransformUVs.uasset" 404
"../../../Engine/Plugins/Interchange/Assets/Content/gltf/MaterialFunctions/MF_TransformUVs.uexp" 405
"../../../Engine/Plugins/Interchange/Assets/Content/gltf/MaterialFunctions/MF_IOR.uasset" 406
"../../../Engine/Plugins/Interchange/Assets/Content/gltf/MaterialFunctions/MF_IOR.uexp" 407
"../../../Engine/Plugins/Interchange/Assets/Content/gltf/MaterialFunctions/MF_Iridescence.uasset" 408
"../../../Engine/Plugins/Interchange/Assets/Content/gltf/MaterialFunctions/MF_Iridescence.uexp" 409
"../../../Engine/Plugins/Interchange/Assets/Content/gltf/Textures/T_White_Linear.uasset" 410
"../../../Engine/Plugins/Interchange/Assets/Content/gltf/Textures/T_White_Linear.uexp" 411
"../../../Engine/Plugins/Interchange/Assets/Content/gltf/MaterialFunctions/MF_MetallicRoughness.uasset" 412
"../../../Engine/Plugins/Interchange/Assets/Content/gltf/MaterialFunctions/MF_MetallicRoughness.uexp" 413
"../../../Engine/Content/Functions/Engine_MaterialFunctions02/Math/Transform3x3Matrix.uasset" 414
"../../../Engine/Content/Functions/Engine_MaterialFunctions02/Math/Transform3x3Matrix.uexp" 415
"../../../Engine/Plugins/Interchange/Assets/Content/gltf/MaterialFunctions/MF_RotateNormals_TS.uasset" 416
"../../../Engine/Plugins/Interchange/Assets/Content/gltf/MaterialFunctions/MF_RotateNormals_TS.uexp" 417
"../../../Engine/Plugins/Interchange/Assets/Content/gltf/MaterialFunctions/MF_ScaleNormal.uasset" 418
"../../../Engine/Plugins/Interchange/Assets/Content/gltf/MaterialFunctions/MF_ScaleNormal.uexp" 419
"../../../Engine/Plugins/Interchange/Assets/Content/gltf/Textures/T_Generic_N.uasset" 420
"../../../Engine/Plugins/Interchange/Assets/Content/gltf/Textures/T_Generic_N.uexp" 421
"../../../Engine/Plugins/Interchange/Assets/Content/gltf/MaterialFunctions/MF_Normals.uasset" 422
"../../../Engine/Plugins/Interchange/Assets/Content/gltf/MaterialFunctions/MF_Normals.uexp" 423
"../../../Engine/Plugins/Interchange/Assets/Content/gltf/MaterialFunctions/MF_Occlusion.uasset" 424
"../../../Engine/Plugins/Interchange/Assets/Content/gltf/MaterialFunctions/MF_Occlusion.uexp" 425
"../../../Engine/Plugins/Interchange/Assets/Content/gltf/MaterialFunctions/MF_Specular.uasset" 426
"../../../Engine/Plugins/Interchange/Assets/Content/gltf/MaterialFunctions/MF_Specular.uexp" 427
"../../../Engine/Plugins/Interchange/Assets/Content/gltf/Textures/T_Anisotropy_Direction_Linear.uasset" 428
"../../../Engine/Plugins/Interchange/Assets/Content/gltf/Textures/T_Anisotropy_Direction_Linear.uexp" 429
"../../../Engine/Plugins/Interchange/Assets/Content/gltf/MaterialFunctions/MF_SpecularAnisotropy.uasset" 430
"../../../Engine/Plugins/Interchange/Assets/Content/gltf/MaterialFunctions/MF_SpecularAnisotropy.uexp" 431
"../../../Engine/Plugins/Interchange/Assets/Content/gltf/MaterialFunctions/MF_Emissive.uasset" 432
"../../../Engine/Plugins/Interchange/Assets/Content/gltf/MaterialFunctions/MF_Emissive.uexp" 433
"../../../Engine/Content/Functions/Engine_MaterialFunctions01/Texturing/FlattenNormal.uasset" 434
"../../../Engine/Content/Functions/Engine_MaterialFunctions01/Texturing/FlattenNormal.uexp" 435
"../../../Engine/Plugins/Interchange/Assets/Content/gltf/MaterialFunctions/MF_Clearcoat.uasset" 436
"../../../Engine/Plugins/Interchange/Assets/Content/gltf/MaterialFunctions/MF_Clearcoat.uexp" 437
"../../../Engine/Plugins/Interchange/Assets/Content/gltf/MaterialBodies/MF_ClearCoat_Body.uasset" 438
"../../../Engine/Plugins/Interchange/Assets/Content/gltf/MaterialBodies/MF_ClearCoat_Body.uexp" 439
"../../../Engine/Plugins/Interchange/Assets/Content/gltf/M_ClearCoat.uasset" 440
"../../../Engine/Plugins/Interchange/Assets/Content/gltf/M_ClearCoat.uexp" 441
"../../../Engine/Plugins/Interchange/Assets/Content/gltf/MaterialInstances/MI_ClearCoat_Blend.uasset" 442
"../../../Engine/Plugins/Interchange/Assets/Content/gltf/MaterialInstances/MI_ClearCoat_Blend.uexp" 443
"../../../Engine/Plugins/Interchange/Assets/Content/gltf/MaterialInstances/MI_ClearCoat_Blend_DS.uasset" 444
"../../../Engine/Plugins/Interchange/Assets/Content/gltf/MaterialInstances/MI_ClearCoat_Blend_DS.uexp" 445
"../../../Engine/Plugins/Interchange/Assets/Content/gltf/MaterialInstances/MI_ClearCoat_Mask.uasset" 446
"../../../Engine/Plugins/Interchange/Assets/Content/gltf/MaterialInstances/MI_ClearCoat_Mask.uexp" 447
"../../../Engine/Plugins/Interchange/Assets/Content/gltf/MaterialInstances/MI_ClearCoat_Mask_DS.uasset" 448
"../../../Engine/Plugins/Interchange/Assets/Content/gltf/MaterialInstances/MI_ClearCoat_Mask_DS.uexp" 449
"../../../Engine/Plugins/Interchange/Assets/Content/gltf/MaterialInstances/MI_ClearCoat_Opaque.uasset" 450
"../../../Engine/Plugins/Interchange/Assets/Content/gltf/MaterialInstances/MI_ClearCoat_Opaque.uexp" 451
"../../../Engine/Plugins/Interchange/Assets/Content/gltf/MaterialInstances/MI_ClearCoat_Opaque_DS.uasset" 452
"../../../Engine/Plugins/Interchange/Assets/Content/gltf/MaterialInstances/MI_ClearCoat_Opaque_DS.uexp" 453
"../../../Engine/Plugins/Interchange/Assets/Content/gltf/MaterialBodies/MF_Default_Body.uasset" 454
"../../../Engine/Plugins/Interchange/Assets/Content/gltf/MaterialBodies/MF_Default_Body.uexp" 455
"../../../Engine/Plugins/Interchange/Assets/Content/gltf/M_Default.uasset" 456
"../../../Engine/Plugins/Interchange/Assets/Content/gltf/M_Default.uexp" 457
"../../../Engine/Plugins/Interchange/Assets/Content/gltf/MaterialInstances/MI_Default_Blend.uasset" 458
"../../../Engine/Plugins/Interchange/Assets/Content/gltf/MaterialInstances/MI_Default_Blend.uexp" 459
"../../../Engine/Plugins/Interchange/Assets/Content/gltf/MaterialInstances/MI_Default_Blend_DS.uasset" 460
"../../../Engine/Plugins/Interchange/Assets/Content/gltf/MaterialInstances/MI_Default_Blend_DS.uexp" 461
"../../../Engine/Plugins/Interchange/Assets/Content/gltf/MaterialInstances/MI_Default_Mask.uasset" 462
"../../../Engine/Plugins/Interchange/Assets/Content/gltf/MaterialInstances/MI_Default_Mask.uexp" 463
"../../../Engine/Plugins/Interchange/Assets/Content/gltf/MaterialInstances/MI_Default_Mask_DS.uasset" 464
"../../../Engine/Plugins/Interchange/Assets/Content/gltf/MaterialInstances/MI_Default_Mask_DS.uexp" 465
"../../../Engine/Plugins/Interchange/Assets/Content/gltf/MaterialInstances/MI_Default_Opaque.uasset" 466
"../../../Engine/Plugins/Interchange/Assets/Content/gltf/MaterialInstances/MI_Default_Opaque.uexp" 467
"../../../Engine/Plugins/Interchange/Assets/Content/gltf/MaterialInstances/MI_Default_Opaque_DS.uasset" 468
"../../../Engine/Plugins/Interchange/Assets/Content/gltf/MaterialInstances/MI_Default_Opaque_DS.uexp" 469
"../../../Engine/Plugins/Interchange/Assets/Content/gltf/MaterialFunctions/MF_Sheen.uasset" 470
"../../../Engine/Plugins/Interchange/Assets/Content/gltf/MaterialFunctions/MF_Sheen.uexp" 471
"../../../Engine/Plugins/Interchange/Assets/Content/gltf/MaterialBodies/MF_Sheen_Body.uasset" 472
"../../../Engine/Plugins/Interchange/Assets/Content/gltf/MaterialBodies/MF_Sheen_Body.uexp" 473
"../../../Engine/Plugins/Interchange/Assets/Content/gltf/M_Sheen.uasset" 474
"../../../Engine/Plugins/Interchange/Assets/Content/gltf/M_Sheen.uexp" 475
"../../../Engine/Plugins/Interchange/Assets/Content/gltf/MaterialInstances/MI_Sheen_Blend.uasset" 476
"../../../Engine/Plugins/Interchange/Assets/Content/gltf/MaterialInstances/MI_Sheen_Blend.uexp" 477
"../../../Engine/Plugins/Interchange/Assets/Content/gltf/MaterialInstances/MI_Sheen_Blend_DS.uasset" 478
"../../../Engine/Plugins/Interchange/Assets/Content/gltf/MaterialInstances/MI_Sheen_Blend_DS.uexp" 479
"../../../Engine/Plugins/Interchange/Assets/Content/gltf/MaterialInstances/MI_Sheen_Mask.uasset" 480
"../../../Engine/Plugins/Interchange/Assets/Content/gltf/MaterialInstances/MI_Sheen_Mask.uexp" 481
"../../../Engine/Plugins/Interchange/Assets/Content/gltf/MaterialInstances/MI_Sheen_Mask_DS.uasset" 482
"../../../Engine/Plugins/Interchange/Assets/Content/gltf/MaterialInstances/MI_Sheen_Mask_DS.uexp" 483
"../../../Engine/Plugins/Interchange/Assets/Content/gltf/MaterialInstances/MI_Sheen_Opaque.uasset" 484
"../../../Engine/Plugins/Interchange/Assets/Content/gltf/MaterialInstances/MI_Sheen_Opaque.uexp" 485
"../../../Engine/Plugins/Interchange/Assets/Content/gltf/MaterialInstances/MI_Sheen_Opaque_DS.uasset" 486
"../../../Engine/Plugins/Interchange/Assets/Content/gltf/MaterialInstances/MI_Sheen_Opaque_DS.uexp" 487
"../../../Engine/Content/Functions/Engine_MaterialFunctions02/Math/AddComponents.uasset" 488
"../../../Engine/Content/Functions/Engine_MaterialFunctions02/Math/AddComponents.uexp" 489
"../../../Engine/Plugins/Interchange/Assets/Content/gltf/MaterialFunctions/MF_DiffuseSpecGloss.uasset" 490
"../../../Engine/Plugins/Interchange/Assets/Content/gltf/MaterialFunctions/MF_DiffuseSpecGloss.uexp" 491
"../../../Engine/Plugins/Interchange/Assets/Content/gltf/MaterialFunctions/MF_MaxComponentValue.uasset" 492
"../../../Engine/Plugins/Interchange/Assets/Content/gltf/MaterialFunctions/MF_MaxComponentValue.uexp" 493
"../../../Engine/Plugins/Interchange/Assets/Content/gltf/MaterialFunctions/MF_PerceivedBrightness.uasset" 494
"../../../Engine/Plugins/Interchange/Assets/Content/gltf/MaterialFunctions/MF_PerceivedBrightness.uexp" 495
"../../../Engine/Plugins/Interchange/Assets/Content/gltf/MaterialFunctions/MF_SpecGlossToMetalRoughness.uasset" 496
"../../../Engine/Plugins/Interchange/Assets/Content/gltf/MaterialFunctions/MF_SpecGlossToMetalRoughness.uexp" 497
"../../../Engine/Plugins/Interchange/Assets/Content/gltf/MaterialBodies/MF_SpecularGlossiness_Body.uasset" 498
"../../../Engine/Plugins/Interchange/Assets/Content/gltf/MaterialBodies/MF_SpecularGlossiness_Body.uexp" 499
"../../../Engine/Plugins/Interchange/Assets/Content/gltf/M_SpecularGlossiness.uasset" 500
"../../../Engine/Plugins/Interchange/Assets/Content/gltf/M_SpecularGlossiness.uexp" 501
"../../../Engine/Plugins/Interchange/Assets/Content/gltf/MaterialInstances/MI_SpecularGlossiness_Blend.uasset" 502
"../../../Engine/Plugins/Interchange/Assets/Content/gltf/MaterialInstances/MI_SpecularGlossiness_Blend.uexp" 503
"../../../Engine/Plugins/Interchange/Assets/Content/gltf/MaterialInstances/MI_SpecularGlossiness_Blend_DS.uasset" 504
"../../../Engine/Plugins/Interchange/Assets/Content/gltf/MaterialInstances/MI_SpecularGlossiness_Blend_DS.uexp" 505
"../../../Engine/Plugins/Interchange/Assets/Content/gltf/MaterialInstances/MI_SpecularGlossiness_Mask.uasset" 506
"../../../Engine/Plugins/Interchange/Assets/Content/gltf/MaterialInstances/MI_SpecularGlossiness_Mask.uexp" 507
"../../../Engine/Plugins/Interchange/Assets/Content/gltf/MaterialInstances/MI_SpecularGlossiness_Mask_DS.uasset" 508
"../../../Engine/Plugins/Interchange/Assets/Content/gltf/MaterialInstances/MI_SpecularGlossiness_Mask_DS.uexp" 509
"../../../Engine/Plugins/Interchange/Assets/Content/gltf/MaterialInstances/MI_SpecularGlossiness_Opaque.uasset" 510
"../../../Engine/Plugins/Interchange/Assets/Content/gltf/MaterialInstances/MI_SpecularGlossiness_Opaque.uexp" 511
"../../../Engine/Plugins/Interchange/Assets/Content/gltf/MaterialInstances/MI_SpecularGlossiness_Opaque_DS.uasset" 512
"../../../Engine/Plugins/Interchange/Assets/Content/gltf/MaterialInstances/MI_SpecularGlossiness_Opaque_DS.uexp" 513
"../../../Engine/Content/EngineMaterials/Good64x64TilingNoiseHighFreq.uasset" 514
"../../../Engine/Content/EngineMaterials/Good64x64TilingNoiseHighFreq.uexp" 515
"../../../Engine/Content/Functions/Engine_MaterialFunctions02/Texturing/ScreenAlignedPixelToPixelUVs.uasset" 516
"../../../Engine/Content/Functions/Engine_MaterialFunctions02/Texturing/ScreenAlignedPixelToPixelUVs.uexp" 517
"../../../Engine/Plugins/Interchange/Assets/Content/gltf/MaterialFunctions/MF_Fresnel_DS.uasset" 518
"../../../Engine/Plugins/Interchange/Assets/Content/gltf/MaterialFunctions/MF_Fresnel_DS.uexp" 519
"../../../Engine/Plugins/Interchange/Assets/Content/gltf/MaterialFunctions/MF_Temporal_Blur.uasset" 520
"../../../Engine/Plugins/Interchange/Assets/Content/gltf/MaterialFunctions/MF_Temporal_Blur.uexp" 521
"../../../Engine/Plugins/Interchange/Assets/Content/gltf/MaterialFunctions/MF_Transmission.uasset" 522
"../../../Engine/Plugins/Interchange/Assets/Content/gltf/MaterialFunctions/MF_Transmission.uexp" 523
"../../../Engine/Plugins/Interchange/Assets/Content/gltf/MaterialBodies/MF_Transmission_Body.uasset" 524
"../../../Engine/Plugins/Interchange/Assets/Content/gltf/MaterialBodies/MF_Transmission_Body.uexp" 525
"../../../Engine/Plugins/Interchange/Assets/Content/gltf/M_Transmission.uasset" 526
"../../../Engine/Plugins/Interchange/Assets/Content/gltf/M_Transmission.uexp" 527
"../../../Engine/Plugins/Interchange/Assets/Content/gltf/MaterialInstances/MI_Transmission.uasset" 528
"../../../Engine/Plugins/Interchange/Assets/Content/gltf/MaterialInstances/MI_Transmission.uexp" 529
"../../../Engine/Plugins/Interchange/Assets/Content/gltf/MaterialInstances/MI_Transmission_DS.uasset" 530
"../../../Engine/Plugins/Interchange/Assets/Content/gltf/MaterialInstances/MI_Transmission_DS.uexp" 531
"../../../Engine/Plugins/Interchange/Assets/Content/gltf/MaterialBodies/MF_Unlit_Body.uasset" 532
"../../../Engine/Plugins/Interchange/Assets/Content/gltf/MaterialBodies/MF_Unlit_Body.uexp" 533
"../../../Engine/Plugins/Interchange/Assets/Content/gltf/M_Unlit.uasset" 534
"../../../Engine/Plugins/Interchange/Assets/Content/gltf/M_Unlit.uexp" 535
"../../../Engine/Plugins/Interchange/Assets/Content/gltf/MaterialInstances/MI_Unlit_Blend.uasset" 536
"../../../Engine/Plugins/Interchange/Assets/Content/gltf/MaterialInstances/MI_Unlit_Blend.uexp" 537
"../../../Engine/Plugins/Interchange/Assets/Content/gltf/MaterialInstances/MI_Unlit_Blend_DS.uasset" 538
"../../../Engine/Plugins/Interchange/Assets/Content/gltf/MaterialInstances/MI_Unlit_Blend_DS.uexp" 539
"../../../Engine/Plugins/Interchange/Assets/Content/gltf/MaterialInstances/MI_Unlit_Mask.uasset" 540
"../../../Engine/Plugins/Interchange/Assets/Content/gltf/MaterialInstances/MI_Unlit_Mask.uexp" 541
"../../../Engine/Plugins/Interchange/Assets/Content/gltf/MaterialInstances/MI_Unlit_Mask_DS.uasset" 542
"../../../Engine/Plugins/Interchange/Assets/Content/gltf/MaterialInstances/MI_Unlit_Mask_DS.uexp" 543
"../../../Engine/Plugins/Interchange/Assets/Content/gltf/MaterialInstances/MI_Unlit_Opaque.uasset" 544
"../../../Engine/Plugins/Interchange/Assets/Content/gltf/MaterialInstances/MI_Unlit_Opaque.uexp" 545
"../../../Engine/Plugins/Interchange/Assets/Content/gltf/MaterialInstances/MI_Unlit_Opaque_DS.uasset" 546
"../../../Engine/Plugins/Interchange/Assets/Content/gltf/MaterialInstances/MI_Unlit_Opaque_DS.uexp" 547
"../../../Engine/Content/VREditor/TransformGizmo/TranslucentTransformGizmoMaterial.uasset" 548
"../../../Engine/Content/VREditor/TransformGizmo/TranslucentTransformGizmoMaterial.uexp" 549
"../../../Engine/Content/VREditor/LaserPointer/VR_LaserPower_01.ubulk" 550
"../../../Engine/Content/VREditor/LaserPointer/VR_LaserPower_01.uasset" 551
"../../../Engine/Content/VREditor/LaserPointer/VR_LaserPower_01.uexp" 552
"../../../Engine/Content/VREditor/TransformGizmo/TransformGizmoMaterial.uasset" 553
"../../../Engine/Content/VREditor/TransformGizmo/TransformGizmoMaterial.uexp" 554
"../../../Engine/Content/VREditor/TransformGizmo/BoundingBoxCorner.ubulk" 555
"../../../Engine/Content/VREditor/TransformGizmo/BoundingBoxCorner.uasset" 556
"../../../Engine/Content/VREditor/TransformGizmo/BoundingBoxCorner.uexp" 557
"../../../Engine/Content/VREditor/TransformGizmo/BoundingBoxEdge.ubulk" 558
"../../../Engine/Content/VREditor/TransformGizmo/BoundingBoxEdge.uasset" 559
"../../../Engine/Content/VREditor/TransformGizmo/BoundingBoxEdge.uexp" 560
"../../../Engine/Content/VREditor/TransformGizmo/Xray.uasset" 561
"../../../Engine/Content/VREditor/TransformGizmo/Xray.uexp" 562
"../../../Engine/Content/VREditor/TransformGizmo/Main.uasset" 563
"../../../Engine/Content/VREditor/TransformGizmo/Main.uexp" 564
"../../../Engine/Content/VREditor/TransformGizmo/SM_Sequencer_Node.ubulk" 565
"../../../Engine/Content/VREditor/TransformGizmo/SM_Sequencer_Node.uasset" 566
"../../../Engine/Content/VREditor/TransformGizmo/SM_Sequencer_Node.uexp" 567
"../../../Engine/Content/EditorMaterials/Camera/CineMat.uasset" 568
"../../../Engine/Content/EditorMaterials/Camera/CineMat.uexp" 569
"../../../Engine/Content/EditorMaterials/Camera/MI_CineMat_Rig.uasset" 570
"../../../Engine/Content/EditorMaterials/Camera/MI_CineMat_Rig.uexp" 571
"../../../Engine/Content/EditorMeshes/Camera/SM_CraneRig_Arm.ubulk" 572
"../../../Engine/Content/EditorMeshes/Camera/SM_CraneRig_Arm.uasset" 573
"../../../Engine/Content/EditorMeshes/Camera/SM_CraneRig_Arm.uexp" 574
"../../../Engine/Content/EditorMeshes/Camera/SM_CraneRig_Base.ubulk" 575
"../../../Engine/Content/EditorMeshes/Camera/SM_CraneRig_Base.uasset" 576
"../../../Engine/Content/EditorMeshes/Camera/SM_CraneRig_Base.uexp" 577
"../../../Engine/Content/EditorMeshes/Camera/SM_CraneRig_Body.ubulk" 578
"../../../Engine/Content/EditorMeshes/Camera/SM_CraneRig_Body.uasset" 579
"../../../Engine/Content/EditorMeshes/Camera/SM_CraneRig_Body.uexp" 580
"../../../Engine/Content/EditorMeshes/Camera/SM_CraneRig_Mount.ubulk" 581
"../../../Engine/Content/EditorMeshes/Camera/SM_CraneRig_Mount.uasset" 582
"../../../Engine/Content/EditorMeshes/Camera/SM_CraneRig_Mount.uexp" 583
"../../../Engine/Content/EditorMeshes/Camera/SM_RailRig_Mount.ubulk" 584
"../../../Engine/Content/EditorMeshes/Camera/SM_RailRig_Mount.uasset" 585
"../../../Engine/Content/EditorMeshes/Camera/SM_RailRig_Mount.uexp" 586
"../../../Engine/Content/EditorMeshes/Camera/SM_RailRig_Track.ubulk" 587
"../../../Engine/Content/EditorMeshes/Camera/SM_RailRig_Track.uasset" 588
"../../../Engine/Content/EditorMeshes/Camera/SM_RailRig_Track.uexp" 589
"../../../Engine/Content/EngineMaterials/WeightMapPlaceholderTexture.uasset" 590
"../../../Engine/Content/EngineMaterials/WeightMapPlaceholderTexture.uexp" 591
"../../../Engine/Content/EngineMaterials/WeightMapArrayPlaceholderTexture.uasset" 592
"../../../Engine/Content/EngineMaterials/WeightMapArrayPlaceholderTexture.uexp" 593
"../../../Engine/Content/EngineResources/WhiteSquareTexture.uasset" 594
"../../../Engine/Content/EngineResources/WhiteSquareTexture.uexp" 595
"../../../Engine/Content/EngineMaterials/Widget3DPassThrough.uasset" 596
"../../../Engine/Content/EngineMaterials/Widget3DPassThrough.uexp" 597
"../../../Engine/Content/EngineMaterials/Widget3DPassThrough_Masked.uasset" 598
"../../../Engine/Content/EngineMaterials/Widget3DPassThrough_Masked.uexp" 599
"../../../Engine/Content/EngineMaterials/Widget3DPassThrough_Opaque.uasset" 600
"../../../Engine/Content/EngineMaterials/Widget3DPassThrough_Opaque.uexp" 601
"../../../Engine/Content/EngineMaterials/Widget3DPassThrough_Masked_OneSided.uasset" 602
"../../../Engine/Content/EngineMaterials/Widget3DPassThrough_Masked_OneSided.uexp" 603
"../../../Engine/Content/EngineMaterials/Widget3DPassThrough_Opaque_OneSided.uasset" 604
"../../../Engine/Content/EngineMaterials/Widget3DPassThrough_Opaque_OneSided.uexp" 605
"../../../Engine/Content/EngineMaterials/Widget3DPassThrough_Translucent.uasset" 606
"../../../Engine/Content/EngineMaterials/Widget3DPassThrough_Translucent.uexp" 607
"../../../Engine/Content/EngineMaterials/Widget3DPassThrough_Translucent_OneSided.uasset" 608
"../../../Engine/Content/EngineMaterials/Widget3DPassThrough_Translucent_OneSided.uexp" 609
"../../../Engine/Content/EngineResources/LandscapeVisibilityLayerInfo.uasset" 610
"../../../Engine/Content/EngineResources/LandscapeVisibilityLayerInfo.uexp" 611
"../../../Engine/Plugins/Animation/ControlRig/Content/Controls/ControlRig_Arrow2_1mm.ubulk" 612
"../../../Engine/Plugins/Animation/ControlRig/Content/Controls/ControlRig_Arrow2_1mm.uasset" 613
"../../../Engine/Plugins/Animation/ControlRig/Content/Controls/ControlRig_Arrow2_1mm.uexp" 614
"../../../Engine/Plugins/Animation/ControlRig/Content/Controls/ControlRig_Arrow2_3mm.ubulk" 615
"../../../Engine/Plugins/Animation/ControlRig/Content/Controls/ControlRig_Arrow2_3mm.uasset" 616
"../../../Engine/Plugins/Animation/ControlRig/Content/Controls/ControlRig_Arrow2_3mm.uexp" 617
"../../../Engine/Plugins/Animation/ControlRig/Content/Controls/ControlRig_Arrow2_solid.ubulk" 618
"../../../Engine/Plugins/Animation/ControlRig/Content/Controls/ControlRig_Arrow2_solid.uasset" 619
"../../../Engine/Plugins/Animation/ControlRig/Content/Controls/ControlRig_Arrow2_solid.uexp" 620
"../../../Engine/Plugins/Animation/ControlRig/Content/Controls/ControlRig_Arrow4_1mm.ubulk" 621
"../../../Engine/Plugins/Animation/ControlRig/Content/Controls/ControlRig_Arrow4_1mm.uasset" 622
"../../../Engine/Plugins/Animation/ControlRig/Content/Controls/ControlRig_Arrow4_1mm.uexp" 623
"../../../Engine/Plugins/Animation/ControlRig/Content/Controls/ControlRig_Arrow4_3mm.ubulk" 624
"../../../Engine/Plugins/Animation/ControlRig/Content/Controls/ControlRig_Arrow4_3mm.uasset" 625
"../../../Engine/Plugins/Animation/ControlRig/Content/Controls/ControlRig_Arrow4_3mm.uexp" 626
"../../../Engine/Plugins/Animation/ControlRig/Content/Controls/ControlRig_Arrow4_solid.ubulk" 627
"../../../Engine/Plugins/Animation/ControlRig/Content/Controls/ControlRig_Arrow4_solid.uasset" 628
"../../../Engine/Plugins/Animation/ControlRig/Content/Controls/ControlRig_Arrow4_solid.uexp" 629
"../../../Engine/Plugins/Animation/ControlRig/Content/Controls/ControlRig_Arrow_1mm.ubulk" 630
"../../../Engine/Plugins/Animation/ControlRig/Content/Controls/ControlRig_Arrow_1mm.uasset" 631
"../../../Engine/Plugins/Animation/ControlRig/Content/Controls/ControlRig_Arrow_1mm.uexp" 632
"../../../Engine/Plugins/Animation/ControlRig/Content/Controls/ControlRig_Arrow_3mm.ubulk" 633
"../../../Engine/Plugins/Animation/ControlRig/Content/Controls/ControlRig_Arrow_3mm.uasset" 634
"../../../Engine/Plugins/Animation/ControlRig/Content/Controls/ControlRig_Arrow_3mm.uexp" 635
"../../../Engine/Plugins/Animation/ControlRig/Content/Controls/ControlRig_Arrow_solid.ubulk" 636
"../../../Engine/Plugins/Animation/ControlRig/Content/Controls/ControlRig_Arrow_solid.uasset" 637
"../../../Engine/Plugins/Animation/ControlRig/Content/Controls/ControlRig_Arrow_solid.uexp" 638
"../../../Engine/Plugins/Animation/ControlRig/Content/Controls/ControlRig_Box_1mm.ubulk" 639
"../../../Engine/Plugins/Animation/ControlRig/Content/Controls/ControlRig_Box_1mm.uasset" 640
"../../../Engine/Plugins/Animation/ControlRig/Content/Controls/ControlRig_Box_1mm.uexp" 641
"../../../Engine/Plugins/Animation/ControlRig/Content/Controls/ControlRig_Box_3mm.ubulk" 642
"../../../Engine/Plugins/Animation/ControlRig/Content/Controls/ControlRig_Box_3mm.uasset" 643
"../../../Engine/Plugins/Animation/ControlRig/Content/Controls/ControlRig_Box_3mm.uexp" 644
"../../../Engine/Plugins/Animation/ControlRig/Content/Controls/ControlRig_Box_solid.ubulk" 645
"../../../Engine/Plugins/Animation/ControlRig/Content/Controls/ControlRig_Box_solid.uasset" 646
"../../../Engine/Plugins/Animation/ControlRig/Content/Controls/ControlRig_Box_solid.uexp" 647
"../../../Engine/Plugins/Animation/ControlRig/Content/Controls/ControlRig_Circle_1mm.ubulk" 648
"../../../Engine/Plugins/Animation/ControlRig/Content/Controls/ControlRig_Circle_1mm.uasset" 649
"../../../Engine/Plugins/Animation/ControlRig/Content/Controls/ControlRig_Circle_1mm.uexp" 650
"../../../Engine/Plugins/Animation/ControlRig/Content/Controls/ControlRig_Circle_3mm.ubulk" 651
"../../../Engine/Plugins/Animation/ControlRig/Content/Controls/ControlRig_Circle_3mm.uasset" 652
"../../../Engine/Plugins/Animation/ControlRig/Content/Controls/ControlRig_Circle_3mm.uexp" 653
"../../../Engine/Plugins/Animation/ControlRig/Content/Controls/ControlRig_Circle_solid.ubulk" 654
"../../../Engine/Plugins/Animation/ControlRig/Content/Controls/ControlRig_Circle_solid.uasset" 655
"../../../Engine/Plugins/Animation/ControlRig/Content/Controls/ControlRig_Circle_solid.uexp" 656
"../../../Engine/Plugins/Animation/ControlRig/Content/Controls/ControlRig_Diamond_1mm.ubulk" 657
"../../../Engine/Plugins/Animation/ControlRig/Content/Controls/ControlRig_Diamond_1mm.uasset" 658
"../../../Engine/Plugins/Animation/ControlRig/Content/Controls/ControlRig_Diamond_1mm.uexp" 659
"../../../Engine/Plugins/Animation/ControlRig/Content/Controls/ControlRig_Diamond_3mm.ubulk" 660
"../../../Engine/Plugins/Animation/ControlRig/Content/Controls/ControlRig_Diamond_3mm.uasset" 661
"../../../Engine/Plugins/Animation/ControlRig/Content/Controls/ControlRig_Diamond_3mm.uexp" 662
"../../../Engine/Plugins/Animation/ControlRig/Content/Controls/ControlRig_Diamond_solid.ubulk" 663
"../../../Engine/Plugins/Animation/ControlRig/Content/Controls/ControlRig_Diamond_solid.uasset" 664
"../../../Engine/Plugins/Animation/ControlRig/Content/Controls/ControlRig_Diamond_solid.uexp" 665
"../../../Engine/Plugins/Animation/ControlRig/Content/Controls/ControlRig_HalfCircle_1mm.ubulk" 666
"../../../Engine/Plugins/Animation/ControlRig/Content/Controls/ControlRig_HalfCircle_1mm.uasset" 667
"../../../Engine/Plugins/Animation/ControlRig/Content/Controls/ControlRig_HalfCircle_1mm.uexp" 668
"../../../Engine/Plugins/Animation/ControlRig/Content/Controls/ControlRig_HalfCircle_3mm.ubulk" 669
"../../../Engine/Plugins/Animation/ControlRig/Content/Controls/ControlRig_HalfCircle_3mm.uasset" 670
"../../../Engine/Plugins/Animation/ControlRig/Content/Controls/ControlRig_HalfCircle_3mm.uexp" 671
"../../../Engine/Plugins/Animation/ControlRig/Content/Controls/ControlRig_HalfCircle_solid.ubulk" 672
"../../../Engine/Plugins/Animation/ControlRig/Content/Controls/ControlRig_HalfCircle_solid.uasset" 673
"../../../Engine/Plugins/Animation/ControlRig/Content/Controls/ControlRig_HalfCircle_solid.uexp" 674
"../../../Engine/Plugins/Animation/ControlRig/Content/Controls/ControlRig_Hexagon_1mm.ubulk" 675
"../../../Engine/Plugins/Animation/ControlRig/Content/Controls/ControlRig_Hexagon_1mm.uasset" 676
"../../../Engine/Plugins/Animation/ControlRig/Content/Controls/ControlRig_Hexagon_1mm.uexp" 677
"../../../Engine/Plugins/Animation/ControlRig/Content/Controls/ControlRig_Hexagon_3mm.ubulk" 678
"../../../Engine/Plugins/Animation/ControlRig/Content/Controls/ControlRig_Hexagon_3mm.uasset" 679
"../../../Engine/Plugins/Animation/ControlRig/Content/Controls/ControlRig_Hexagon_3mm.uexp" 680
"../../../Engine/Plugins/Animation/ControlRig/Content/Controls/ControlRig_Hexagon_solid.ubulk" 681
"../../../Engine/Plugins/Animation/ControlRig/Content/Controls/ControlRig_Hexagon_solid.uasset" 682
"../../../Engine/Plugins/Animation/ControlRig/Content/Controls/ControlRig_Hexagon_solid.uexp" 683
"../../../Engine/Plugins/Animation/ControlRig/Content/Controls/ControlRig_Octagon_1mm.ubulk" 684
"../../../Engine/Plugins/Animation/ControlRig/Content/Controls/ControlRig_Octagon_1mm.uasset" 685
"../../../Engine/Plugins/Animation/ControlRig/Content/Controls/ControlRig_Octagon_1mm.uexp" 686
"../../../Engine/Plugins/Animation/ControlRig/Content/Controls/ControlRig_Octagon_3mm.ubulk" 687
"../../../Engine/Plugins/Animation/ControlRig/Content/Controls/ControlRig_Octagon_3mm.uasset" 688
"../../../Engine/Plugins/Animation/ControlRig/Content/Controls/ControlRig_Octagon_3mm.uexp" 689
"../../../Engine/Plugins/Animation/ControlRig/Content/Controls/ControlRig_Octagon_solid.ubulk" 690
"../../../Engine/Plugins/Animation/ControlRig/Content/Controls/ControlRig_Octagon_solid.uasset" 691
"../../../Engine/Plugins/Animation/ControlRig/Content/Controls/ControlRig_Octagon_solid.uexp" 692
"../../../Engine/Plugins/Animation/ControlRig/Content/Controls/ControlRig_Pyramid_1mm.ubulk" 693
"../../../Engine/Plugins/Animation/ControlRig/Content/Controls/ControlRig_Pyramid_1mm.uasset" 694
"../../../Engine/Plugins/Animation/ControlRig/Content/Controls/ControlRig_Pyramid_1mm.uexp" 695
"../../../Engine/Plugins/Animation/ControlRig/Content/Controls/ControlRig_Pyramid_3mm.ubulk" 696
"../../../Engine/Plugins/Animation/ControlRig/Content/Controls/ControlRig_Pyramid_3mm.uasset" 697
"../../../Engine/Plugins/Animation/ControlRig/Content/Controls/ControlRig_Pyramid_3mm.uexp" 698
"../../../Engine/Plugins/Animation/ControlRig/Content/Controls/ControlRig_Pyramid_solid.ubulk" 699
"../../../Engine/Plugins/Animation/ControlRig/Content/Controls/ControlRig_Pyramid_solid.uasset" 700
"../../../Engine/Plugins/Animation/ControlRig/Content/Controls/ControlRig_Pyramid_solid.uexp" 701
"../../../Engine/Plugins/Animation/ControlRig/Content/Controls/ControlRig_QuarterCircle_1mm.ubulk" 702
"../../../Engine/Plugins/Animation/ControlRig/Content/Controls/ControlRig_QuarterCircle_1mm.uasset" 703
"../../../Engine/Plugins/Animation/ControlRig/Content/Controls/ControlRig_QuarterCircle_1mm.uexp" 704
"../../../Engine/Plugins/Animation/ControlRig/Content/Controls/ControlRig_QuarterCircle_3mm.ubulk" 705
"../../../Engine/Plugins/Animation/ControlRig/Content/Controls/ControlRig_QuarterCircle_3mm.uasset" 706
"../../../Engine/Plugins/Animation/ControlRig/Content/Controls/ControlRig_QuarterCircle_3mm.uexp" 707
"../../../Engine/Plugins/Animation/ControlRig/Content/Controls/ControlRig_QuarterCircle_solid.ubulk" 708
"../../../Engine/Plugins/Animation/ControlRig/Content/Controls/ControlRig_QuarterCircle_solid.uasset" 709
"../../../Engine/Plugins/Animation/ControlRig/Content/Controls/ControlRig_QuarterCircle_solid.uexp" 710
"../../../Engine/Plugins/Animation/ControlRig/Content/Controls/ControlRig_RoundedSquare_1mm.ubulk" 711
"../../../Engine/Plugins/Animation/ControlRig/Content/Controls/ControlRig_RoundedSquare_1mm.uasset" 712
"../../../Engine/Plugins/Animation/ControlRig/Content/Controls/ControlRig_RoundedSquare_1mm.uexp" 713
"../../../Engine/Plugins/Animation/ControlRig/Content/Controls/ControlRig_RoundedSquare_3mm.ubulk" 714
"../../../Engine/Plugins/Animation/ControlRig/Content/Controls/ControlRig_RoundedSquare_3mm.uasset" 715
"../../../Engine/Plugins/Animation/ControlRig/Content/Controls/ControlRig_RoundedSquare_3mm.uexp" 716
"../../../Engine/Plugins/Animation/ControlRig/Content/Controls/ControlRig_RoundedSquare_solid.ubulk" 717
"../../../Engine/Plugins/Animation/ControlRig/Content/Controls/ControlRig_RoundedSquare_solid.uasset" 718
"../../../Engine/Plugins/Animation/ControlRig/Content/Controls/ControlRig_RoundedSquare_solid.uexp" 719
"../../../Engine/Plugins/Animation/ControlRig/Content/Controls/ControlRig_RoundedTriangle_1mm.ubulk" 720
"../../../Engine/Plugins/Animation/ControlRig/Content/Controls/ControlRig_RoundedTriangle_1mm.uasset" 721
"../../../Engine/Plugins/Animation/ControlRig/Content/Controls/ControlRig_RoundedTriangle_1mm.uexp" 722
"../../../Engine/Plugins/Animation/ControlRig/Content/Controls/ControlRig_RoundedTriangle_3mm.ubulk" 723
"../../../Engine/Plugins/Animation/ControlRig/Content/Controls/ControlRig_RoundedTriangle_3mm.uasset" 724
"../../../Engine/Plugins/Animation/ControlRig/Content/Controls/ControlRig_RoundedTriangle_3mm.uexp" 725
"../../../Engine/Plugins/Animation/ControlRig/Content/Controls/ControlRig_RoundedTriangle_solid.ubulk" 726
"../../../Engine/Plugins/Animation/ControlRig/Content/Controls/ControlRig_RoundedTriangle_solid.uasset" 727
"../../../Engine/Plugins/Animation/ControlRig/Content/Controls/ControlRig_RoundedTriangle_solid.uexp" 728
"../../../Engine/Plugins/Animation/ControlRig/Content/Controls/ControlRig_Sphere_1mm.ubulk" 729
"../../../Engine/Plugins/Animation/ControlRig/Content/Controls/ControlRig_Sphere_1mm.uasset" 730
"../../../Engine/Plugins/Animation/ControlRig/Content/Controls/ControlRig_Sphere_1mm.uexp" 731
"../../../Engine/Plugins/Animation/ControlRig/Content/Controls/ControlRig_Sphere_3mm.ubulk" 732
"../../../Engine/Plugins/Animation/ControlRig/Content/Controls/ControlRig_Sphere_3mm.uasset" 733
"../../../Engine/Plugins/Animation/ControlRig/Content/Controls/ControlRig_Sphere_3mm.uexp" 734
"../../../Engine/Plugins/Animation/ControlRig/Content/Controls/ControlRig_Sphere_solid.ubulk" 735
"../../../Engine/Plugins/Animation/ControlRig/Content/Controls/ControlRig_Sphere_solid.uasset" 736
"../../../Engine/Plugins/Animation/ControlRig/Content/Controls/ControlRig_Sphere_solid.uexp" 737
"../../../Engine/Plugins/Animation/ControlRig/Content/Controls/ControlRig_Square_1mm.ubulk" 738
"../../../Engine/Plugins/Animation/ControlRig/Content/Controls/ControlRig_Square_1mm.uasset" 739
"../../../Engine/Plugins/Animation/ControlRig/Content/Controls/ControlRig_Square_1mm.uexp" 740
"../../../Engine/Plugins/Animation/ControlRig/Content/Controls/ControlRig_Square_3mm.ubulk" 741
"../../../Engine/Plugins/Animation/ControlRig/Content/Controls/ControlRig_Square_3mm.uasset" 742
"../../../Engine/Plugins/Animation/ControlRig/Content/Controls/ControlRig_Square_3mm.uexp" 743
"../../../Engine/Plugins/Animation/ControlRig/Content/Controls/ControlRig_Square_solid.ubulk" 744
"../../../Engine/Plugins/Animation/ControlRig/Content/Controls/ControlRig_Square_solid.uasset" 745
"../../../Engine/Plugins/Animation/ControlRig/Content/Controls/ControlRig_Square_solid.uexp" 746
"../../../Engine/Plugins/Animation/ControlRig/Content/Controls/ControlRig_Star4_1mm.ubulk" 747
"../../../Engine/Plugins/Animation/ControlRig/Content/Controls/ControlRig_Star4_1mm.uasset" 748
"../../../Engine/Plugins/Animation/ControlRig/Content/Controls/ControlRig_Star4_1mm.uexp" 749
"../../../Engine/Plugins/Animation/ControlRig/Content/Controls/ControlRig_Star4_3mm.ubulk" 750
"../../../Engine/Plugins/Animation/ControlRig/Content/Controls/ControlRig_Star4_3mm.uasset" 751
"../../../Engine/Plugins/Animation/ControlRig/Content/Controls/ControlRig_Star4_3mm.uexp" 752
"../../../Engine/Plugins/Animation/ControlRig/Content/Controls/ControlRig_Star4_solid.ubulk" 753
"../../../Engine/Plugins/Animation/ControlRig/Content/Controls/ControlRig_Star4_solid.uasset" 754
"../../../Engine/Plugins/Animation/ControlRig/Content/Controls/ControlRig_Star4_solid.uexp" 755
"../../../Engine/Plugins/Animation/ControlRig/Content/Controls/ControlRig_Triangle_1mm.ubulk" 756
"../../../Engine/Plugins/Animation/ControlRig/Content/Controls/ControlRig_Triangle_1mm.uasset" 757
"../../../Engine/Plugins/Animation/ControlRig/Content/Controls/ControlRig_Triangle_1mm.uexp" 758
"../../../Engine/Plugins/Animation/ControlRig/Content/Controls/ControlRig_Triangle_3mm.ubulk" 759
"../../../Engine/Plugins/Animation/ControlRig/Content/Controls/ControlRig_Triangle_3mm.uasset" 760
"../../../Engine/Plugins/Animation/ControlRig/Content/Controls/ControlRig_Triangle_3mm.uexp" 761
"../../../Engine/Plugins/Animation/ControlRig/Content/Controls/ControlRig_Triangle_solid.ubulk" 762
"../../../Engine/Plugins/Animation/ControlRig/Content/Controls/ControlRig_Triangle_solid.uasset" 763
"../../../Engine/Plugins/Animation/ControlRig/Content/Controls/ControlRig_Triangle_solid.uexp" 764
"../../../Engine/Plugins/Animation/ControlRig/Content/Controls/ControlRig_Wedge_1mm.ubulk" 765
"../../../Engine/Plugins/Animation/ControlRig/Content/Controls/ControlRig_Wedge_1mm.uasset" 766
"../../../Engine/Plugins/Animation/ControlRig/Content/Controls/ControlRig_Wedge_1mm.uexp" 767
"../../../Engine/Plugins/Animation/ControlRig/Content/Controls/ControlRig_Wedge_3mm.ubulk" 768
"../../../Engine/Plugins/Animation/ControlRig/Content/Controls/ControlRig_Wedge_3mm.uasset" 769
"../../../Engine/Plugins/Animation/ControlRig/Content/Controls/ControlRig_Wedge_3mm.uexp" 770
"../../../Engine/Plugins/Animation/ControlRig/Content/Controls/ControlRig_Wedge_solid.ubulk" 771
"../../../Engine/Plugins/Animation/ControlRig/Content/Controls/ControlRig_Wedge_solid.uasset" 772
"../../../Engine/Plugins/Animation/ControlRig/Content/Controls/ControlRig_Wedge_solid.uexp" 773
"../../../Engine/Content/EngineMaterials/DefaultMaterial.uasset" 774
"../../../Engine/Content/EngineMaterials/DefaultMaterial.uexp" 775
"../../../Engine/Content/BasicShapes/Cone.ubulk" 776
"../../../Engine/Content/BasicShapes/Cone.uasset" 777
"../../../Engine/Content/BasicShapes/Cone.uexp" 778
"../../../Engine/Content/BasicShapes/Cube.ubulk" 779
"../../../Engine/Content/BasicShapes/Cube.uasset" 780
"../../../Engine/Content/BasicShapes/Cube.uexp" 781
"../../../Engine/Content/BasicShapes/Cylinder.ubulk" 782
"../../../Engine/Content/BasicShapes/Cylinder.uasset" 783
"../../../Engine/Content/BasicShapes/Cylinder.uexp" 784
"../../../Engine/Content/BasicShapes/Plane.ubulk" 785
"../../../Engine/Content/BasicShapes/Plane.uasset" 786
"../../../Engine/Content/BasicShapes/Plane.uexp" 787
"../../../Engine/Content/BasicShapes/Sphere.ubulk" 788
"../../../Engine/Content/BasicShapes/Sphere.uasset" 789
"../../../Engine/Content/BasicShapes/Sphere.uexp" 790
"../../../Engine/Content/EditorLandscapeResources/ColorMaskBrushMaterial.uasset" 791
"../../../Engine/Content/EditorLandscapeResources/ColorMaskBrushMaterial.uexp" 792
"../../../Engine/Content/EditorLandscapeResources/ColorMaskBrushMaterial_MaskedRegion.uasset" 793
"../../../Engine/Content/EditorLandscapeResources/ColorMaskBrushMaterial_MaskedRegion.uexp" 794
"../../../Engine/Content/Functions/Engine_MaterialFunctions03/Math/WithinRangeFloat2.uasset" 795
"../../../Engine/Content/Functions/Engine_MaterialFunctions03/Math/WithinRangeFloat2.uexp" 796
"../../../Engine/Content/EditorLandscapeResources/MaskBrushMaterial.uasset" 797
"../../../Engine/Content/EditorLandscapeResources/MaskBrushMaterial.uexp" 798
"../../../Engine/Content/EditorLandscapeResources/MaskBrushMaterial_MaskedRegion.uasset" 799
"../../../Engine/Content/EditorLandscapeResources/MaskBrushMaterial_MaskedRegion.uexp" 800
"../../../Engine/Content/EditorLandscapeResources/SelectBrushMaterial.uasset" 801
"../../../Engine/Content/EditorLandscapeResources/SelectBrushMaterial.uexp" 802
"../../../Engine/Content/EditorLandscapeResources/SelectBrushMaterial_Selected.uasset" 803
"../../../Engine/Content/EditorLandscapeResources/SelectBrushMaterial_Selected.uexp" 804
"../../../Engine/Content/EditorLandscapeResources/SelectBrushMaterial_SelectedRegion.uasset" 805
"../../../Engine/Content/EditorLandscapeResources/SelectBrushMaterial_SelectedRegion.uexp" 806
"../../../Engine/Content/EditorLandscapeResources/SplineEditorMeshMat.uasset" 807
"../../../Engine/Content/EditorLandscapeResources/SplineEditorMeshMat.uexp" 808
"../../../Engine/Content/EditorLandscapeResources/SplineEditorMesh.ubulk" 809
"../../../Engine/Content/EditorLandscapeResources/SplineEditorMesh.uasset" 810
"../../../Engine/Content/EditorLandscapeResources/SplineEditorMesh.uexp" 811
"../../../Engine/Plugins/Media/MediaPlate/Content/SM_MediaPlateScreen.ubulk" 812
"../../../Engine/Plugins/Media/MediaPlate/Content/SM_MediaPlateScreen.uasset" 813
"../../../Engine/Plugins/Media/MediaPlate/Content/SM_MediaPlateScreen.uexp" 814
"../../../Engine/Plugins/2D/Paper2D/Content/DefaultSpriteMaterial.uasset" 815
"../../../Engine/Plugins/2D/Paper2D/Content/DefaultSpriteMaterial.uexp" 816
"../../../Engine/Plugins/2D/Paper2D/Content/MaskedUnlitSpriteMaterial.uasset" 817
"../../../Engine/Plugins/2D/Paper2D/Content/MaskedUnlitSpriteMaterial.uexp" 818
"../../../Engine/Plugins/2D/Paper2D/Content/OpaqueUnlitSpriteMaterial.uasset" 819
"../../../Engine/Plugins/2D/Paper2D/Content/OpaqueUnlitSpriteMaterial.uexp" 820
"../../../Engine/Content/VREditor/TransformGizmo/TranslucentTransformGizmoMaterial_Inst.uasset" 821
"../../../Engine/Content/VREditor/TransformGizmo/TranslucentTransformGizmoMaterial_Inst.uexp" 822
"../../../Engine/Content/VREditor/Sounds/UI/Drop_Item_From_ContentBrowser.ubulk" 823
"../../../Engine/Content/VREditor/Sounds/UI/Drop_Item_From_ContentBrowser.uasset" 824
"../../../Engine/Content/VREditor/Sounds/UI/Drop_Item_From_ContentBrowser.uexp" 825
"../../../Engine/Content/VREditor/TransformGizmo/TransformGizmoMaterial_Inst.uasset" 826
"../../../Engine/Content/VREditor/TransformGizmo/TransformGizmoMaterial_Inst.uexp" 827
"../../../Engine/Content/VREditor/TransformGizmo/UniformScaleHandle.ubulk" 828
"../../../Engine/Content/VREditor/TransformGizmo/UniformScaleHandle.uasset" 829
"../../../Engine/Content/VREditor/TransformGizmo/UniformScaleHandle.uexp" 830
"../../../Engine/Content/Functions/Engine_MaterialFunctions02/SplitComponents.uasset" 831
"../../../Engine/Content/Functions/Engine_MaterialFunctions02/SplitComponents.uexp" 832
"../../../Engine/Content/VREditor/SnapGrid/SnapGridMaterial.uasset" 833
"../../../Engine/Content/VREditor/SnapGrid/SnapGridMaterial.uexp" 834
"../../../Engine/Content/VREditor/SnapGrid/SnapGridPlaneMesh.ubulk" 835
"../../../Engine/Content/VREditor/SnapGrid/SnapGridPlaneMesh.uasset" 836
"../../../Engine/Content/VREditor/SnapGrid/SnapGridPlaneMesh.uexp" 837
"../../../Engine/Content/VREditor/Sounds/UI/Gizmo_Handle_Clicked.ubulk" 838
"../../../Engine/Content/VREditor/Sounds/UI/Gizmo_Handle_Clicked.uasset" 839
"../../../Engine/Content/VREditor/Sounds/UI/Gizmo_Handle_Clicked.uexp" 840
"../../../Engine/Content/VREditor/Sounds/UI/Object_PickUp.ubulk" 841
"../../../Engine/Content/VREditor/Sounds/UI/Object_PickUp.uasset" 842
"../../../Engine/Content/VREditor/Sounds/UI/Object_PickUp.uexp" 843
"../../../Engine/Content/VREditor/Sounds/UI/Object_Snaps_To_Another_Actor.ubulk" 844
"../../../Engine/Content/VREditor/Sounds/UI/Object_Snaps_To_Another_Actor.uasset" 845
"../../../Engine/Content/VREditor/Sounds/UI/Object_Snaps_To_Another_Actor.uexp" 846
"../../../Engine/Content/VREditor/Sounds/UI/Object_Snaps_To_Grid.ubulk" 847
"../../../Engine/Content/VREditor/Sounds/UI/Object_Snaps_To_Grid.uasset" 848
"../../../Engine/Content/VREditor/Sounds/UI/Object_Snaps_To_Grid.uexp" 849
"../../../Engine/Content/VREditor/Sounds/UI/Scaling_Down.ubulk" 850
"../../../Engine/Content/VREditor/Sounds/UI/Scaling_Down.uasset" 851
"../../../Engine/Content/VREditor/Sounds/UI/Scaling_Down.uexp" 852
"../../../Engine/Content/VREditor/Sounds/UI/Scaling_Up.ubulk" 853
"../../../Engine/Content/VREditor/Sounds/UI/Scaling_Up.uasset" 854
"../../../Engine/Content/VREditor/Sounds/UI/Scaling_Up.uexp" 855
"../../../Engine/Content/VREditor/Sounds/UI/Selection_Changes.ubulk" 856
"../../../Engine/Content/VREditor/Sounds/UI/Selection_Changes.uasset" 857
"../../../Engine/Content/VREditor/Sounds/UI/Selection_Changes.uexp" 858
"../../../Engine/Content/VREditor/TransformGizmo/PlaneTranslationHandle.ubulk" 859
"../../../Engine/Content/VREditor/TransformGizmo/PlaneTranslationHandle.uasset" 860
"../../../Engine/Content/VREditor/TransformGizmo/PlaneTranslationHandle.uexp" 861
"../../../Engine/Content/VREditor/TransformGizmo/RotationHandleFull.ubulk" 862
"../../../Engine/Content/VREditor/TransformGizmo/RotationHandleFull.uasset" 863
"../../../Engine/Content/VREditor/TransformGizmo/RotationHandleFull.uexp" 864
"../../../Engine/Content/VREditor/TransformGizmo/RotationHandleIndicator.ubulk" 865
"../../../Engine/Content/VREditor/TransformGizmo/RotationHandleIndicator.uasset" 866
"../../../Engine/Content/VREditor/TransformGizmo/RotationHandleIndicator.uexp" 867
"../../../Engine/Content/VREditor/TransformGizmo/RotationHandleQuarter.ubulk" 868
"../../../Engine/Content/VREditor/TransformGizmo/RotationHandleQuarter.uasset" 869
"../../../Engine/Content/VREditor/TransformGizmo/RotationHandleQuarter.uexp" 870
"../../../Engine/Content/VREditor/TransformGizmo/StartRotationHandleIndicator.ubulk" 871
"../../../Engine/Content/VREditor/TransformGizmo/StartRotationHandleIndicator.uasset" 872
"../../../Engine/Content/VREditor/TransformGizmo/StartRotationHandleIndicator.uexp" 873
"../../../Engine/Content/VREditor/TransformGizmo/TransformGizmoFreeRotation.ubulk" 874
"../../../Engine/Content/VREditor/TransformGizmo/TransformGizmoFreeRotation.uasset" 875
"../../../Engine/Content/VREditor/TransformGizmo/TransformGizmoFreeRotation.uexp" 876
"../../../Engine/Content/VREditor/TransformGizmo/TranslateArrowHandle.ubulk" 877
"../../../Engine/Content/VREditor/TransformGizmo/TranslateArrowHandle.uasset" 878
"../../../Engine/Content/VREditor/TransformGizmo/TranslateArrowHandle.uexp" 879
"../../../Engine/Plugins/Animation/DeformerGraph/Content/DeformerFunctions/DG_Function_LinearBlendSkin_Morph_Cloth.uasset" 880
"../../../Engine/Plugins/Animation/DeformerGraph/Content/DeformerFunctions/DG_Function_LinearBlendSkin_Morph_Cloth.uexp" 881
"../../../Engine/Plugins/Animation/DeformerGraph/Content/Deformers/DG_LinearBlendSkin_Morph_Cloth.uasset" 882
"../../../Engine/Plugins/Animation/DeformerGraph/Content/Deformers/DG_LinearBlendSkin_Morph_Cloth.uexp" 883
"../../../Engine/Plugins/Animation/DeformerGraph/Content/DeformerFunctions/DG_Function_LinearBlendSkin_Morph_Cloth_PositionOnly.uasset" 884
"../../../Engine/Plugins/Animation/DeformerGraph/Content/DeformerFunctions/DG_Function_LinearBlendSkin_Morph_Cloth_PositionOnly.uexp" 885
"../../../Engine/Plugins/Animation/DeformerGraph/Content/DeformerFunctions/DG_Function_ComputeNormalsTangents.uasset" 886
"../../../Engine/Plugins/Animation/DeformerGraph/Content/DeformerFunctions/DG_Function_ComputeNormalsTangents.uexp" 887
"../../../Engine/Plugins/Animation/DeformerGraph/Content/Deformers/DG_LinearBlendSkin_Morph_Cloth_RecomputeNormals.uasset" 888
"../../../Engine/Plugins/Animation/DeformerGraph/Content/Deformers/DG_LinearBlendSkin_Morph_Cloth_RecomputeNormals.uexp" 889
"../../../Engine/Content/Maps/Entry_BuiltData.uasset" 890
"../../../Engine/Content/Maps/Entry_BuiltData.uexp" 891
"../../../Engine/Content/Maps/Entry.uexp" 892
"../../../Engine/Content/Maps/Entry.umap" 893
"E:/Unreal Projects New/LostSpark/Content/Saves/SaveLastPlayedLevel.uasset" 894
"E:/Unreal Projects New/LostSpark/Content/Saves/SaveLastPlayedLevel.uexp" 895
"E:/Unreal Projects New/LostSpark/Content/Blueprints/Interface/BI_GetData.uasset" 896
"E:/Unreal Projects New/LostSpark/Content/Blueprints/Interface/BI_GetData.uexp" 897
"E:/Unreal Projects New/LostSpark/Content/Blueprints/GameMode/MainMenu.uasset" 898
"E:/Unreal Projects New/LostSpark/Content/Blueprints/GameMode/MainMenu.uexp" 899
"../../../Engine/Content/Functions/Engine_MaterialFunctions01/Density/ExponentialDensity.uasset" 900
"../../../Engine/Content/Functions/Engine_MaterialFunctions01/Density/ExponentialDensity.uexp" 901
"../../../Engine/Content/Functions/Engine_MaterialFunctions01/Gradient/RadialGradientExponential.uasset" 902
"../../../Engine/Content/Functions/Engine_MaterialFunctions01/Gradient/RadialGradientExponential.uexp" 903
"E:/Unreal Projects New/LostSpark/Content/Assets/Basic_VFX/Texture/T_energy_nose.uasset" 904
"E:/Unreal Projects New/LostSpark/Content/Assets/Basic_VFX/Texture/T_energy_nose.uexp" 905
"E:/Unreal Projects New/LostSpark/Content/Assets/Basic_VFX/Materials/M_energy.uasset" 906
"E:/Unreal Projects New/LostSpark/Content/Assets/Basic_VFX/Materials/M_energy.uexp" 907
"E:/Unreal Projects New/LostSpark/Content/Blueprints/Materials/M_SparkMat.uasset" 908
"E:/Unreal Projects New/LostSpark/Content/Blueprints/Materials/M_SparkMat.uexp" 909
"E:/Unreal Projects New/LostSpark/Content/Blueprints/Materials/M_SparkMat_Inst.uasset" 910
"E:/Unreal Projects New/LostSpark/Content/Blueprints/Materials/M_SparkMat_Inst.uexp" 911
"E:/Unreal Projects New/LostSpark/Content/Blueprints/Materials/M_SparkiesMat_Inst.uasset" 912
"E:/Unreal Projects New/LostSpark/Content/Blueprints/Materials/M_SparkiesMat_Inst.uexp" 913
"E:/Unreal Projects New/LostSpark/Content/Blueprints/VFX/NS_Sparky.uasset" 914
"E:/Unreal Projects New/LostSpark/Content/Blueprints/VFX/NS_Sparky.uexp" 915
"E:/Unreal Projects New/LostSpark/Content/Blueprints/VFX/NS_MainMenuTitleParticles.uasset" 916
"E:/Unreal Projects New/LostSpark/Content/Blueprints/VFX/NS_MainMenuTitleParticles.uexp" 917
"E:/Unreal Projects New/LostSpark/Content/Blueprints/Materials/M_EnemySpark.uasset" 918
"E:/Unreal Projects New/LostSpark/Content/Blueprints/Materials/M_EnemySpark.uexp" 919
"E:/Unreal Projects New/LostSpark/Content/Blueprints/Materials/MI_EnemySpark_Inst.uasset" 920
"E:/Unreal Projects New/LostSpark/Content/Blueprints/Materials/MI_EnemySpark_Inst.uexp" 921
"E:/Unreal Projects New/LostSpark/Content/Blueprints/VFX/NS_Enemy.uasset" 922
"E:/Unreal Projects New/LostSpark/Content/Blueprints/VFX/NS_Enemy.uexp" 923
"E:/Unreal Projects New/LostSpark/Content/Blueprints/MainMenu/BP_MainMenuScene.uasset" 924
"E:/Unreal Projects New/LostSpark/Content/Blueprints/MainMenu/BP_MainMenuScene.uexp" 925
"E:/Unreal Projects New/LostSpark/Content/Assets/Images/Quit_Game_Button.uasset" 926
"E:/Unreal Projects New/LostSpark/Content/Assets/Images/Quit_Game_Button.uexp" 927
"E:/Unreal Projects New/LostSpark/Content/Assets/Images/Quit_Game_Pressed.uasset" 928
"E:/Unreal Projects New/LostSpark/Content/Assets/Images/Quit_Game_Pressed.uexp" 929
"E:/Unreal Projects New/LostSpark/Content/Assets/Images/SparksTitle.uasset" 930
"E:/Unreal Projects New/LostSpark/Content/Assets/Images/SparksTitle.uexp" 931
"E:/Unreal Projects New/LostSpark/Content/Assets/Images/Play_Game_Pressed.uasset" 932
"E:/Unreal Projects New/LostSpark/Content/Assets/Images/Play_Game_Pressed.uexp" 933
"E:/Unreal Projects New/LostSpark/Content/Assets/Images/Play_Game_Button.uasset" 934
"E:/Unreal Projects New/LostSpark/Content/Assets/Images/Play_Game_Button.uexp" 935
"E:/Unreal Projects New/LostSpark/Content/Assets/Images/Reset_Spark_Button.uasset" 936
"E:/Unreal Projects New/LostSpark/Content/Assets/Images/Reset_Spark_Button.uexp" 937
"E:/Unreal Projects New/LostSpark/Content/Assets/Images/Reset_Spark_Button_Pressed.uasset" 938
"E:/Unreal Projects New/LostSpark/Content/Assets/Images/Reset_Spark_Button_Pressed.uexp" 939
"E:/Unreal Projects New/LostSpark/Content/Blueprints/UMG/WB_MainMenu.uasset" 940
"E:/Unreal Projects New/LostSpark/Content/Blueprints/UMG/WB_MainMenu.uexp" 941
"E:/Unreal Projects New/LostSpark/Content/Maps/MainMenu.uexp" 942
"E:/Unreal Projects New/LostSpark/Content/Maps/MainMenu.umap" 943
"E:/Unreal Projects New/LostSpark/Content/Saves/SaveScore.uasset" 944
"E:/Unreal Projects New/LostSpark/Content/Saves/SaveScore.uexp" 945
"E:/Unreal Projects New/LostSpark/Content/Variant_SideScroller/Blueprints/BPI_SideScrolling.uasset" 946
"E:/Unreal Projects New/LostSpark/Content/Variant_SideScroller/Blueprints/BPI_SideScrolling.uexp" 947
"E:/Unreal Projects New/LostSpark/Content/Blueprints/VFX/NS_Pickups.uasset" 948
"E:/Unreal Projects New/LostSpark/Content/Blueprints/VFX/NS_Pickups.uexp" 949
"E:/Unreal Projects New/LostSpark/Content/Assets/Interface_And_Item_Sounds/WAV/Special_Powerup_02.ubulk" 950
"E:/Unreal Projects New/LostSpark/Content/Assets/Interface_And_Item_Sounds/WAV/Special_Powerup_02.uasset" 951
"E:/Unreal Projects New/LostSpark/Content/Assets/Interface_And_Item_Sounds/WAV/Special_Powerup_02.uexp" 952
"E:/Unreal Projects New/LostSpark/Content/Assets/Interface_And_Item_Sounds/Cues/Special_Powerup_02_Cue.uasset" 953
"E:/Unreal Projects New/LostSpark/Content/Assets/Interface_And_Item_Sounds/Cues/Special_Powerup_02_Cue.uexp" 954
"E:/Unreal Projects New/LostSpark/Content/Blueprints/Interface/BI_PlayerProgress.uasset" 955
"E:/Unreal Projects New/LostSpark/Content/Blueprints/Interface/BI_PlayerProgress.uexp" 956
"E:/Unreal Projects New/LostSpark/Content/Blueprints/Pickups/BP_PickUp.uasset" 957
"E:/Unreal Projects New/LostSpark/Content/Blueprints/Pickups/BP_PickUp.uexp" 958
"E:/Unreal Projects New/LostSpark/Content/Blueprints/Interface/BI_StopDamage.uasset" 959
"E:/Unreal Projects New/LostSpark/Content/Blueprints/Interface/BI_StopDamage.uexp" 960
"E:/Unreal Projects New/LostSpark/Content/Blueprints/Interface/BI_StopAllMovement.uasset" 961
"E:/Unreal Projects New/LostSpark/Content/Blueprints/Interface/BI_StopAllMovement.uexp" 962
"E:/Unreal Projects New/LostSpark/Content/Assets/Audio/SCC_PlayerDamage.uasset" 963
"E:/Unreal Projects New/LostSpark/Content/Assets/Audio/SCC_PlayerDamage.uexp" 964
"E:/Unreal Projects New/LostSpark/Content/Blueprints/Interface/BI_EnemyAI.uasset" 965
"E:/Unreal Projects New/LostSpark/Content/Blueprints/Interface/BI_EnemyAI.uexp" 966
"E:/Unreal Projects New/LostSpark/Content/Assets/Interface_And_Item_Sounds/WAV/Special_Powerup_10.ubulk" 967
"E:/Unreal Projects New/LostSpark/Content/Assets/Interface_And_Item_Sounds/WAV/Special_Powerup_10.uasset" 968
"E:/Unreal Projects New/LostSpark/Content/Assets/Interface_And_Item_Sounds/WAV/Special_Powerup_10.uexp" 969
"E:/Unreal Projects New/LostSpark/Content/Assets/Interface_And_Item_Sounds/Cues/Special_Powerup_10_Cue.uasset" 970
"E:/Unreal Projects New/LostSpark/Content/Assets/Interface_And_Item_Sounds/Cues/Special_Powerup_10_Cue.uexp" 971
"E:/Unreal Projects New/LostSpark/Content/Blueprints/Enemy_AI/BP_EnemySpark.uasset" 972
"E:/Unreal Projects New/LostSpark/Content/Blueprints/Enemy_AI/BP_EnemySpark.uexp" 973
"E:/Unreal Projects New/LostSpark/Content/Input/Actions/IA_Jump.uasset" 974
"E:/Unreal Projects New/LostSpark/Content/Input/Actions/IA_Jump.uexp" 975
"E:/Unreal Projects New/LostSpark/Content/Input/Actions/IA_Move.uasset" 976
"E:/Unreal Projects New/LostSpark/Content/Input/Actions/IA_Move.uexp" 977
"E:/Unreal Projects New/LostSpark/Content/Variant_SideScroller/Input/Actions/IA_Drop.uasset" 978
"E:/Unreal Projects New/LostSpark/Content/Variant_SideScroller/Input/Actions/IA_Drop.uexp" 979
"E:/Unreal Projects New/LostSpark/Content/Variant_SideScroller/Input/Actions/IA_Interact.uasset" 980
"E:/Unreal Projects New/LostSpark/Content/Variant_SideScroller/Input/Actions/IA_Interact.uexp" 981
"E:/Unreal Projects New/LostSpark/Content/Variant_SideScroller/Input/IMC_SideScroller.uasset" 982
"E:/Unreal Projects New/LostSpark/Content/Variant_SideScroller/Input/IMC_SideScroller.uexp" 983
"E:/Unreal Projects New/LostSpark/Content/Variant_SideScroller/Input/BPI_TouchInterface_SideScrolling.uasset" 984
"E:/Unreal Projects New/LostSpark/Content/Variant_SideScroller/Input/BPI_TouchInterface_SideScrolling.uexp" 985
"E:/Unreal Projects New/LostSpark/Content/Variant_SideScroller/Blueprints/BP_SideScrollingCharacter.uasset" 986
"E:/Unreal Projects New/LostSpark/Content/Variant_SideScroller/Blueprints/BP_SideScrollingCharacter.uexp" 987
"E:/Unreal Projects New/LostSpark/Content/Variant_SideScroller/Blueprints/BP_SideScrollingCameraManager.uasset" 988
"E:/Unreal Projects New/LostSpark/Content/Variant_SideScroller/Blueprints/BP_SideScrollingCameraManager.uexp" 989
"E:/Unreal Projects New/LostSpark/Content/Variant_SideScroller/Blueprints/BP_SideScrollingPlayerController.uasset" 990
"E:/Unreal Projects New/LostSpark/Content/Variant_SideScroller/Blueprints/BP_SideScrollingPlayerController.uexp" 991
"E:/Unreal Projects New/LostSpark/Content/Blueprints/Interface/BI_SaveHandler.uasset" 992
"E:/Unreal Projects New/LostSpark/Content/Blueprints/Interface/BI_SaveHandler.uexp" 993
"E:/Unreal Projects New/LostSpark/Content/Saves/SavePlayerProgress.uasset" 994
"E:/Unreal Projects New/LostSpark/Content/Saves/SavePlayerProgress.uexp" 995
"E:/Unreal Projects New/LostSpark/Content/Blueprints/VFX/NS_Zap.uasset" 996
"E:/Unreal Projects New/LostSpark/Content/Blueprints/VFX/NS_Zap.uexp" 997
"E:/Unreal Projects New/LostSpark/Content/Blueprints/VFX/NS_RibbonTrail.uasset" 998
"E:/Unreal Projects New/LostSpark/Content/Blueprints/VFX/NS_RibbonTrail.uexp" 999
"E:/Unreal Projects New/LostSpark/Content/Assets/Images/LEVEL_COMPLETE_TEXT.uasset" 1000
"E:/Unreal Projects New/LostSpark/Content/Assets/Images/LEVEL_COMPLETE_TEXT.uexp" 1001
"E:/Unreal Projects New/LostSpark/Content/Assets/Images/Restart_This_Level.uasset" 1002
"E:/Unreal Projects New/LostSpark/Content/Assets/Images/Restart_This_Level.uexp" 1003
"E:/Unreal Projects New/LostSpark/Content/Assets/Images/Restart_This_Level_Pressed.uasset" 1004
"E:/Unreal Projects New/LostSpark/Content/Assets/Images/Restart_This_Level_Pressed.uexp" 1005
"E:/Unreal Projects New/LostSpark/Content/Assets/Images/Start_Next_Level.uasset" 1006
"E:/Unreal Projects New/LostSpark/Content/Assets/Images/Start_Next_Level.uexp" 1007
"E:/Unreal Projects New/LostSpark/Content/Assets/Images/Start_Next_Level_Pressed.uasset" 1008
"E:/Unreal Projects New/LostSpark/Content/Assets/Images/Start_Next_Level_Pressed.uexp" 1009
"E:/Unreal Projects New/LostSpark/Content/Blueprints/Interface/BI_UMG_Calls.uasset" 1010
"E:/Unreal Projects New/LostSpark/Content/Blueprints/Interface/BI_UMG_Calls.uexp" 1011
"E:/Unreal Projects New/LostSpark/Content/Assets/Images/Evolve_Button.uasset" 1012
"E:/Unreal Projects New/LostSpark/Content/Assets/Images/Evolve_Button.uexp" 1013
"E:/Unreal Projects New/LostSpark/Content/Blueprints/UMG/WB_WinScreen.uasset" 1014
"E:/Unreal Projects New/LostSpark/Content/Blueprints/UMG/WB_WinScreen.uexp" 1015
"E:/Unreal Projects New/LostSpark/Content/Blueprints/Interface/BI_Timer.uasset" 1016
"E:/Unreal Projects New/LostSpark/Content/Blueprints/Interface/BI_Timer.uexp" 1017
"E:/Unreal Projects New/LostSpark/Content/Blueprints/UMG/WB_Timer.uasset" 1018
"E:/Unreal Projects New/LostSpark/Content/Blueprints/UMG/WB_Timer.uexp" 1019
"E:/Unreal Projects New/LostSpark/Content/Assets/Images/Continue_Button.uasset" 1020
"E:/Unreal Projects New/LostSpark/Content/Assets/Images/Continue_Button.uexp" 1021
"E:/Unreal Projects New/LostSpark/Content/Assets/Images/Continue_Button_Pressed.uasset" 1022
"E:/Unreal Projects New/LostSpark/Content/Assets/Images/Continue_Button_Pressed.uexp" 1023
"E:/Unreal Projects New/LostSpark/Content/Assets/Images/GAME_PAUSED.uasset" 1024
"E:/Unreal Projects New/LostSpark/Content/Assets/Images/GAME_PAUSED.uexp" 1025
"E:/Unreal Projects New/LostSpark/Content/Assets/Images/Main_Menu_Button.uasset" 1026
"E:/Unreal Projects New/LostSpark/Content/Assets/Images/Main_Menu_Button.uexp" 1027
"E:/Unreal Projects New/LostSpark/Content/Assets/Images/Main_Menu_Pressed.uasset" 1028
"E:/Unreal Projects New/LostSpark/Content/Assets/Images/Main_Menu_Pressed.uexp" 1029
"E:/Unreal Projects New/LostSpark/Content/Assets/Images/RESTART_LEVEL.uasset" 1030
"E:/Unreal Projects New/LostSpark/Content/Assets/Images/RESTART_LEVEL.uexp" 1031
"E:/Unreal Projects New/LostSpark/Content/Assets/Images/Restart_Level_Pressed.uasset" 1032
"E:/Unreal Projects New/LostSpark/Content/Assets/Images/Restart_Level_Pressed.uexp" 1033
"E:/Unreal Projects New/LostSpark/Content/Blueprints/UMG/WB_PauseScreen.uasset" 1034
"E:/Unreal Projects New/LostSpark/Content/Blueprints/UMG/WB_PauseScreen.uexp" 1035
"E:/Unreal Projects New/LostSpark/Content/Assets/Images/Interact_Button.uasset" 1036
"E:/Unreal Projects New/LostSpark/Content/Assets/Images/Interact_Button.uexp" 1037
"E:/Unreal Projects New/LostSpark/Content/Assets/Images/Interact_Button_Pressed.uasset" 1038
"E:/Unreal Projects New/LostSpark/Content/Assets/Images/Interact_Button_Pressed.uexp" 1039
"E:/Unreal Projects New/LostSpark/Content/Assets/Images/Jump_Button.uasset" 1040
"E:/Unreal Projects New/LostSpark/Content/Assets/Images/Jump_Button.uexp" 1041
"E:/Unreal Projects New/LostSpark/Content/Assets/Images/Jump_Button_Pressed.uasset" 1042
"E:/Unreal Projects New/LostSpark/Content/Assets/Images/Jump_Button_Pressed.uexp" 1043
"E:/Unreal Projects New/LostSpark/Content/Blueprints/UMG/WB_MobileButtons.uasset" 1044
"E:/Unreal Projects New/LostSpark/Content/Blueprints/UMG/WB_MobileButtons.uexp" 1045
"E:/Unreal Projects New/LostSpark/Content/Assets/Images/HP_Background.uasset" 1046
"E:/Unreal Projects New/LostSpark/Content/Assets/Images/HP_Background.uexp" 1047
"E:/Unreal Projects New/LostSpark/Content/Assets/Images/HP_Fill.uasset" 1048
"E:/Unreal Projects New/LostSpark/Content/Assets/Images/HP_Fill.uexp" 1049
"E:/Unreal Projects New/LostSpark/Content/Assets/Images/HurtScreenYellow.uasset" 1050
"E:/Unreal Projects New/LostSpark/Content/Assets/Images/HurtScreenYellow.uexp" 1051
"E:/Unreal Projects New/LostSpark/Content/Assets/Images/Menu_Button.uasset" 1052
"E:/Unreal Projects New/LostSpark/Content/Assets/Images/Menu_Button.uexp" 1053
"E:/Unreal Projects New/LostSpark/Content/Assets/Images/Menu_Button_Pressed.uasset" 1054
"E:/Unreal Projects New/LostSpark/Content/Assets/Images/Menu_Button_Pressed.uexp" 1055
"E:/Unreal Projects New/LostSpark/Content/Assets/Images/XP_Background.uasset" 1056
"E:/Unreal Projects New/LostSpark/Content/Assets/Images/XP_Background.uexp" 1057
"E:/Unreal Projects New/LostSpark/Content/Assets/Images/XP_Fill.uasset" 1058
"E:/Unreal Projects New/LostSpark/Content/Assets/Images/XP_Fill.uexp" 1059
"E:/Unreal Projects New/LostSpark/Content/Blueprints/UMG/WB_UI_HUD.uasset" 1060
"E:/Unreal Projects New/LostSpark/Content/Blueprints/UMG/WB_UI_HUD.uexp" 1061
"E:/Unreal Projects New/LostSpark/Content/Assets/Images/GAME_OVER.uasset" 1062
"E:/Unreal Projects New/LostSpark/Content/Assets/Images/GAME_OVER.uexp" 1063
"E:/Unreal Projects New/LostSpark/Content/Blueprints/UMG/WB_LoseScreen.uasset" 1064
"E:/Unreal Projects New/LostSpark/Content/Blueprints/UMG/WB_LoseScreen.uexp" 1065
"E:/Unreal Projects New/LostSpark/Content/Blueprints/Interface/BI_EndLevel.uasset" 1066
"E:/Unreal Projects New/LostSpark/Content/Blueprints/Interface/BI_EndLevel.uexp" 1067
"E:/Unreal Projects New/LostSpark/Content/Blueprints/Interface/BI_Interact.uasset" 1068
"E:/Unreal Projects New/LostSpark/Content/Blueprints/Interface/BI_Interact.uexp" 1069
"E:/Unreal Projects New/LostSpark/Content/Assets/Audio/Zap.ubulk" 1070
"E:/Unreal Projects New/LostSpark/Content/Assets/Audio/Zap.uasset" 1071
"E:/Unreal Projects New/LostSpark/Content/Assets/Audio/Zap.uexp" 1072
"E:/Unreal Projects New/LostSpark/Content/Assets/Audio/Zap_Cue.uasset" 1073
"E:/Unreal Projects New/LostSpark/Content/Assets/Audio/Zap_Cue.uexp" 1074
"E:/Unreal Projects New/LostSpark/Content/Assets/Interface_And_Item_Sounds/WAV/Gong_01.ubulk" 1075
"E:/Unreal Projects New/LostSpark/Content/Assets/Interface_And_Item_Sounds/WAV/Gong_01.uasset" 1076
"E:/Unreal Projects New/LostSpark/Content/Assets/Interface_And_Item_Sounds/WAV/Gong_01.uexp" 1077
"E:/Unreal Projects New/LostSpark/Content/Assets/Interface_And_Item_Sounds/Cues/Gong_01_Cue.uasset" 1078
"E:/Unreal Projects New/LostSpark/Content/Assets/Interface_And_Item_Sounds/Cues/Gong_01_Cue.uexp" 1079
"E:/Unreal Projects New/LostSpark/Content/Assets/Interface_And_Item_Sounds/WAV/Pop_10.ubulk" 1080
"E:/Unreal Projects New/LostSpark/Content/Assets/Interface_And_Item_Sounds/WAV/Pop_10.uasset" 1081
"E:/Unreal Projects New/LostSpark/Content/Assets/Interface_And_Item_Sounds/WAV/Pop_10.uexp" 1082
"E:/Unreal Projects New/LostSpark/Content/Assets/Interface_And_Item_Sounds/Cues/Pop_10_Cue.uasset" 1083
"E:/Unreal Projects New/LostSpark/Content/Assets/Interface_And_Item_Sounds/Cues/Pop_10_Cue.uexp" 1084
"E:/Unreal Projects New/LostSpark/Content/Assets/Interface_And_Item_Sounds/WAV/Special_Powerup_08.ubulk" 1085
"E:/Unreal Projects New/LostSpark/Content/Assets/Interface_And_Item_Sounds/WAV/Special_Powerup_08.uasset" 1086
"E:/Unreal Projects New/LostSpark/Content/Assets/Interface_And_Item_Sounds/WAV/Special_Powerup_08.uexp" 1087
"E:/Unreal Projects New/LostSpark/Content/Assets/Interface_And_Item_Sounds/Cues/Special_Powerup_08_Cue.uasset" 1088
"E:/Unreal Projects New/LostSpark/Content/Assets/Interface_And_Item_Sounds/Cues/Special_Powerup_08_Cue.uexp" 1089
"E:/Unreal Projects New/LostSpark/Content/Assets/Audio/electric-90746.ubulk" 1090
"E:/Unreal Projects New/LostSpark/Content/Assets/Audio/electric-90746.uasset" 1091
"E:/Unreal Projects New/LostSpark/Content/Assets/Audio/electric-90746.uexp" 1092
"E:/Unreal Projects New/LostSpark/Content/Assets/Audio/Shocked_Cue.uasset" 1093
"E:/Unreal Projects New/LostSpark/Content/Assets/Audio/Shocked_Cue.uexp" 1094
"E:/Unreal Projects New/LostSpark/Content/Assets/Images/Agility_Button.uasset" 1095
"E:/Unreal Projects New/LostSpark/Content/Assets/Images/Agility_Button.uexp" 1096
"E:/Unreal Projects New/LostSpark/Content/Assets/Images/Agility_Button_Pressed.uasset" 1097
"E:/Unreal Projects New/LostSpark/Content/Assets/Images/Agility_Button_Pressed.uexp" 1098
"E:/Unreal Projects New/LostSpark/Content/Assets/Images/Cancel_Button.uasset" 1099
"E:/Unreal Projects New/LostSpark/Content/Assets/Images/Cancel_Button.uexp" 1100
"E:/Unreal Projects New/LostSpark/Content/Assets/Images/Cancel_Button_Pressed.uasset" 1101
"E:/Unreal Projects New/LostSpark/Content/Assets/Images/Cancel_Button_Pressed.uexp" 1102
"E:/Unreal Projects New/LostSpark/Content/Assets/Images/Confirm_Button.uasset" 1103
"E:/Unreal Projects New/LostSpark/Content/Assets/Images/Confirm_Button.uexp" 1104
"E:/Unreal Projects New/LostSpark/Content/Assets/Images/Confirm_Button_Pressed.uasset" 1105
"E:/Unreal Projects New/LostSpark/Content/Assets/Images/Confirm_Button_Pressed.uexp" 1106
"E:/Unreal Projects New/LostSpark/Content/Assets/Images/Energy_LVL_Up_Button.uasset" 1107
"E:/Unreal Projects New/LostSpark/Content/Assets/Images/Energy_LVL_Up_Button.uexp" 1108
"E:/Unreal Projects New/LostSpark/Content/Assets/Images/LVL_UP_Background.uasset" 1109
"E:/Unreal Projects New/LostSpark/Content/Assets/Images/LVL_UP_Background.uexp" 1110
"E:/Unreal Projects New/LostSpark/Content/Assets/Images/Minus_Skill_Point.uasset" 1111
"E:/Unreal Projects New/LostSpark/Content/Assets/Images/Minus_Skill_Point.uexp" 1112
"E:/Unreal Projects New/LostSpark/Content/Assets/Images/Minus_Skill_Point_Pressed.uasset" 1113
"E:/Unreal Projects New/LostSpark/Content/Assets/Images/Minus_Skill_Point_Pressed.uexp" 1114
"E:/Unreal Projects New/LostSpark/Content/Assets/Images/Plus_Skill_Point.uasset" 1115
"E:/Unreal Projects New/LostSpark/Content/Assets/Images/Plus_Skill_Point.uexp" 1116
"E:/Unreal Projects New/LostSpark/Content/Assets/Images/Plus_Skill_Point_Pressed.uasset" 1117
"E:/Unreal Projects New/LostSpark/Content/Assets/Images/Plus_Skill_Point_Pressed.uexp" 1118
"E:/Unreal Projects New/LostSpark/Content/Assets/Images/Spark_Zap_LVL_Up_Button.uasset" 1119
"E:/Unreal Projects New/LostSpark/Content/Assets/Images/Spark_Zap_LVL_Up_Button.uexp" 1120
"E:/Unreal Projects New/LostSpark/Content/Assets/Images/Spark_Zap_LVL_Up_Button_Pressed.uasset" 1121
"E:/Unreal Projects New/LostSpark/Content/Assets/Images/Spark_Zap_LVL_Up_Button_Pressed.uexp" 1122
"E:/Unreal Projects New/LostSpark/Content/Blueprints/UMG/WB_LvlUp.uasset" 1123
"E:/Unreal Projects New/LostSpark/Content/Blueprints/UMG/WB_LvlUp.uexp" 1124
"E:/Unreal Projects New/LostSpark/Content/Blueprints/Pawn/BP_Sparky.uasset" 1125
"E:/Unreal Projects New/LostSpark/Content/Blueprints/Pawn/BP_Sparky.uexp" 1126
"E:/Unreal Projects New/LostSpark/Content/Variant_SideScroller/Blueprints/BP_SideScrollingGameMode.uasset" 1127
"E:/Unreal Projects New/LostSpark/Content/Variant_SideScroller/Blueprints/BP_SideScrollingGameMode.uexp" 1128
"E:/Unreal Projects New/LostSpark/Content/Blueprints/Lights/BP_PointLight.uasset" 1129
"E:/Unreal Projects New/LostSpark/Content/Blueprints/Lights/BP_PointLight.uexp" 1130
"E:/Unreal Projects New/LostSpark/Content/StarterBundle/ModularScifiHallways/Textures/T_Pipes_A_N_normals.ubulk" 1131
"E:/Unreal Projects New/LostSpark/Content/StarterBundle/ModularScifiHallways/Textures/T_Pipes_A_N_normals.uasset" 1132
"E:/Unreal Projects New/LostSpark/Content/StarterBundle/ModularScifiHallways/Textures/T_Pipes_A_N_normals.uexp" 1133
"E:/Unreal Projects New/LostSpark/Content/StarterBundle/ModularScifiHallways/Textures/T_Pipes_A_M.ubulk" 1134
"E:/Unreal Projects New/LostSpark/Content/StarterBundle/ModularScifiHallways/Textures/T_Pipes_A_M.uasset" 1135
"E:/Unreal Projects New/LostSpark/Content/StarterBundle/ModularScifiHallways/Textures/T_Pipes_A_M.uexp" 1136
"E:/Unreal Projects New/LostSpark/Content/StarterBundle/ModularScifiHallways/Textures/T_Pipes_A_Diff.ubulk" 1137
"E:/Unreal Projects New/LostSpark/Content/StarterBundle/ModularScifiHallways/Textures/T_Pipes_A_Diff.uasset" 1138
"E:/Unreal Projects New/LostSpark/Content/StarterBundle/ModularScifiHallways/Textures/T_Pipes_A_Diff.uexp" 1139
"../../../Engine/Content/EngineDebugMaterials/HeatmapGradient.ubulk" 1140
"../../../Engine/Content/EngineDebugMaterials/HeatmapGradient.uasset" 1141
"../../../Engine/Content/EngineDebugMaterials/HeatmapGradient.uexp" 1142
"../../../Engine/Content/Functions/Engine_MaterialFunctions01/ImageAdjustment/CheapContrast_RGB.uasset" 1143
"../../../Engine/Content/Functions/Engine_MaterialFunctions01/ImageAdjustment/CheapContrast_RGB.uexp" 1144
"E:/Unreal Projects New/LostSpark/Content/StarterBundle/ModularScifiHallways/Textures/T_Metal_Scratches_M.uasset" 1145
"E:/Unreal Projects New/LostSpark/Content/StarterBundle/ModularScifiHallways/Textures/T_Metal_Scratches_M.uexp" 1146
"E:/Unreal Projects New/LostSpark/Content/StarterBundle/ModularScifiHallways/Textures/T_Metal_Brushed_N.ubulk" 1147
"E:/Unreal Projects New/LostSpark/Content/StarterBundle/ModularScifiHallways/Textures/T_Metal_Brushed_N.uasset" 1148
"E:/Unreal Projects New/LostSpark/Content/StarterBundle/ModularScifiHallways/Textures/T_Metal_Brushed_N.uexp" 1149
"E:/Unreal Projects New/LostSpark/Content/StarterBundle/ModularScifiHallways/Textures/T_DefaultLight_S.uasset" 1150
"E:/Unreal Projects New/LostSpark/Content/StarterBundle/ModularScifiHallways/Textures/T_DefaultLight_S.uexp" 1151
"E:/Unreal Projects New/LostSpark/Content/StarterBundle/ModularScifiHallways/Textures/T_Ceiling_A_Buffer_N_normals.ubulk" 1152
"E:/Unreal Projects New/LostSpark/Content/StarterBundle/ModularScifiHallways/Textures/T_Ceiling_A_Buffer_N_normals.uasset" 1153
"E:/Unreal Projects New/LostSpark/Content/StarterBundle/ModularScifiHallways/Textures/T_Ceiling_A_Buffer_N_normals.uexp" 1154
"E:/Unreal Projects New/LostSpark/Content/StarterBundle/ModularScifiHallways/Textures/T_Ceiling_A_Buffer_M.ubulk" 1155
"E:/Unreal Projects New/LostSpark/Content/StarterBundle/ModularScifiHallways/Textures/T_Ceiling_A_Buffer_M.uasset" 1156
"E:/Unreal Projects New/LostSpark/Content/StarterBundle/ModularScifiHallways/Textures/T_Ceiling_A_Buffer_M.uexp" 1157
"E:/Unreal Projects New/LostSpark/Content/StarterBundle/ModularScifiHallways/Textures/T_Ceiling_A_Buffer_Diff.ubulk" 1158
"E:/Unreal Projects New/LostSpark/Content/StarterBundle/ModularScifiHallways/Textures/T_Ceiling_A_Buffer_Diff.uasset" 1159
"E:/Unreal Projects New/LostSpark/Content/StarterBundle/ModularScifiHallways/Textures/T_Ceiling_A_Buffer_Diff.uexp" 1160
"E:/Unreal Projects New/LostSpark/Content/StarterBundle/ModularScifiHallways/Materials/M_Base_2C.uasset" 1161
"E:/Unreal Projects New/LostSpark/Content/StarterBundle/ModularScifiHallways/Materials/M_Base_2C.uexp" 1162
"E:/Unreal Projects New/LostSpark/Content/StarterBundle/ModularScifiHallways/Materials/MI_Pipes_ADark_M.uasset" 1163
"E:/Unreal Projects New/LostSpark/Content/StarterBundle/ModularScifiHallways/Materials/MI_Pipes_ADark_M.uexp" 1164
"E:/Unreal Projects New/LostSpark/Content/StarterBundle/ModularScifiHallways/Textures/T_EnergyCore_EM.ubulk" 1165
"E:/Unreal Projects New/LostSpark/Content/StarterBundle/ModularScifiHallways/Textures/T_EnergyCore_EM.uasset" 1166
"E:/Unreal Projects New/LostSpark/Content/StarterBundle/ModularScifiHallways/Textures/T_EnergyCore_EM.uexp" 1167
"E:/Unreal Projects New/LostSpark/Content/StarterBundle/ModularScifiHallways/Materials/M_EnergyEmissive.uasset" 1168
"E:/Unreal Projects New/LostSpark/Content/StarterBundle/ModularScifiHallways/Materials/M_EnergyEmissive.uexp" 1169
"E:/Unreal Projects New/LostSpark/Content/StarterBundle/ModularScifiHallways/Materials/MI_EnergyEmissive_A.uasset" 1170
"E:/Unreal Projects New/LostSpark/Content/StarterBundle/ModularScifiHallways/Materials/MI_EnergyEmissive_A.uexp" 1171
"E:/Unreal Projects New/LostSpark/Content/StarterBundle/ModularScifiHallways/Textures/T_EnergyCore_A_N_normals.uasset" 1172
"E:/Unreal Projects New/LostSpark/Content/StarterBundle/ModularScifiHallways/Textures/T_EnergyCore_A_N_normals.uexp" 1173
"E:/Unreal Projects New/LostSpark/Content/StarterBundle/ModularScifiHallways/Textures/T_EnergyCore_A_M.uasset" 1174
"E:/Unreal Projects New/LostSpark/Content/StarterBundle/ModularScifiHallways/Textures/T_EnergyCore_A_M.uexp" 1175
"E:/Unreal Projects New/LostSpark/Content/StarterBundle/ModularScifiHallways/Textures/T_EnergyCore_A_Diff.uasset" 1176
"E:/Unreal Projects New/LostSpark/Content/StarterBundle/ModularScifiHallways/Textures/T_EnergyCore_A_Diff.uexp" 1177
"E:/Unreal Projects New/LostSpark/Content/StarterBundle/ModularScifiHallways/Materials/MI_EnergyCore_A_M.uasset" 1178
"E:/Unreal Projects New/LostSpark/Content/StarterBundle/ModularScifiHallways/Materials/MI_EnergyCore_A_M.uexp" 1179
"E:/Unreal Projects New/LostSpark/Content/StarterBundle/ModularScifiHallways/Meshes/SM_EnergyCore_A.ubulk" 1180
"E:/Unreal Projects New/LostSpark/Content/StarterBundle/ModularScifiHallways/Meshes/SM_EnergyCore_A.uasset" 1181
"E:/Unreal Projects New/LostSpark/Content/StarterBundle/ModularScifiHallways/Meshes/SM_EnergyCore_A.uexp" 1182
"E:/Unreal Projects New/LostSpark/Content/Blueprints/VFX/NS_InteractParticles.uasset" 1183
"E:/Unreal Projects New/LostSpark/Content/Blueprints/VFX/NS_InteractParticles.uexp" 1184
"E:/Unreal Projects New/LostSpark/Content/Blueprints/Materials/M_HighlightMat.uasset" 1185
"E:/Unreal Projects New/LostSpark/Content/Blueprints/Materials/M_HighlightMat.uexp" 1186
"E:/Unreal Projects New/LostSpark/Content/Blueprints/Materials/MI_HighlightMat_Inst.uasset" 1187
"E:/Unreal Projects New/LostSpark/Content/Blueprints/Materials/MI_HighlightMat_Inst.uexp" 1188
"E:/Unreal Projects New/LostSpark/Content/StarterBundle/ModularScifiHallways/Materials/MI_EnergyEmissive_B.uasset" 1189
"E:/Unreal Projects New/LostSpark/Content/StarterBundle/ModularScifiHallways/Materials/MI_EnergyEmissive_B.uexp" 1190
"E:/Unreal Projects New/LostSpark/Content/Assets/Interface_And_Item_Sounds/WAV/Futuristic_Click_04.ubulk" 1191
"E:/Unreal Projects New/LostSpark/Content/Assets/Interface_And_Item_Sounds/WAV/Futuristic_Click_04.uasset" 1192
"E:/Unreal Projects New/LostSpark/Content/Assets/Interface_And_Item_Sounds/WAV/Futuristic_Click_04.uexp" 1193
"E:/Unreal Projects New/LostSpark/Content/Assets/Interface_And_Item_Sounds/Cues/Futuristic_Click_04_Cue.uasset" 1194
"E:/Unreal Projects New/LostSpark/Content/Assets/Interface_And_Item_Sounds/Cues/Futuristic_Click_04_Cue.uexp" 1195
"E:/Unreal Projects New/LostSpark/Content/Blueprints/Interactables/BP_PowerCore.uasset" 1196
"E:/Unreal Projects New/LostSpark/Content/Blueprints/Interactables/BP_PowerCore.uexp" 1197
"E:/Unreal Projects New/LostSpark/Content/StarterBundle/ModularScifiHallways/Textures/T_Hall_Wall_A_N_normals.ubulk" 1198
"E:/Unreal Projects New/LostSpark/Content/StarterBundle/ModularScifiHallways/Textures/T_Hall_Wall_A_N_normals.uasset" 1199
"E:/Unreal Projects New/LostSpark/Content/StarterBundle/ModularScifiHallways/Textures/T_Hall_Wall_A_N_normals.uexp" 1200
"E:/Unreal Projects New/LostSpark/Content/StarterBundle/ModularScifiHallways/Textures/T_Hall_Wall_A_M.ubulk" 1201
"E:/Unreal Projects New/LostSpark/Content/StarterBundle/ModularScifiHallways/Textures/T_Hall_Wall_A_M.uasset" 1202
"E:/Unreal Projects New/LostSpark/Content/StarterBundle/ModularScifiHallways/Textures/T_Hall_Wall_A_M.uexp" 1203
"E:/Unreal Projects New/LostSpark/Content/StarterBundle/ModularScifiHallways/Textures/T_Hall_Wall_A_Diff.ubulk" 1204
"E:/Unreal Projects New/LostSpark/Content/StarterBundle/ModularScifiHallways/Textures/T_Hall_Wall_A_Diff.uasset" 1205
"E:/Unreal Projects New/LostSpark/Content/StarterBundle/ModularScifiHallways/Textures/T_Hall_Wall_A_Diff.uexp" 1206
"E:/Unreal Projects New/LostSpark/Content/StarterBundle/ModularScifiHallways/Materials/MI_Hall_Wall_A_M.uasset" 1207
"E:/Unreal Projects New/LostSpark/Content/StarterBundle/ModularScifiHallways/Materials/MI_Hall_Wall_A_M.uexp" 1208
"E:/Unreal Projects New/LostSpark/Content/StarterBundle/ModularScifiHallways/Meshes/SM_Hall_Wall_A.ubulk" 1209
"E:/Unreal Projects New/LostSpark/Content/StarterBundle/ModularScifiHallways/Meshes/SM_Hall_Wall_A.uasset" 1210
"E:/Unreal Projects New/LostSpark/Content/StarterBundle/ModularScifiHallways/Meshes/SM_Hall_Wall_A.uexp" 1211
"E:/Unreal Projects New/LostSpark/Content/Assets/Latches_Mechanical_Locking_Unlocking_SFX_Pack1/Wave/44-1/Latches_Mechanical_Lock_Unlock_SFX__270_.ubulk" 1212
"E:/Unreal Projects New/LostSpark/Content/Assets/Latches_Mechanical_Locking_Unlocking_SFX_Pack1/Wave/44-1/Latches_Mechanical_Lock_Unlock_SFX__270_.uasset" 1213
"E:/Unreal Projects New/LostSpark/Content/Assets/Latches_Mechanical_Locking_Unlocking_SFX_Pack1/Wave/44-1/Latches_Mechanical_Lock_Unlock_SFX__270_.uexp" 1214
"E:/Unreal Projects New/LostSpark/Content/Assets/Audio/Latches_Mechanical_Lock_Unlock_SFX__270__Cue.uasset" 1215
"E:/Unreal Projects New/LostSpark/Content/Assets/Audio/Latches_Mechanical_Lock_Unlock_SFX__270__Cue.uexp" 1216
"E:/Unreal Projects New/LostSpark/Content/Blueprints/Interactables/BP_SecretWall.uasset" 1217
"E:/Unreal Projects New/LostSpark/Content/Blueprints/Interactables/BP_SecretWall.uexp" 1218
"E:/Unreal Projects New/LostSpark/Content/StarterBundle/ModularScifiProps/Textures/T_LoginScreen_EM.ubulk" 1219
"E:/Unreal Projects New/LostSpark/Content/StarterBundle/ModularScifiProps/Textures/T_LoginScreen_EM.uasset" 1220
"E:/Unreal Projects New/LostSpark/Content/StarterBundle/ModularScifiProps/Textures/T_LoginScreen_EM.uexp" 1221
"E:/Unreal Projects New/LostSpark/Content/StarterBundle/ModularScifiProps/Materials/M_Screen_Parent.uasset" 1222
"E:/Unreal Projects New/LostSpark/Content/StarterBundle/ModularScifiProps/Materials/M_Screen_Parent.uexp" 1223
"E:/Unreal Projects New/LostSpark/Content/StarterBundle/ModularScifiProps/Materials/MI_Screen_Lapt_Off.uasset" 1224
"E:/Unreal Projects New/LostSpark/Content/StarterBundle/ModularScifiProps/Materials/MI_Screen_Lapt_Off.uexp" 1225
"E:/Unreal Projects New/LostSpark/Content/StarterBundle/ModularScifiProps/Textures/T_Keyboard_UI_EM.ubulk" 1226
"E:/Unreal Projects New/LostSpark/Content/StarterBundle/ModularScifiProps/Textures/T_Keyboard_UI_EM.uasset" 1227
"E:/Unreal Projects New/LostSpark/Content/StarterBundle/ModularScifiProps/Textures/T_Keyboard_UI_EM.uexp" 1228
"E:/Unreal Projects New/LostSpark/Content/StarterBundle/ModularScifiProps/Materials/MI_Keyboard_Scre.uasset" 1229
"E:/Unreal Projects New/LostSpark/Content/StarterBundle/ModularScifiProps/Materials/MI_Keyboard_Scre.uexp" 1230
"E:/Unreal Projects New/LostSpark/Content/StarterBundle/ModularScifiProps/Textures/T_Metal_Brushed_M.uasset" 1231
"E:/Unreal Projects New/LostSpark/Content/StarterBundle/ModularScifiProps/Textures/T_Metal_Brushed_M.uexp" 1232
"E:/Unreal Projects New/LostSpark/Content/StarterBundle/ModularScifiProps/Textures/T_Lapt_Keyb_N_normals.ubulk" 1233
"E:/Unreal Projects New/LostSpark/Content/StarterBundle/ModularScifiProps/Textures/T_Lapt_Keyb_N_normals.uasset" 1234
"E:/Unreal Projects New/LostSpark/Content/StarterBundle/ModularScifiProps/Textures/T_Lapt_Keyb_N_normals.uexp" 1235
"E:/Unreal Projects New/LostSpark/Content/StarterBundle/ModularScifiProps/Textures/T_Lapt_Keyb_M.ubulk" 1236
"E:/Unreal Projects New/LostSpark/Content/StarterBundle/ModularScifiProps/Textures/T_Lapt_Keyb_M.uasset" 1237
"E:/Unreal Projects New/LostSpark/Content/StarterBundle/ModularScifiProps/Textures/T_Lapt_Keyb_M.uexp" 1238
"E:/Unreal Projects New/LostSpark/Content/StarterBundle/ModularScifiProps/Textures/T_Lapt_Keyb_Diff.ubulk" 1239
"E:/Unreal Projects New/LostSpark/Content/StarterBundle/ModularScifiProps/Textures/T_Lapt_Keyb_Diff.uasset" 1240
"E:/Unreal Projects New/LostSpark/Content/StarterBundle/ModularScifiProps/Textures/T_Lapt_Keyb_Diff.uexp" 1241
"E:/Unreal Projects New/LostSpark/Content/StarterBundle/ModularScifiProps/Textures/T_Metal_Brushed_N.ubulk" 1242
"E:/Unreal Projects New/LostSpark/Content/StarterBundle/ModularScifiProps/Textures/T_Metal_Brushed_N.uasset" 1243
"E:/Unreal Projects New/LostSpark/Content/StarterBundle/ModularScifiProps/Textures/T_Metal_Brushed_N.uexp" 1244
"E:/Unreal Projects New/LostSpark/Content/StarterBundle/ModularScifiProps/Textures/T_LampEmissive.ubulk" 1245
"E:/Unreal Projects New/LostSpark/Content/StarterBundle/ModularScifiProps/Textures/T_LampEmissive.uasset" 1246
"E:/Unreal Projects New/LostSpark/Content/StarterBundle/ModularScifiProps/Textures/T_LampEmissive.uexp" 1247
"E:/Unreal Projects New/LostSpark/Content/StarterBundle/ModularScifiProps/Textures/T_CardReader_N_normals.ubulk" 1248
"E:/Unreal Projects New/LostSpark/Content/StarterBundle/ModularScifiProps/Textures/T_CardReader_N_normals.uasset" 1249
"E:/Unreal Projects New/LostSpark/Content/StarterBundle/ModularScifiProps/Textures/T_CardReader_N_normals.uexp" 1250
"E:/Unreal Projects New/LostSpark/Content/StarterBundle/ModularScifiProps/Textures/T_CardReader_M.ubulk" 1251
"E:/Unreal Projects New/LostSpark/Content/StarterBundle/ModularScifiProps/Textures/T_CardReader_M.uasset" 1252
"E:/Unreal Projects New/LostSpark/Content/StarterBundle/ModularScifiProps/Textures/T_CardReader_M.uexp" 1253
"E:/Unreal Projects New/LostSpark/Content/StarterBundle/ModularScifiProps/Textures/T_CardReader_Diff.ubulk" 1254
"E:/Unreal Projects New/LostSpark/Content/StarterBundle/ModularScifiProps/Textures/T_CardReader_Diff.uasset" 1255
"E:/Unreal Projects New/LostSpark/Content/StarterBundle/ModularScifiProps/Textures/T_CardReader_Diff.uexp" 1256
"E:/Unreal Projects New/LostSpark/Content/StarterBundle/ModularScifiProps/Materials/M_Base_3C.uasset" 1257
"E:/Unreal Projects New/LostSpark/Content/StarterBundle/ModularScifiProps/Materials/M_Base_3C.uexp" 1258
"E:/Unreal Projects New/LostSpark/Content/StarterBundle/ModularScifiProps/Materials/MI_Laptop_Keyb.uasset" 1259
"E:/Unreal Projects New/LostSpark/Content/StarterBundle/ModularScifiProps/Materials/MI_Laptop_Keyb.uexp" 1260
"E:/Unreal Projects New/LostSpark/Content/StarterBundle/ModularScifiProps/Textures/T_Lapt_Scre_N_normals.ubulk" 1261
"E:/Unreal Projects New/LostSpark/Content/StarterBundle/ModularScifiProps/Textures/T_Lapt_Scre_N_normals.uasset" 1262
"E:/Unreal Projects New/LostSpark/Content/StarterBundle/ModularScifiProps/Textures/T_Lapt_Scre_N_normals.uexp" 1263
"E:/Unreal Projects New/LostSpark/Content/StarterBundle/ModularScifiProps/Textures/T_Lapt_Scre_M.ubulk" 1264
"E:/Unreal Projects New/LostSpark/Content/StarterBundle/ModularScifiProps/Textures/T_Lapt_Scre_M.uasset" 1265
"E:/Unreal Projects New/LostSpark/Content/StarterBundle/ModularScifiProps/Textures/T_Lapt_Scre_M.uexp" 1266
"E:/Unreal Projects New/LostSpark/Content/StarterBundle/ModularScifiProps/Textures/T_Lapt_Scre_Diff.ubulk" 1267
"E:/Unreal Projects New/LostSpark/Content/StarterBundle/ModularScifiProps/Textures/T_Lapt_Scre_Diff.uasset" 1268
"E:/Unreal Projects New/LostSpark/Content/StarterBundle/ModularScifiProps/Textures/T_Lapt_Scre_Diff.uexp" 1269
"E:/Unreal Projects New/LostSpark/Content/StarterBundle/ModularScifiProps/Materials/MI_Laptop_Scre.uasset" 1270
"E:/Unreal Projects New/LostSpark/Content/StarterBundle/ModularScifiProps/Materials/MI_Laptop_Scre.uexp" 1271
"E:/Unreal Projects New/LostSpark/Content/StarterBundle/ModularScifiProps/Meshes/SM_Laptop.ubulk" 1272
"E:/Unreal Projects New/LostSpark/Content/StarterBundle/ModularScifiProps/Meshes/SM_Laptop.uasset" 1273
"E:/Unreal Projects New/LostSpark/Content/StarterBundle/ModularScifiProps/Meshes/SM_Laptop.uexp" 1274
"E:/Unreal Projects New/LostSpark/Content/Assets/Interface_And_Item_Sounds/WAV/Special_Powerup_03.ubulk" 1275
"E:/Unreal Projects New/LostSpark/Content/Assets/Interface_And_Item_Sounds/WAV/Special_Powerup_03.uasset" 1276
"E:/Unreal Projects New/LostSpark/Content/Assets/Interface_And_Item_Sounds/WAV/Special_Powerup_03.uexp" 1277
"E:/Unreal Projects New/LostSpark/Content/Assets/Interface_And_Item_Sounds/Cues/Special_Powerup_03_Cue.uasset" 1278
"E:/Unreal Projects New/LostSpark/Content/Assets/Interface_And_Item_Sounds/Cues/Special_Powerup_03_Cue.uexp" 1279
"E:/Unreal Projects New/LostSpark/Content/StarterBundle/ModularScifiHallways/Textures/T_Trims_A_N_normals.ubulk" 1280
"E:/Unreal Projects New/LostSpark/Content/StarterBundle/ModularScifiHallways/Textures/T_Trims_A_N_normals.uasset" 1281
"E:/Unreal Projects New/LostSpark/Content/StarterBundle/ModularScifiHallways/Textures/T_Trims_A_N_normals.uexp" 1282
"E:/Unreal Projects New/LostSpark/Content/StarterBundle/ModularScifiHallways/Textures/T_Trims_A_M.ubulk" 1283
"E:/Unreal Projects New/LostSpark/Content/StarterBundle/ModularScifiHallways/Textures/T_Trims_A_M.uasset" 1284
"E:/Unreal Projects New/LostSpark/Content/StarterBundle/ModularScifiHallways/Textures/T_Trims_A_M.uexp" 1285
"E:/Unreal Projects New/LostSpark/Content/StarterBundle/ModularScifiHallways/Textures/T_Trims_A_Diff.ubulk" 1286
"E:/Unreal Projects New/LostSpark/Content/StarterBundle/ModularScifiHallways/Textures/T_Trims_A_Diff.uasset" 1287
"E:/Unreal Projects New/LostSpark/Content/StarterBundle/ModularScifiHallways/Textures/T_Trims_A_Diff.uexp" 1288
"E:/Unreal Projects New/LostSpark/Content/StarterBundle/ModularScifiHallways/Materials/MI_Trims_A_M.uasset" 1289
"E:/Unreal Projects New/LostSpark/Content/StarterBundle/ModularScifiHallways/Materials/MI_Trims_A_M.uexp" 1290
"E:/Unreal Projects New/LostSpark/Content/StarterBundle/ModularScifiHallways/Textures/T_CustomerMessage.ubulk" 1291
"E:/Unreal Projects New/LostSpark/Content/StarterBundle/ModularScifiHallways/Textures/T_CustomerMessage.uasset" 1292
"E:/Unreal Projects New/LostSpark/Content/StarterBundle/ModularScifiHallways/Textures/T_CustomerMessage.uexp" 1293
"E:/Unreal Projects New/LostSpark/Content/StarterBundle/ModularScifiHallways/Materials/M_CustomerMessage.uasset" 1294
"E:/Unreal Projects New/LostSpark/Content/StarterBundle/ModularScifiHallways/Materials/M_CustomerMessage.uexp" 1295
"E:/Unreal Projects New/LostSpark/Content/StarterBundle/ModularScifiHallways/Meshes/SM_CustomerMessage.ubulk" 1296
"E:/Unreal Projects New/LostSpark/Content/StarterBundle/ModularScifiHallways/Meshes/SM_CustomerMessage.uasset" 1297
"E:/Unreal Projects New/LostSpark/Content/StarterBundle/ModularScifiHallways/Meshes/SM_CustomerMessage.uexp" 1298
"E:/Unreal Projects New/LostSpark/Content/SciFiUISFX/Wavs/Glitches/Glitch_14_Wav.ubulk" 1299
"E:/Unreal Projects New/LostSpark/Content/SciFiUISFX/Wavs/Glitches/Glitch_14_Wav.uasset" 1300
"E:/Unreal Projects New/LostSpark/Content/SciFiUISFX/Wavs/Glitches/Glitch_14_Wav.uexp" 1301
"E:/Unreal Projects New/LostSpark/Content/SciFiUISFX/Cues/Glitches/Glitch_14_Cue.uasset" 1302
"E:/Unreal Projects New/LostSpark/Content/SciFiUISFX/Cues/Glitches/Glitch_14_Cue.uexp" 1303
"E:/Unreal Projects New/LostSpark/Content/Blueprints/Interactables/BP_Console.uasset" 1304
"E:/Unreal Projects New/LostSpark/Content/Blueprints/Interactables/BP_Console.uexp" 1305
"E:/Unreal Projects New/LostSpark/Content/StarterBundle/ModularScifiProps/Textures/T_Metal_Scratches_M.uasset" 1306
"E:/Unreal Projects New/LostSpark/Content/StarterBundle/ModularScifiProps/Textures/T_Metal_Scratches_M.uexp" 1307
"E:/Unreal Projects New/LostSpark/Content/StarterBundle/ModularScifiProps/Textures/T_Base_N_normals.ubulk" 1308
"E:/Unreal Projects New/LostSpark/Content/StarterBundle/ModularScifiProps/Textures/T_Base_N_normals.uasset" 1309
"E:/Unreal Projects New/LostSpark/Content/StarterBundle/ModularScifiProps/Textures/T_Base_N_normals.uexp" 1310
"E:/Unreal Projects New/LostSpark/Content/StarterBundle/ModularScifiProps/Textures/T_Base_M.ubulk" 1311
"E:/Unreal Projects New/LostSpark/Content/StarterBundle/ModularScifiProps/Textures/T_Base_M.uasset" 1312
"E:/Unreal Projects New/LostSpark/Content/StarterBundle/ModularScifiProps/Textures/T_Base_M.uexp" 1313
"E:/Unreal Projects New/LostSpark/Content/StarterBundle/ModularScifiProps/Textures/T_Base_Diff.ubulk" 1314
"E:/Unreal Projects New/LostSpark/Content/StarterBundle/ModularScifiProps/Textures/T_Base_Diff.uasset" 1315
"E:/Unreal Projects New/LostSpark/Content/StarterBundle/ModularScifiProps/Textures/T_Base_Diff.uexp" 1316
"E:/Unreal Projects New/LostSpark/Content/StarterBundle/ModularScifiProps/Materials/MI_Base_Dark.uasset" 1317
"E:/Unreal Projects New/LostSpark/Content/StarterBundle/ModularScifiProps/Materials/MI_Base_Dark.uexp" 1318
"E:/Unreal Projects New/LostSpark/Content/StarterBundle/ModularScifiProps/Materials/MI_Base_Light.uasset" 1319
"E:/Unreal Projects New/LostSpark/Content/StarterBundle/ModularScifiProps/Materials/MI_Base_Light.uexp" 1320
"E:/Unreal Projects New/LostSpark/Content/StarterBundle/ModularScifiProps/Meshes/SM_Floor_A.ubulk" 1321
"E:/Unreal Projects New/LostSpark/Content/StarterBundle/ModularScifiProps/Meshes/SM_Floor_A.uasset" 1322
"E:/Unreal Projects New/LostSpark/Content/StarterBundle/ModularScifiProps/Meshes/SM_Floor_A.uexp" 1323
"E:/Unreal Projects New/LostSpark/Content/Blueprints/Meshes/BP_Platform_Large.uasset" 1324
"E:/Unreal Projects New/LostSpark/Content/Blueprints/Meshes/BP_Platform_Large.uexp" 1325
"../../../Engine/Content/MobileResources/HUD/VirtualJoystick_Background.uasset" 1326
"../../../Engine/Content/MobileResources/HUD/VirtualJoystick_Background.uexp" 1327
"E:/Unreal Projects New/LostSpark/Content/Assets/Images/Joystick_Movement_Button.uasset" 1328
"E:/Unreal Projects New/LostSpark/Content/Assets/Images/Joystick_Movement_Button.uexp" 1329
"../../../Engine/Content/MobileResources/HUD/DefaultVirtualJoysticks.uasset" 1330
"../../../Engine/Content/MobileResources/HUD/DefaultVirtualJoysticks.uexp" 1331
"E:/Unreal Projects New/LostSpark/Content/Blueprints/Enemy_AI/Navigation/AI_NavLinkProxy.uasset" 1332
"E:/Unreal Projects New/LostSpark/Content/Blueprints/Enemy_AI/Navigation/AI_NavLinkProxy.uexp" 1333
"E:/Unreal Projects New/LostSpark/Content/StarterBundle/ModularSci_Comm/Textures/T_Metal_Brushed_N.ubulk" 1334
"E:/Unreal Projects New/LostSpark/Content/StarterBundle/ModularSci_Comm/Textures/T_Metal_Brushed_N.uasset" 1335
"E:/Unreal Projects New/LostSpark/Content/StarterBundle/ModularSci_Comm/Textures/T_Metal_Brushed_N.uexp" 1336
"E:/Unreal Projects New/LostSpark/Content/StarterBundle/ModularSci_Comm/Textures/Base/T_Base_Dirt_2.ubulk" 1337
"E:/Unreal Projects New/LostSpark/Content/StarterBundle/ModularSci_Comm/Textures/Base/T_Base_Dirt_2.uasset" 1338
"E:/Unreal Projects New/LostSpark/Content/StarterBundle/ModularSci_Comm/Textures/Base/T_Base_Dirt_2.uexp" 1339
"E:/Unreal Projects New/LostSpark/Content/StarterBundle/ModularSci_Comm/Textures/T_Trim_EdgeMask.ubulk" 1340
"E:/Unreal Projects New/LostSpark/Content/StarterBundle/ModularSci_Comm/Textures/T_Trim_EdgeMask.uasset" 1341
"E:/Unreal Projects New/LostSpark/Content/StarterBundle/ModularSci_Comm/Textures/T_Trim_EdgeMask.uexp" 1342
"E:/Unreal Projects New/LostSpark/Content/StarterBundle/ModularSci_Comm/Textures/T_Trim_C_diffuse.ubulk" 1343
"E:/Unreal Projects New/LostSpark/Content/StarterBundle/ModularSci_Comm/Textures/T_Trim_C_diffuse.uasset" 1344
"E:/Unreal Projects New/LostSpark/Content/StarterBundle/ModularSci_Comm/Textures/T_Trim_C_diffuse.uexp" 1345
"E:/Unreal Projects New/LostSpark/Content/StarterBundle/ModularSci_Comm/Textures/T_Trims_C_normals.ubulk" 1346
"E:/Unreal Projects New/LostSpark/Content/StarterBundle/ModularSci_Comm/Textures/T_Trims_C_normals.uasset" 1347
"E:/Unreal Projects New/LostSpark/Content/StarterBundle/ModularSci_Comm/Textures/T_Trims_C_normals.uexp" 1348
"E:/Unreal Projects New/LostSpark/Content/StarterBundle/ModularSci_Comm/Textures/T_Metal_Brushed_M.uasset" 1349
"E:/Unreal Projects New/LostSpark/Content/StarterBundle/ModularSci_Comm/Textures/T_Metal_Brushed_M.uexp" 1350
"E:/Unreal Projects New/LostSpark/Content/StarterBundle/ModularSci_Comm/Textures/Base/T_Base.ubulk" 1351
"E:/Unreal Projects New/LostSpark/Content/StarterBundle/ModularSci_Comm/Textures/Base/T_Base.uasset" 1352
"E:/Unreal Projects New/LostSpark/Content/StarterBundle/ModularSci_Comm/Textures/Base/T_Base.uexp" 1353
"E:/Unreal Projects New/LostSpark/Content/StarterBundle/ModularSci_Comm/Materials/M_Base_Trim.uasset" 1354
"E:/Unreal Projects New/LostSpark/Content/StarterBundle/ModularSci_Comm/Materials/M_Base_Trim.uexp" 1355
"E:/Unreal Projects New/LostSpark/Content/StarterBundle/ModularSci_Comm/Materials/MI_Trims_C_FloorBlack.uasset" 1356
"E:/Unreal Projects New/LostSpark/Content/StarterBundle/ModularSci_Comm/Materials/MI_Trims_C_FloorBlack.uexp" 1357
"E:/Unreal Projects New/LostSpark/Content/StarterBundle/ModularSci_Comm/Textures/T_Metal_Scratches_M.uasset" 1358
"E:/Unreal Projects New/LostSpark/Content/StarterBundle/ModularSci_Comm/Textures/T_Metal_Scratches_M.uexp" 1359
"E:/Unreal Projects New/LostSpark/Content/StarterBundle/ModularSci_Comm/Textures/T_Hexagon.ubulk" 1360
"E:/Unreal Projects New/LostSpark/Content/StarterBundle/ModularSci_Comm/Textures/T_Hexagon.uasset" 1361
"E:/Unreal Projects New/LostSpark/Content/StarterBundle/ModularSci_Comm/Textures/T_Hexagon.uexp" 1362
"E:/Unreal Projects New/LostSpark/Content/StarterBundle/ModularSci_Comm/Materials/M_SolidColor_Base.uasset" 1363
"E:/Unreal Projects New/LostSpark/Content/StarterBundle/ModularSci_Comm/Materials/M_SolidColor_Base.uexp" 1364
"E:/Unreal Projects New/LostSpark/Content/StarterBundle/ModularSci_Comm/Materials/MI_Solid_Black.uasset" 1365
"E:/Unreal Projects New/LostSpark/Content/StarterBundle/ModularSci_Comm/Materials/MI_Solid_Black.uexp" 1366
"E:/Unreal Projects New/LostSpark/Content/StarterBundle/ModularSci_Comm/Materials/MI_Trims_C_Red.uasset" 1367
"E:/Unreal Projects New/LostSpark/Content/StarterBundle/ModularSci_Comm/Materials/MI_Trims_C_Red.uexp" 1368
"E:/Unreal Projects New/LostSpark/Content/StarterBundle/ModularSci_Comm/Materials/MI_Trims_C_Gray.uasset" 1369
"E:/Unreal Projects New/LostSpark/Content/StarterBundle/ModularSci_Comm/Materials/MI_Trims_C_Gray.uexp" 1370
"E:/Unreal Projects New/LostSpark/Content/StarterBundle/ModularSci_Comm/Meshes/SM_Floor_Center_A3.ubulk" 1371
"E:/Unreal Projects New/LostSpark/Content/StarterBundle/ModularSci_Comm/Meshes/SM_Floor_Center_A3.uasset" 1372
"E:/Unreal Projects New/LostSpark/Content/StarterBundle/ModularSci_Comm/Meshes/SM_Floor_Center_A3.uexp" 1373
"E:/Unreal Projects New/LostSpark/Content/Blueprints/Meshes/BP_Start_Pad.uasset" 1374
"E:/Unreal Projects New/LostSpark/Content/Blueprints/Meshes/BP_Start_Pad.uexp" 1375
"E:/Unreal Projects New/LostSpark/Content/StarterBundle/ModularSci_Comm/Materials/MI_Trims_C_Yellow.uasset" 1376
"E:/Unreal Projects New/LostSpark/Content/StarterBundle/ModularSci_Comm/Materials/MI_Trims_C_Yellow.uexp" 1377
"E:/Unreal Projects New/LostSpark/Content/Blueprints/Materials/M_Elevators.uasset" 1378
"E:/Unreal Projects New/LostSpark/Content/Blueprints/Materials/M_Elevators.uexp" 1379
"E:/Unreal Projects New/LostSpark/Content/StarterBundle/ModularSci_Comm/Textures/T_Trims_A_normals.ubulk" 1380
"E:/Unreal Projects New/LostSpark/Content/StarterBundle/ModularSci_Comm/Textures/T_Trims_A_normals.uasset" 1381
"E:/Unreal Projects New/LostSpark/Content/StarterBundle/ModularSci_Comm/Textures/T_Trims_A_normals.uexp" 1382
"E:/Unreal Projects New/LostSpark/Content/StarterBundle/ModularSci_Comm/Textures/T_Trims_A_ML.ubulk" 1383
"E:/Unreal Projects New/LostSpark/Content/StarterBundle/ModularSci_Comm/Textures/T_Trims_A_ML.uasset" 1384
"E:/Unreal Projects New/LostSpark/Content/StarterBundle/ModularSci_Comm/Textures/T_Trims_A_ML.uexp" 1385
"E:/Unreal Projects New/LostSpark/Content/StarterBundle/ModularSci_Comm/Textures/T_Trims_A_diff.ubulk" 1386
"E:/Unreal Projects New/LostSpark/Content/StarterBundle/ModularSci_Comm/Textures/T_Trims_A_diff.uasset" 1387
"E:/Unreal Projects New/LostSpark/Content/StarterBundle/ModularSci_Comm/Textures/T_Trims_A_diff.uexp" 1388
"E:/Unreal Projects New/LostSpark/Content/StarterBundle/ModularSci_Comm/Textures/T_Trims_A_M.ubulk" 1389
"E:/Unreal Projects New/LostSpark/Content/StarterBundle/ModularSci_Comm/Textures/T_Trims_A_M.uasset" 1390
"E:/Unreal Projects New/LostSpark/Content/StarterBundle/ModularSci_Comm/Textures/T_Trims_A_M.uexp" 1391
"E:/Unreal Projects New/LostSpark/Content/StarterBundle/ModularSci_Comm/Materials/M_Base_3C.uasset" 1392
"E:/Unreal Projects New/LostSpark/Content/StarterBundle/ModularSci_Comm/Materials/M_Base_3C.uexp" 1393
"E:/Unreal Projects New/LostSpark/Content/StarterBundle/ModularSci_Comm/Materials/MI_Trims_A_Black.uasset" 1394
"E:/Unreal Projects New/LostSpark/Content/StarterBundle/ModularSci_Comm/Materials/MI_Trims_A_Black.uexp" 1395
"E:/Unreal Projects New/LostSpark/Content/StarterBundle/ModularSci_Comm/Materials/MI_Trims_A_Gray.uasset" 1396
"E:/Unreal Projects New/LostSpark/Content/StarterBundle/ModularSci_Comm/Materials/MI_Trims_A_Gray.uexp" 1397
"E:/Unreal Projects New/LostSpark/Content/StarterBundle/ModularSci_Comm/Materials/M_Base_SolidLight.uasset" 1398
"E:/Unreal Projects New/LostSpark/Content/StarterBundle/ModularSci_Comm/Materials/M_Base_SolidLight.uexp" 1399
"E:/Unreal Projects New/LostSpark/Content/StarterBundle/ModularSci_Comm/Materials/MI_Light_White.uasset" 1400
"E:/Unreal Projects New/LostSpark/Content/StarterBundle/ModularSci_Comm/Materials/MI_Light_White.uexp" 1401
"E:/Unreal Projects New/LostSpark/Content/StarterBundle/ModularSci_Comm/Meshes/SM_Light_B.ubulk" 1402
"E:/Unreal Projects New/LostSpark/Content/StarterBundle/ModularSci_Comm/Meshes/SM_Light_B.uasset" 1403
"E:/Unreal Projects New/LostSpark/Content/StarterBundle/ModularSci_Comm/Meshes/SM_Light_B.uexp" 1404
"E:/Unreal Projects New/LostSpark/Content/StarterBundle/ModularScifiProps/Meshes/SM_Floor_C.ubulk" 1405
"E:/Unreal Projects New/LostSpark/Content/StarterBundle/ModularScifiProps/Meshes/SM_Floor_C.uasset" 1406
"E:/Unreal Projects New/LostSpark/Content/StarterBundle/ModularScifiProps/Meshes/SM_Floor_C.uexp" 1407
"E:/Unreal Projects New/LostSpark/Content/Blueprints/Meshes/BP_Floor_Small.uasset" 1408
"E:/Unreal Projects New/LostSpark/Content/Blueprints/Meshes/BP_Floor_Small.uexp" 1409
"E:/Unreal Projects New/LostSpark/Content/Assets/Basic_VFX/Texture/T_glow_2.uasset" 1410
"E:/Unreal Projects New/LostSpark/Content/Assets/Basic_VFX/Texture/T_glow_2.uexp" 1411
"E:/Unreal Projects New/LostSpark/Content/Assets/Basic_VFX/Materials/M_light.uasset" 1412
"E:/Unreal Projects New/LostSpark/Content/Assets/Basic_VFX/Materials/M_light.uexp" 1413
"E:/Unreal Projects New/LostSpark/Content/Assets/Basic_VFX/Texture/T_ring.uasset" 1414
"E:/Unreal Projects New/LostSpark/Content/Assets/Basic_VFX/Texture/T_ring.uexp" 1415
"E:/Unreal Projects New/LostSpark/Content/Assets/Basic_VFX/Materials/M_light_2.uasset" 1416
"E:/Unreal Projects New/LostSpark/Content/Assets/Basic_VFX/Materials/M_light_2.uexp" 1417
"E:/Unreal Projects New/LostSpark/Content/Assets/Basic_VFX/Niagara/NS_Basic_13.uasset" 1418
"E:/Unreal Projects New/LostSpark/Content/Assets/Basic_VFX/Niagara/NS_Basic_13.uexp" 1419
"E:/Unreal Projects New/LostSpark/Content/Blueprints/Meshes/BP_Finish_Pad.uasset" 1420
"E:/Unreal Projects New/LostSpark/Content/Blueprints/Meshes/BP_Finish_Pad.uexp" 1421
"E:/Unreal Projects New/LostSpark/Content/Blueprints/Triggers/BP_DeathTriggerBox.uasset" 1422
"E:/Unreal Projects New/LostSpark/Content/Blueprints/Triggers/BP_DeathTriggerBox.uexp" 1423
"E:/Unreal Projects New/LostSpark/Content/Blueprints/Triggers/BP_HiddenTrigger.uasset" 1424
"E:/Unreal Projects New/LostSpark/Content/Blueprints/Triggers/BP_HiddenTrigger.uexp" 1425
"E:/Unreal Projects New/LostSpark/Content/StarterBundle/ModularScifiProps/Materials/M_Reg_Glass.uasset" 1426
"E:/Unreal Projects New/LostSpark/Content/StarterBundle/ModularScifiProps/Materials/M_Reg_Glass.uexp" 1427
"E:/Unreal Projects New/LostSpark/Content/StarterBundle/ModularScifiProps/Materials/MI_Reg_Glass_Dark.uasset" 1428
"E:/Unreal Projects New/LostSpark/Content/StarterBundle/ModularScifiProps/Materials/MI_Reg_Glass_Dark.uexp" 1429
"E:/Unreal Projects New/LostSpark/Content/StarterBundle/ModularScifiProps/Materials/M_SolidLight_Parent.uasset" 1430
"E:/Unreal Projects New/LostSpark/Content/StarterBundle/ModularScifiProps/Materials/M_SolidLight_Parent.uexp" 1431
"E:/Unreal Projects New/LostSpark/Content/StarterBundle/ModularScifiProps/Materials/MI_Light_White.uasset" 1432
"E:/Unreal Projects New/LostSpark/Content/StarterBundle/ModularScifiProps/Materials/MI_Light_White.uexp" 1433
"E:/Unreal Projects New/LostSpark/Content/StarterBundle/ModularScifiProps/Textures/T_CeilingLight_N_normals.ubulk" 1434
"E:/Unreal Projects New/LostSpark/Content/StarterBundle/ModularScifiProps/Textures/T_CeilingLight_N_normals.uasset" 1435
"E:/Unreal Projects New/LostSpark/Content/StarterBundle/ModularScifiProps/Textures/T_CeilingLight_N_normals.uexp" 1436
"E:/Unreal Projects New/LostSpark/Content/StarterBundle/ModularScifiProps/Textures/T_CeilingLight_M.ubulk" 1437
"E:/Unreal Projects New/LostSpark/Content/StarterBundle/ModularScifiProps/Textures/T_CeilingLight_M.uasset" 1438
"E:/Unreal Projects New/LostSpark/Content/StarterBundle/ModularScifiProps/Textures/T_CeilingLight_M.uexp" 1439
"E:/Unreal Projects New/LostSpark/Content/StarterBundle/ModularScifiProps/Textures/T_CeilingLight_Diff.ubulk" 1440
"E:/Unreal Projects New/LostSpark/Content/StarterBundle/ModularScifiProps/Textures/T_CeilingLight_Diff.uasset" 1441
"E:/Unreal Projects New/LostSpark/Content/StarterBundle/ModularScifiProps/Textures/T_CeilingLight_Diff.uexp" 1442
"E:/Unreal Projects New/LostSpark/Content/StarterBundle/ModularScifiProps/Materials/MI_CeilingLight.uasset" 1443
"E:/Unreal Projects New/LostSpark/Content/StarterBundle/ModularScifiProps/Materials/MI_CeilingLight.uexp" 1444
"E:/Unreal Projects New/LostSpark/Content/StarterBundle/ModularScifiProps/Meshes/SM_CeilingLight.ubulk" 1445
"E:/Unreal Projects New/LostSpark/Content/StarterBundle/ModularScifiProps/Meshes/SM_CeilingLight.uasset" 1446
"E:/Unreal Projects New/LostSpark/Content/StarterBundle/ModularScifiProps/Meshes/SM_CeilingLight.uexp" 1447
"E:/Unreal Projects New/LostSpark/Content/Blueprints/Lights/BP_CeilingLight.uasset" 1448
"E:/Unreal Projects New/LostSpark/Content/Blueprints/Lights/BP_CeilingLight.uexp" 1449
"E:/Unreal Projects New/LostSpark/Content/StarterBundle/ModularScifiHallways/Textures/T_Hall_Light_Square_N_normals.ubulk" 1450
"E:/Unreal Projects New/LostSpark/Content/StarterBundle/ModularScifiHallways/Textures/T_Hall_Light_Square_N_normals.uasset" 1451
"E:/Unreal Projects New/LostSpark/Content/StarterBundle/ModularScifiHallways/Textures/T_Hall_Light_Square_N_normals.uexp" 1452
"E:/Unreal Projects New/LostSpark/Content/StarterBundle/ModularScifiHallways/Textures/T_Hall_Light_Square_M.ubulk" 1453
"E:/Unreal Projects New/LostSpark/Content/StarterBundle/ModularScifiHallways/Textures/T_Hall_Light_Square_M.uasset" 1454
"E:/Unreal Projects New/LostSpark/Content/StarterBundle/ModularScifiHallways/Textures/T_Hall_Light_Square_M.uexp" 1455
"E:/Unreal Projects New/LostSpark/Content/StarterBundle/ModularScifiHallways/Textures/T_Hall_Light_Square_EM.ubulk" 1456
"E:/Unreal Projects New/LostSpark/Content/StarterBundle/ModularScifiHallways/Textures/T_Hall_Light_Square_EM.uasset" 1457
"E:/Unreal Projects New/LostSpark/Content/StarterBundle/ModularScifiHallways/Textures/T_Hall_Light_Square_EM.uexp" 1458
"E:/Unreal Projects New/LostSpark/Content/StarterBundle/ModularScifiHallways/Textures/T_Hall_Light_Square_Diff.ubulk" 1459
"E:/Unreal Projects New/LostSpark/Content/StarterBundle/ModularScifiHallways/Textures/T_Hall_Light_Square_Diff.uasset" 1460
"E:/Unreal Projects New/LostSpark/Content/StarterBundle/ModularScifiHallways/Textures/T_Hall_Light_Square_Diff.uexp" 1461
"E:/Unreal Projects New/LostSpark/Content/StarterBundle/ModularScifiHallways/Materials/MI_Hall_Light_Square_M.uasset" 1462
"E:/Unreal Projects New/LostSpark/Content/StarterBundle/ModularScifiHallways/Materials/MI_Hall_Light_Square_M.uexp" 1463
"E:/Unreal Projects New/LostSpark/Content/StarterBundle/ModularScifiHallways/Meshes/SM_Hall_Light_Square.ubulk" 1464
"E:/Unreal Projects New/LostSpark/Content/StarterBundle/ModularScifiHallways/Meshes/SM_Hall_Light_Square.uasset" 1465
"E:/Unreal Projects New/LostSpark/Content/StarterBundle/ModularScifiHallways/Meshes/SM_Hall_Light_Square.uexp" 1466
"E:/Unreal Projects New/LostSpark/Content/Blueprints/Lights/BP_Hall_Light_Arrow.uasset" 1467
"E:/Unreal Projects New/LostSpark/Content/Blueprints/Lights/BP_Hall_Light_Arrow.uexp" 1468
"E:/Unreal Projects New/LostSpark/Content/StarterBundle/ModularSci_Int/Textures/T_Trims_B_N_normals.ubulk" 1469
"E:/Unreal Projects New/LostSpark/Content/StarterBundle/ModularSci_Int/Textures/T_Trims_B_N_normals.uasset" 1470
"E:/Unreal Projects New/LostSpark/Content/StarterBundle/ModularSci_Int/Textures/T_Trims_B_N_normals.uexp" 1471
"E:/Unreal Projects New/LostSpark/Content/StarterBundle/ModularSci_Int/Textures/T_Trims_B_M_B.ubulk" 1472
"E:/Unreal Projects New/LostSpark/Content/StarterBundle/ModularSci_Int/Textures/T_Trims_B_M_B.uasset" 1473
"E:/Unreal Projects New/LostSpark/Content/StarterBundle/ModularSci_Int/Textures/T_Trims_B_M_B.uexp" 1474
"E:/Unreal Projects New/LostSpark/Content/StarterBundle/ModularSci_Int/Textures/T_Trims_B_Diff_B.ubulk" 1475
"E:/Unreal Projects New/LostSpark/Content/StarterBundle/ModularSci_Int/Textures/T_Trims_B_Diff_B.uasset" 1476
"E:/Unreal Projects New/LostSpark/Content/StarterBundle/ModularSci_Int/Textures/T_Trims_B_Diff_B.uexp" 1477
"E:/Unreal Projects New/LostSpark/Content/StarterBundle/ModularSci_Int/Textures/T_Metal_Scratches_M.uasset" 1478
"E:/Unreal Projects New/LostSpark/Content/StarterBundle/ModularSci_Int/Textures/T_Metal_Scratches_M.uexp" 1479
"E:/Unreal Projects New/LostSpark/Content/StarterBundle/ModularSci_Int/Textures/T_Metal_Brushed_N.ubulk" 1480
"E:/Unreal Projects New/LostSpark/Content/StarterBundle/ModularSci_Int/Textures/T_Metal_Brushed_N.uasset" 1481
"E:/Unreal Projects New/LostSpark/Content/StarterBundle/ModularSci_Int/Textures/T_Metal_Brushed_N.uexp" 1482
"E:/Unreal Projects New/LostSpark/Content/StarterBundle/ModularSci_Int/Textures/T_Hall_Door_L_N_normals.ubulk" 1483
"E:/Unreal Projects New/LostSpark/Content/StarterBundle/ModularSci_Int/Textures/T_Hall_Door_L_N_normals.uasset" 1484
"E:/Unreal Projects New/LostSpark/Content/StarterBundle/ModularSci_Int/Textures/T_Hall_Door_L_N_normals.uexp" 1485
"E:/Unreal Projects New/LostSpark/Content/StarterBundle/ModularSci_Int/Textures/T_Hall_Door_L_M.ubulk" 1486
"E:/Unreal Projects New/LostSpark/Content/StarterBundle/ModularSci_Int/Textures/T_Hall_Door_L_M.uasset" 1487
"E:/Unreal Projects New/LostSpark/Content/StarterBundle/ModularSci_Int/Textures/T_Hall_Door_L_M.uexp" 1488
"E:/Unreal Projects New/LostSpark/Content/StarterBundle/ModularSci_Int/Textures/T_Hall_Door_Diff.ubulk" 1489
"E:/Unreal Projects New/LostSpark/Content/StarterBundle/ModularSci_Int/Textures/T_Hall_Door_Diff.uasset" 1490
"E:/Unreal Projects New/LostSpark/Content/StarterBundle/ModularSci_Int/Textures/T_Hall_Door_Diff.uexp" 1491
"E:/Unreal Projects New/LostSpark/Content/StarterBundle/ModularSci_Int/Textures/T_DefaultLight_S.uasset" 1492
"E:/Unreal Projects New/LostSpark/Content/StarterBundle/ModularSci_Int/Textures/T_DefaultLight_S.uexp" 1493
"E:/Unreal Projects New/LostSpark/Content/StarterBundle/ModularSci_Int/Materials/M_Base_2C.uasset" 1494
"E:/Unreal Projects New/LostSpark/Content/StarterBundle/ModularSci_Int/Materials/M_Base_2C.uexp" 1495
"E:/Unreal Projects New/LostSpark/Content/StarterBundle/ModularSci_Int/Materials/MI_Trims_B_2.uasset" 1496
"E:/Unreal Projects New/LostSpark/Content/StarterBundle/ModularSci_Int/Materials/MI_Trims_B_2.uexp" 1497
"E:/Unreal Projects New/LostSpark/Content/StarterBundle/ModularSci_Int/Textures/T_Pipes_A_N_normals.ubulk" 1498
"E:/Unreal Projects New/LostSpark/Content/StarterBundle/ModularSci_Int/Textures/T_Pipes_A_N_normals.uasset" 1499
"E:/Unreal Projects New/LostSpark/Content/StarterBundle/ModularSci_Int/Textures/T_Pipes_A_N_normals.uexp" 1500
"E:/Unreal Projects New/LostSpark/Content/StarterBundle/ModularSci_Int/Textures/T_Pipes_A_M.ubulk" 1501
"E:/Unreal Projects New/LostSpark/Content/StarterBundle/ModularSci_Int/Textures/T_Pipes_A_M.uasset" 1502
"E:/Unreal Projects New/LostSpark/Content/StarterBundle/ModularSci_Int/Textures/T_Pipes_A_M.uexp" 1503
"E:/Unreal Projects New/LostSpark/Content/StarterBundle/ModularSci_Int/Textures/T_Pipes_A_Diff.ubulk" 1504
"E:/Unreal Projects New/LostSpark/Content/StarterBundle/ModularSci_Int/Textures/T_Pipes_A_Diff.uasset" 1505
"E:/Unreal Projects New/LostSpark/Content/StarterBundle/ModularSci_Int/Textures/T_Pipes_A_Diff.uexp" 1506
"E:/Unreal Projects New/LostSpark/Content/StarterBundle/ModularSci_Int/Materials/MI_Pipes_A.uasset" 1507
"E:/Unreal Projects New/LostSpark/Content/StarterBundle/ModularSci_Int/Materials/MI_Pipes_A.uexp" 1508
"E:/Unreal Projects New/LostSpark/Content/StarterBundle/ModularSci_Int/Meshes/SM_Pipe_Div_B.ubulk" 1509
"E:/Unreal Projects New/LostSpark/Content/StarterBundle/ModularSci_Int/Meshes/SM_Pipe_Div_B.uasset" 1510
"E:/Unreal Projects New/LostSpark/Content/StarterBundle/ModularSci_Int/Meshes/SM_Pipe_Div_B.uexp" 1511
"../../../Engine/Plugins/FX/Niagara/Content/DefaultAssets/DefaultSpriteMaterial.uasset" 1512
"../../../Engine/Plugins/FX/Niagara/Content/DefaultAssets/DefaultSpriteMaterial.uexp" 1513
"E:/Unreal Projects New/LostSpark/Content/Blueprints/Materials/M_ForceField.uasset" 1514
"E:/Unreal Projects New/LostSpark/Content/Blueprints/Materials/M_ForceField.uexp" 1515
"E:/Unreal Projects New/LostSpark/Content/Blueprints/Materials/MI_ForceField_Inst.uasset" 1516
"E:/Unreal Projects New/LostSpark/Content/Blueprints/Materials/MI_ForceField_Inst.uexp" 1517
"E:/Unreal Projects New/LostSpark/Content/Blueprints/Materials/M_ElectricZaps.uasset" 1518
"E:/Unreal Projects New/LostSpark/Content/Blueprints/Materials/M_ElectricZaps.uexp" 1519
"E:/Unreal Projects New/LostSpark/Content/Blueprints/Materials/MI_ElectricZaps_Inst.uasset" 1520
"E:/Unreal Projects New/LostSpark/Content/Blueprints/Materials/MI_ElectricZaps_Inst.uexp" 1521
"E:/Unreal Projects New/LostSpark/Content/Blueprints/VFX/NS_LightningBeam.uasset" 1522
"E:/Unreal Projects New/LostSpark/Content/Blueprints/VFX/NS_LightningBeam.uexp" 1523
"E:/Unreal Projects New/LostSpark/Content/Blueprints/VFX/NS_Electrified.uasset" 1524
"E:/Unreal Projects New/LostSpark/Content/Blueprints/VFX/NS_Electrified.uexp" 1525
"E:/Unreal Projects New/LostSpark/Content/Assets/Audio/SC_ElectricForcefield.uasset" 1526
"E:/Unreal Projects New/LostSpark/Content/Assets/Audio/SC_ElectricForcefield.uexp" 1527
"E:/Unreal Projects New/LostSpark/Content/Blueprints/DamagingActors/BP_ForceField.uasset" 1528
"E:/Unreal Projects New/LostSpark/Content/Blueprints/DamagingActors/BP_ForceField.uexp" 1529
"E:/Unreal Projects New/LostSpark/Content/Maps/LVL3.uexp" 1530
"E:/Unreal Projects New/LostSpark/Content/Maps/LVL3.umap" 1531
"E:/Unreal Projects New/LostSpark/Content/Blueprints/Materials/M_EnemyMat_Inst.uasset" 1532
"E:/Unreal Projects New/LostSpark/Content/Blueprints/Materials/M_EnemyMat_Inst.uexp" 1533
"E:/Unreal Projects New/LostSpark/Content/Blueprints/VFX/NS_DeathFloor.uasset" 1534
"E:/Unreal Projects New/LostSpark/Content/Blueprints/VFX/NS_DeathFloor.uexp" 1535
"E:/Unreal Projects New/LostSpark/Content/Blueprints/DamagingActors/BP_DamageFloor.uasset" 1536
"E:/Unreal Projects New/LostSpark/Content/Blueprints/DamagingActors/BP_DamageFloor.uexp" 1537
"E:/Unreal Projects New/LostSpark/Content/StarterBundle/ModularSci_Int/Textures/T_Trims_B_M.ubulk" 1538
"E:/Unreal Projects New/LostSpark/Content/StarterBundle/ModularSci_Int/Textures/T_Trims_B_M.uasset" 1539
"E:/Unreal Projects New/LostSpark/Content/StarterBundle/ModularSci_Int/Textures/T_Trims_B_M.uexp" 1540
"E:/Unreal Projects New/LostSpark/Content/StarterBundle/ModularSci_Int/Textures/T_Trims_B_Diff.ubulk" 1541
"E:/Unreal Projects New/LostSpark/Content/StarterBundle/ModularSci_Int/Textures/T_Trims_B_Diff.uasset" 1542
"E:/Unreal Projects New/LostSpark/Content/StarterBundle/ModularSci_Int/Textures/T_Trims_B_Diff.uexp" 1543
"E:/Unreal Projects New/LostSpark/Content/StarterBundle/ModularSci_Int/Materials/MI_Trims_B.uasset" 1544
"E:/Unreal Projects New/LostSpark/Content/StarterBundle/ModularSci_Int/Materials/MI_Trims_B.uexp" 1545
"E:/Unreal Projects New/LostSpark/Content/StarterBundle/ModularSci_Int/Materials/MI_Pipes_A_Dark.uasset" 1546
"E:/Unreal Projects New/LostSpark/Content/StarterBundle/ModularSci_Int/Materials/MI_Pipes_A_Dark.uexp" 1547
"E:/Unreal Projects New/LostSpark/Content/StarterBundle/ModularSci_Int/Textures/T_Win_Post_A_N_normals.ubulk" 1548
"E:/Unreal Projects New/LostSpark/Content/StarterBundle/ModularSci_Int/Textures/T_Win_Post_A_N_normals.uasset" 1549
"E:/Unreal Projects New/LostSpark/Content/StarterBundle/ModularSci_Int/Textures/T_Win_Post_A_N_normals.uexp" 1550
"E:/Unreal Projects New/LostSpark/Content/StarterBundle/ModularSci_Int/Textures/T_Win_Post_A_M.ubulk" 1551
"E:/Unreal Projects New/LostSpark/Content/StarterBundle/ModularSci_Int/Textures/T_Win_Post_A_M.uasset" 1552
"E:/Unreal Projects New/LostSpark/Content/StarterBundle/ModularSci_Int/Textures/T_Win_Post_A_M.uexp" 1553
"E:/Unreal Projects New/LostSpark/Content/StarterBundle/ModularSci_Int/Textures/T_Win_Post_A_Diff.ubulk" 1554
"E:/Unreal Projects New/LostSpark/Content/StarterBundle/ModularSci_Int/Textures/T_Win_Post_A_Diff.uasset" 1555
"E:/Unreal Projects New/LostSpark/Content/StarterBundle/ModularSci_Int/Textures/T_Win_Post_A_Diff.uexp" 1556
"E:/Unreal Projects New/LostSpark/Content/StarterBundle/ModularSci_Int/Materials/MI_Win_Post_A.uasset" 1557
"E:/Unreal Projects New/LostSpark/Content/StarterBundle/ModularSci_Int/Materials/MI_Win_Post_A.uexp" 1558
"E:/Unreal Projects New/LostSpark/Content/StarterBundle/ModularSci_Int/Textures/T_Win_Post_A2_N_normals.ubulk" 1559
"E:/Unreal Projects New/LostSpark/Content/StarterBundle/ModularSci_Int/Textures/T_Win_Post_A2_N_normals.uasset" 1560
"E:/Unreal Projects New/LostSpark/Content/StarterBundle/ModularSci_Int/Textures/T_Win_Post_A2_N_normals.uexp" 1561
"E:/Unreal Projects New/LostSpark/Content/StarterBundle/ModularSci_Int/Textures/T_Win_Post_A2_M.ubulk" 1562
"E:/Unreal Projects New/LostSpark/Content/StarterBundle/ModularSci_Int/Textures/T_Win_Post_A2_M.uasset" 1563
"E:/Unreal Projects New/LostSpark/Content/StarterBundle/ModularSci_Int/Textures/T_Win_Post_A2_M.uexp" 1564
"E:/Unreal Projects New/LostSpark/Content/StarterBundle/ModularSci_Int/Textures/T_Win_Post_A2_Diff.ubulk" 1565
"E:/Unreal Projects New/LostSpark/Content/StarterBundle/ModularSci_Int/Textures/T_Win_Post_A2_Diff.uasset" 1566
"E:/Unreal Projects New/LostSpark/Content/StarterBundle/ModularSci_Int/Textures/T_Win_Post_A2_Diff.uexp" 1567
"E:/Unreal Projects New/LostSpark/Content/StarterBundle/ModularSci_Int/Materials/MI_Win_Post_A2.uasset" 1568
"E:/Unreal Projects New/LostSpark/Content/StarterBundle/ModularSci_Int/Materials/MI_Win_Post_A2.uexp" 1569
"E:/Unreal Projects New/LostSpark/Content/StarterBundle/ModularSci_Int/Meshes/SM_Win_Post_A.ubulk" 1570
"E:/Unreal Projects New/LostSpark/Content/StarterBundle/ModularSci_Int/Meshes/SM_Win_Post_A.uasset" 1571
"E:/Unreal Projects New/LostSpark/Content/StarterBundle/ModularSci_Int/Meshes/SM_Win_Post_A.uexp" 1572
"E:/Unreal Projects New/LostSpark/Content/StarterBundle/ModularSci_Int/Meshes/SM_Win_Post_A_2.ubulk" 1573
"E:/Unreal Projects New/LostSpark/Content/StarterBundle/ModularSci_Int/Meshes/SM_Win_Post_A_2.uasset" 1574
"E:/Unreal Projects New/LostSpark/Content/StarterBundle/ModularSci_Int/Meshes/SM_Win_Post_A_2.uexp" 1575
"E:/Unreal Projects New/LostSpark/Content/StarterBundle/ModularScifiProps/Meshes/SM_AltFloor_A.ubulk" 1576
"E:/Unreal Projects New/LostSpark/Content/StarterBundle/ModularScifiProps/Meshes/SM_AltFloor_A.uasset" 1577
"E:/Unreal Projects New/LostSpark/Content/StarterBundle/ModularScifiProps/Meshes/SM_AltFloor_A.uexp" 1578
"E:/Unreal Projects New/LostSpark/Content/Blueprints/Meshes/BP_Wall_Jumper.uasset" 1579
"E:/Unreal Projects New/LostSpark/Content/Blueprints/Meshes/BP_Wall_Jumper.uexp" 1580
"E:/Unreal Projects New/LostSpark/Content/Maps/LVL2.uexp" 1581
"E:/Unreal Projects New/LostSpark/Content/Maps/LVL2.umap" 1582
"E:/Unreal Projects New/LostSpark/Content/StarterBundle/ModularSci_Int/Meshes/SM_Ceiling_B_2.ubulk" 1583
"E:/Unreal Projects New/LostSpark/Content/StarterBundle/ModularSci_Int/Meshes/SM_Ceiling_B_2.uasset" 1584
"E:/Unreal Projects New/LostSpark/Content/StarterBundle/ModularSci_Int/Meshes/SM_Ceiling_B_2.uexp" 1585
"E:/Unreal Projects New/LostSpark/Content/Blueprints/UMG/WB_TutorialText.uasset" 1586
"E:/Unreal Projects New/LostSpark/Content/Blueprints/UMG/WB_TutorialText.uexp" 1587
"E:/Unreal Projects New/LostSpark/Content/Blueprints/UMG/BP_TutorialTexts.uasset" 1588
"E:/Unreal Projects New/LostSpark/Content/Blueprints/UMG/BP_TutorialTexts.uexp" 1589
"E:/Unreal Projects New/LostSpark/Content/Maps/LVL1_Tutorial.uexp" 1590
"E:/Unreal Projects New/LostSpark/Content/Maps/LVL1_Tutorial.umap" 1591
