"E:/Unreal Projects New/Sparks/Sparks.uproject" 1
"../../../Engine/Plugins/AudioGameplay/AudioGameplay.uplugin" 2
"../../../Engine/Plugins/AudioInsights/AudioInsights.uplugin" 3
"../../../Engine/Plugins/AudioGameplayVolume/AudioGameplayVolume.uplugin" 4
"../../../Engine/Plugins/BlueprintFileUtils/BlueprintFileUtils.uplugin" 5
"../../../Engine/Plugins/ChaosVD/ChaosVD.uplugin" 6
"../../../Engine/Plugins/ChaosCloth/ChaosCloth.uplugin" 7
"../../../Engine/Plugins/Bridge/Bridge.uplugin" 8
"../../../Engine/Plugins/ChaosInsights/ChaosInsights.uplugin" 9
"../../../Engine/Plugins/ChaosClothAssetEditor/ChaosClothAssetEditor.uplugin" 10
"../../../Engine/Plugins/CmdLinkServer/CmdLinkServer.uplugin" 11
"../../../Engine/Plugins/Chooser/Chooser.uplugin" 12
"../../../Engine/Plugins/EnhancedInput/EnhancedInput.uplugin" 13
"../../../Engine/Plugins/FastBuildController/FastBuildController.uplugin" 14
"../../../Engine/Plugins/ChaosClothAsset/ChaosClothAsset.uplugin" 15
"../../../Engine/Plugins/MassInsights/MassInsights.uplugin" 16
"../../../Engine/Plugins/PCG/PCG.uplugin" 17
"../../../Engine/Plugins/DiscoveryBeaconReceiver/DiscoveryBeaconReceiver.uplugin" 18
"../../../Engine/Plugins/RenderGraphInsights/RenderGraphInsights.uplugin" 19
"../../../Engine/Plugins/IoStoreInsights/IoStoreInsights.uplugin" 20
"../../../Engine/Plugins/JsonBlueprintUtilities/JsonBlueprintUtilities.uplugin" 21
"../../../Engine/Plugins/Mutable/Mutable.uplugin" 22
"../../../Engine/Plugins/LightWeightInstancesEditor/LightWeightInstancesEditor.uplugin" 23
"../../../Engine/Plugins/MeshPainting/MeshPainting.uplugin" 24
"../../../Engine/Plugins/UbaController/UbaController.uplugin" 25
"../../../Engine/Plugins/ScriptPlugin/ScriptPlugin.uplugin" 26
"../../../Engine/Plugins/MemoryUsageQueries/MemoryUsageQueries.uplugin" 27
"../../../Engine/Plugins/TextureGraph/TextureGraph.uplugin" 28
"../../../Engine/Plugins/Experimental/ActorPalette/ActorPalette.uplugin" 29
"../../../Engine/Plugins/TraceUtilities/TraceUtilities.uplugin" 30
"../../../Engine/Plugins/XGEController/XGEController.uplugin" 31
"../../../Engine/Plugins/Experimental/AbilitySystemGameFeatureActions/AbilitySystemGameFeatureActions.uplugin" 32
"../../../Engine/Plugins/Experimental/AnimNextAnimGraph/AnimNextAnimGraph.uplugin" 33
"../../../Engine/Plugins/Experimental/AnimNextPoseSearch/AnimNextPoseSearch.uplugin" 34
"../../../Engine/Plugins/Experimental/AdvancedRenamer/AdvancedRenamer.uplugin" 35
"../../../Engine/Plugins/Experimental/AnimNextWarping/AnimNextWarping.uplugin" 36
"../../../Engine/Plugins/Experimental/AsyncMessageSystem/AsyncMessageSystem.uplugin" 37
"../../../Engine/Plugins/Experimental/AutomationUtils/AutomationUtils.uplugin" 38
"../../../Engine/Plugins/Experimental/AnimNextStateTree/AnimNextStateTree.uplugin" 39
"../../../Engine/Plugins/Experimental/AsyncMessageSystemTests/AsyncMessageSystemTests.uplugin" 40
"../../../Engine/Plugins/Experimental/AvalancheDisplayCluster/AvalancheDisplayCluster.uplugin" 41
"../../../Engine/Plugins/Experimental/AnimNextChooser/AnimNextChooser.uplugin" 42
"../../../Engine/Plugins/Experimental/AvalancheDataLink/AvalancheDataLink.uplugin" 43
"../../../Engine/Plugins/Experimental/AnimNextControlRig/AnimNextControlRig.uplugin" 44
"../../../Engine/Plugins/Experimental/AvalancheSceneState/AvalancheSceneState.uplugin" 45
"../../../Engine/Plugins/Fab/Fab.uplugin" 46
"../../../Engine/Plugins/Experimental/BlueprintStats/BlueprintStats.uplugin" 47
"../../../Engine/Plugins/Experimental/AnimNext/AnimNext.uplugin" 48
"../../../Engine/Plugins/Experimental/AvalancheSequenceNavigator/AvalancheSequenceNavigator.uplugin" 49
"../../../Engine/Plugins/WorldMetrics/WorldMetrics.uplugin" 50
"../../../Engine/Plugins/Experimental/ChaosCachingUSD/ChaosCachingUSD.uplugin" 51
"../../../Engine/Plugins/Experimental/ChaosFlesh/ChaosFlesh.uplugin" 52
"../../../Engine/Plugins/Experimental/Buoyancy/Buoyancy.uplugin" 53
"../../../Engine/Plugins/Experimental/ChaosModularVehicleExamples/ChaosModularVehicleExamples.uplugin" 54
"../../../Engine/Plugins/Experimental/BackChannel/BackChannel.uplugin" 55
"../../../Engine/Plugins/Experimental/ChaosModularVehicle/ChaosModularVehicle.uplugin" 56
"../../../Engine/Plugins/Experimental/CharacterAI/CharacterAI.uplugin" 57
"../../../Engine/Plugins/Experimental/ChaosOutfitAsset/ChaosOutfitAsset.uplugin" 58
"../../../Engine/Plugins/Experimental/BlueprintSnapNodes/BlueprintSnapNodes.uplugin" 59
"../../../Engine/Plugins/Experimental/CineCameraRigs/CineCameraRigs.uplugin" 60
"../../../Engine/Plugins/Experimental/ChaosCaching/ChaosCaching.uplugin" 61
"../../../Engine/Plugins/Experimental/CineCameraSceneCapture/CineCameraSceneCapture.uplugin" 62
"../../../Engine/Plugins/Experimental/CodeEditor/CodeEditor.uplugin" 63
"../../../Engine/Plugins/Experimental/CelestialVault/CelestialVault.uplugin" 64
"../../../Engine/Plugins/Experimental/CodeView/CodeView.uplugin" 65
"../../../Engine/Plugins/Experimental/AnimToTexture/AnimToTexture.uplugin" 66
"../../../Engine/Plugins/Experimental/ColorCorrectRegions/ColorCorrectRegions.uplugin" 67
"../../../Engine/Plugins/Experimental/ChaosClothEditor/ChaosClothEditor.uplugin" 68
"../../../Engine/Plugins/Experimental/Dataflow/Dataflow.uplugin" 69
"../../../Engine/Plugins/Experimental/CommonConversation/CommonConversation.uplugin" 70
"../../../Engine/Plugins/Experimental/DataLink/DataLink.uplugin" 71
"../../../Engine/Plugins/Experimental/ChaosNiagara/ChaosNiagara.uplugin" 72
"../../../Engine/Plugins/Experimental/ControlFlows/ControlFlows.uplugin" 73
"../../../Engine/Plugins/Experimental/ChaosSolverPlugin/ChaosSolverPlugin.uplugin" 74
"../../../Engine/Plugins/Experimental/DataLinkOAuth/DataLinkOAuth.uplugin" 75
"../../../Engine/Plugins/Experimental/DaySequence/DaySequence.uplugin" 76
"../../../Engine/Plugins/Experimental/ChaosUserDataPT/ChaosUserDataPT.uplugin" 77
"../../../Engine/Plugins/Experimental/EditorDataStorage/EditorDataStorage.uplugin" 78
"../../../Engine/Plugins/Experimental/FastGeoStreaming/FastGeoStreaming.uplugin" 79
"../../../Engine/Plugins/Experimental/ChaosMover/ChaosMover.uplugin" 80
"../../../Engine/Plugins/Experimental/EditorPerformance/EditorPerformance.uplugin" 81
"../../../Engine/Plugins/Experimental/EvaluationNotifies/EvaluationNotifies.uplugin" 82
"../../../Engine/Plugins/Experimental/ChaosEditor/ChaosEditor.uplugin" 83
"../../../Engine/Plugins/Experimental/FullBodyIK/FullBodyIK.uplugin" 84
"../../../Engine/Plugins/Experimental/GameInputWindows/GameInputWindows.uplugin" 85
"../../../Engine/Plugins/Experimental/FloatingProperties/FloatingProperties.uplugin" 86
"../../../Engine/Plugins/Experimental/GameplayGraph/GameplayGraph.uplugin" 87
"../../../Engine/Plugins/Experimental/DefaultInstallBundleManager/DefaultInstallBundleManager.uplugin" 88
"../../../Engine/Plugins/Experimental/GameplayTargetingSystem/TargetingSystem.uplugin" 89
"../../../Engine/Plugins/Experimental/DynamicMaterialMediaStreamBridge/DynamicMaterialMediaStreamBridge.uplugin" 90
"../../../Engine/Plugins/Experimental/GeometryCollectionPlugin/GeometryCollectionPlugin.uplugin" 91
"../../../Engine/Plugins/Experimental/EditorTelemetry/EditorTelemetry.uplugin" 92
"../../../Engine/Plugins/Experimental/GameplayBehaviors/GameplayBehaviors.uplugin" 93
"../../../Engine/Plugins/Experimental/GeometryCacheLevelSequenceBaker/GeometryCacheLevelSequenceBaker.uplugin" 94
"../../../Engine/Plugins/Experimental/GizmoEdMode/GizmoEdMode.uplugin" 95
"../../../Engine/Plugins/Experimental/ChaosVehiclesPlugin/ChaosVehiclesPlugin.uplugin" 96
"../../../Engine/Plugins/Experimental/GizmoFramework/GizmoFramework.uplugin" 97
"../../../Engine/Plugins/Experimental/EditorDataStorageFeatures/EditorDataStorageFeatures.uplugin" 98
"../../../Engine/Plugins/Experimental/GPULightmass/GPULightmass.uplugin" 99
"../../../Engine/Plugins/Experimental/FieldSystemPlugin/FieldSystemPlugin.uplugin" 100
"../../../Engine/Plugins/Experimental/GeometryFlow/GeometryFlow.uplugin" 101
"../../../Engine/Plugins/Experimental/GeometryDataflow/GeometryDataflow.uplugin" 102
"../../../Engine/Plugins/Experimental/ImageWidgets/ImageWidgets.uplugin" 103
"../../../Engine/Plugins/Experimental/GeometryCacheAbcFile/GeometryCacheAbcFile.uplugin" 104
"../../../Engine/Plugins/Experimental/ImpostorBaker/ImpostorBaker.uplugin" 105
"../../../Engine/Plugins/Experimental/Gauntlet/Gauntlet.uplugin" 106
"../../../Engine/Plugins/Experimental/Fracture/Fracture.uplugin" 107
"../../../Engine/Plugins/Experimental/JWT/JWT.uplugin" 108
"../../../Engine/Plugins/Experimental/Landmass/Landmass.uplugin" 109
"../../../Engine/Plugins/Experimental/HairStrandsMutable/HairStrandsMutable.uplugin" 110
"../../../Engine/Plugins/Experimental/LearningAgents/LearningAgents.uplugin" 111
"../../../Engine/Plugins/Experimental/LandscapePatch/LandscapePatch.uplugin" 112
"../../../Engine/Plugins/Experimental/LiveLinkControlRig/LiveLinkControlRig.uplugin" 113
"../../../Engine/Plugins/Experimental/HairModelingToolset/HairModelingToolset.uplugin" 114
"../../../Engine/Plugins/Experimental/LocalizableMessage/LocalizableMessage.uplugin" 115
"../../../Engine/Plugins/Experimental/MeshModelingToolsetExp/MeshModelingToolsetExp.uplugin" 116
"../../../Engine/Plugins/Experimental/LowLevelNetTrace/LowLevelNetTrace.uplugin" 117
"../../../Engine/Plugins/Experimental/LevelSequenceNavigatorBridge/LevelSequenceNavigatorBridge.uplugin" 118
"../../../Engine/Plugins/Experimental/Iris/Iris.uplugin" 119
"../../../Engine/Plugins/Experimental/MetasoundExperimental/MetasoundExperimental.uplugin" 120
"../../../Engine/Plugins/Experimental/InteractionInterface/InteractionInterface.uplugin" 121
"../../../Engine/Plugins/Experimental/CinematicPrestreaming/CinematicPrestreaming.uplugin" 122
"../../../Engine/Plugins/Experimental/ImagePlate/ImagePlate.uplugin" 123
"../../../Engine/Plugins/Experimental/LiveLinkFaceImporter/LiveLinkFaceImporter.uplugin" 124
"../../../Engine/Plugins/Experimental/InlineMaterialInstance/InlineMaterialInstance.uplugin" 125
"../../../Engine/Plugins/Experimental/MoverExamples/MoverExamples.uplugin" 126
"../../../Engine/Plugins/Experimental/MeshResizing/MeshResizing.uplugin" 127
"../../../Engine/Plugins/Experimental/LiveLinkOpenVR/LiveLinkOpenVR.uplugin" 128
"../../../Engine/Plugins/Experimental/Mover/Mover.uplugin" 129
"../../../Engine/Plugins/Experimental/MotoSynth/MotoSynth.uplugin" 130
"../../../Engine/Plugins/Experimental/MediaStream/MediaStream.uplugin" 131
"../../../Engine/Plugins/Experimental/MoverTests/MoverTests.uplugin" 132
"../../../Engine/Plugins/Experimental/NaniteDisplacedMesh/NaniteDisplacedMesh.uplugin" 133
"../../../Engine/Plugins/Experimental/HairCardGenerator/HairCardGenerator.uplugin" 134
"../../../Engine/Plugins/Experimental/MovieScenePoseSearchTracks/MovieScenePoseSearchTracks.uplugin" 135
"../../../Engine/Plugins/Experimental/MutableClothing/MutableClothing.uplugin" 136
"../../../Engine/Plugins/Experimental/NNERuntimeBasicCpu/NNERuntimeBasicCpu.uplugin" 137
"../../../Engine/Plugins/Experimental/NNERuntimeCoreML/NNERuntimeCoreML.uplugin" 138
"../../../Engine/Plugins/Experimental/MLflow/MLflow.uplugin" 139
"../../../Engine/Plugins/Experimental/MoverAnimNext/MoverAnimNext.uplugin" 140
"../../../Engine/Plugins/Experimental/MutablePopulation/MutablePopulation.uplugin" 141
"../../../Engine/Plugins/Experimental/NNERuntimeIREE/NNERuntimeIREE.uplugin" 142
"../../../Engine/Plugins/Experimental/OpenImageDenoise/OpenImageDenoise.uplugin" 143
"../../../Engine/Plugins/Experimental/NeuralRendering/NeuralRendering.uplugin" 144
"../../../Engine/Plugins/Experimental/PCGBiomeCore/PCGBiomeCore.uplugin" 145
"../../../Engine/Plugins/Experimental/PhysicsControl/PhysicsControl.uplugin" 146
"../../../Engine/Plugins/Experimental/MovieSceneAnimMixer/MovieSceneAnimMixer.uplugin" 147
"../../../Engine/Plugins/Experimental/PanoramicCapture/PanoramicCapture.uplugin" 148
"../../../Engine/Plugins/Experimental/MotorSimOutputMotoSynth/MotorSimOutputMotoSynth.uplugin" 149
"../../../Engine/Plugins/Experimental/MoverIntegrations/MoverIntegrations.uplugin" 150
"../../../Engine/Plugins/Experimental/PlainPropsUObject/PlainPropsUObject.uplugin" 151
"../../../Engine/Plugins/Experimental/NFORDenoise/NFORDenoise.uplugin" 152
"../../../Engine/Plugins/Experimental/PlatformCrypto/PlatformCrypto.uplugin" 153
"../../../Engine/Plugins/Experimental/PluginAudit/PluginAudit.uplugin" 154
"../../../Engine/Plugins/Experimental/PluginReferenceViewer/PluginReferenceViewer.uplugin" 155
"../../../Engine/Plugins/Experimental/PlanarCutPlugin/PlanarCut.uplugin" 156
"../../../Engine/Plugins/Experimental/PluginTemplateTool/PluginTemplateTool.uplugin" 157
"../../../Engine/Plugins/Experimental/PixelStreamingPlayer/PixelStreamingPlayer.uplugin" 158
"../../../Engine/Plugins/Experimental/PostProcessMaterialChainGraph/PostProcessMaterialChainGraph.uplugin" 159
"../../../Engine/Plugins/Experimental/PSDImporter/PSDImporter.uplugin" 160
"../../../Engine/Plugins/Experimental/PythonFoundationPackages/PythonFoundationPackages.uplugin" 161
"../../../Engine/Plugins/Experimental/PythonScriptPlugin/PythonScriptPlugin.uplugin" 162
"../../../Engine/Plugins/Experimental/RawInput/RawInput.uplugin" 163
"../../../Engine/Plugins/Experimental/PlainProps/PlainProps.uplugin" 164
"../../../Engine/Plugins/Experimental/QuicMessaging/QuicMessaging.uplugin" 165
"../../../Engine/Plugins/Experimental/NNERuntimeRDG/NNERuntimeRDG.uplugin" 166
"../../../Engine/Plugins/Experimental/RigLogicAnimNext/RigLogicAnimNext.uplugin" 167
"../../../Engine/Plugins/Experimental/SceneState/SceneState.uplugin" 168
"../../../Engine/Plugins/Experimental/OptiXDenoise/OptiXDenoise.uplugin" 169
"../../../Engine/Plugins/Experimental/RuntimeTelemetry/RuntimeTelemetry.uplugin" 170
"../../../Engine/Plugins/Experimental/PSDImporterMaterialDesignerBridge/PSDImporterMaterialDesignerBridge.uplugin" 171
"../../../Engine/Plugins/Experimental/SequenceNavigator/SequenceNavigator.uplugin" 172
"../../../Engine/Plugins/Experimental/RenderGrid/RenderGrid.uplugin" 173
"../../../Engine/Plugins/Experimental/SecuritySandbox/SecuritySandbox.uplugin" 174
"../../../Engine/Plugins/Experimental/RemoteSession/RemoteSession.uplugin" 175
"../../../Engine/Plugins/Experimental/SimpleHMD/SimpleHMD.uplugin" 176
"../../../Engine/Plugins/Experimental/RemoteControlComponents/RemoteControlComponents.uplugin" 177
"../../../Engine/Plugins/Experimental/PCGBiomeSample/PCGBiomeSample.uplugin" 178
"../../../Engine/Plugins/Experimental/SlateModelViewViewModel/SlateModelViewViewModel.uplugin" 179
"../../../Engine/Plugins/Experimental/SkeletalReduction/SkeletalReduction.uplugin" 180
"../../../Engine/Plugins/Experimental/SlateIM/SlateIM.uplugin" 181
"../../../Engine/Plugins/Experimental/SerializationUtils/SerializationUtils.uplugin" 182
"../../../Engine/Plugins/Experimental/StateGraph/StateGraph.uplugin" 183
"../../../Engine/Plugins/Experimental/SpatialReadiness/SpatialReadiness.uplugin" 184
"../../../Engine/Plugins/Experimental/Shotgrid/Shotgrid.uplugin" 185
"../../../Engine/Plugins/Experimental/SurfaceEffects/SurfaceEffects.uplugin" 186
"../../../Engine/Plugins/Experimental/TetMeshing/TetMeshing.uplugin" 187
"../../../Engine/Plugins/Experimental/RazerChromaDevices/RazerChromaDevices.uplugin" 188
"../../../Engine/Plugins/Experimental/Text3D/Text3D.uplugin" 189
"../../../Engine/Plugins/Experimental/RigLogicMutable/RigLogicMutable.uplugin" 190
"../../../Engine/Plugins/Experimental/TechAudioTools/TechAudioTools.uplugin" 191
"../../../Engine/Plugins/Experimental/TargetDeviceServicesScripting/TargetDeviceServicesScripting.uplugin" 192
"../../../Engine/Plugins/Experimental/Tensorboard/Tensorboard.uplugin" 193
"../../../Engine/Plugins/Experimental/UserToolBoxBasicCommand/UserToolBoxBasicCommand.uplugin" 194
"../../../Engine/Plugins/Experimental/ToolPresets/ToolPresets.uplugin" 195
"../../../Engine/Plugins/Experimental/TextToSpeech/TextToSpeech.uplugin" 196
"../../../Engine/Plugins/Experimental/SubtitlesAndClosedCaptions/SubtitlesAndClosedCaptions.uplugin" 197
"../../../Engine/Plugins/Experimental/MediaViewer/MediaViewer.uplugin" 198
"../../../Engine/Plugins/Experimental/VirtualHeightfieldMesh/VirtualHeightfieldMesh.uplugin" 199
"../../../Engine/Plugins/Experimental/SubmitToolEditor/SubmitToolEditor.uplugin" 200
"../../../Engine/Plugins/Experimental/VirtualProductionUtilities/VirtualProductionUtilities.uplugin" 201
"../../../Engine/Plugins/Experimental/SlateScreenReader/SlateScreenReader.uplugin" 202
"../../../Engine/Plugins/Experimental/Workspace/Workspace.uplugin" 203
"../../../Engine/Plugins/Experimental/XRCreativeFramework/XRCreativeFramework.uplugin" 204
"../../../Engine/Plugins/Experimental/StructUtils/StructUtils.uplugin" 205
"../../../Engine/Plugins/Interchange/Editor/InterchangeEditor.uplugin" 206
"../../../Engine/Plugins/Experimental/InstanceDataObjectFixupTool/InstanceDataObjectFixupTool.uplugin" 207
"../../../Engine/Plugins/Marketplace/AdMobAds91b31d347a7dV6/AdMobAdsPro.uplugin" 208
"../../../Engine/Plugins/Interchange/Runtime/Interchange.uplugin" 209
"../../../Engine/Plugins/Experimental/UIFramework/UIFramework.uplugin" 210
"../../../Engine/Plugins/Marketplace/AsyncLoabb9e7e751a1fV12/AsyncLoadingScreen.uplugin" 211
"../../../Engine/Plugins/Experimental/TextureMediaPlayer/TextureMediaPlayer.uplugin" 212
"../../../Engine/Plugins/Experimental/Water/Water.uplugin" 213
"../../../Engine/Plugins/MovieScene/LevelSequenceEditor/LevelSequenceEditor.uplugin" 214
"../../../Engine/Plugins/Experimental/UserToolBoxCore/UserToolBoxCore.uplugin" 215
"../../../Engine/Plugins/Experimental/Volumetrics/Volumetrics.uplugin" 216
"../../../Engine/Plugins/MovieScene/MovieRenderPipeline/MovieRenderPipeline.uplugin" 217
"../../../Engine/Plugins/MovieScene/MovieSceneTextTrack/MovieSceneTextTrack.uplugin" 218
"../../../Engine/Plugins/Experimental/SVGImporter/SVGImporter.uplugin" 219
"../../../Engine/Plugins/MovieScene/ReplayTracks/ReplayTracks.uplugin" 220
"../../../Engine/Plugins/MovieScene/TemplateSequence/TemplateSequence.uplugin" 221
"../../../Engine/Plugins/MovieScene/SequencerScripting/SequencerScripting.uplugin" 222
"../../../Engine/Plugins/Experimental/WaterAdvanced/WaterAdvanced.uplugin" 223
"../../../Engine/Plugins/Interchange/Assets/InterchangeAssets.uplugin" 224
"../../../Engine/Plugins/MovieScene/CustomizableSequencerTracks/CustomizableSequencerTracks.uplugin" 225
"../../../Engine/Plugins/NNE/NNERuntimeORT/NNERuntimeORT.uplugin" 226
"../../../Engine/Plugins/Experimental/WaterExtras/WaterExtras.uplugin" 227
"../../../Engine/Plugins/PCGInterops/PCGExternalDataInterop/PCGExternalDataInterop.uplugin" 228
"../../../Engine/Plugins/Experimental/WebSocketMessaging/WebSocketMessaging.uplugin" 229
"../../../Engine/Plugins/PCGInterops/PCGGeometryScriptInterop/PCGGeometryScriptInterop.uplugin" 230
"../../../Engine/Plugins/MovieScene/ActorSequence/ActorSequence.uplugin" 231
"../../../Engine/Plugins/Experimental/WaveFunctionCollapse/WaveFunctionCollapse.uplugin" 232
"../../../Engine/Plugins/Tests/AutomationDriverTests/AutomationDriverTests.uplugin" 233
"../../../Engine/Plugins/Tests/CQTest/CQTest.uplugin" 234
"../../../Engine/Plugins/Tests/CQTestEnhancedInput/CQTestEnhancedInput.uplugin" 235
"../../../Engine/Plugins/Experimental/WebSocketNetworking/WebSocketNetworking.uplugin" 236
"../../../Engine/Plugins/Tests/EditorTests/EditorTests.uplugin" 237
"../../../Engine/Plugins/Tests/RuntimeTests/RuntimeTests.uplugin" 238
"../../../Engine/Plugins/Tests/PythonAutomationTest/PythonAutomationTest.uplugin" 239
"../../../Engine/Plugins/Experimental/ScreenReader/ScreenReader.uplugin" 240
"../../../Engine/Plugins/Tests/TestFramework/TestFramework.uplugin" 241
"../../../Engine/Plugins/MovieScene/MoviePipelineMaskRenderPass/MoviePipelineMaskRenderPass.uplugin" 242
"../../../Engine/Plugins/NetcodeUnitTest/NUTUnrealEngine/NUTUnrealEngine.uplugin" 243
"../../../Engine/Plugins/MetaHuman/MetaHumanSDK/MetaHumanSDK.uplugin" 244
"../../../Engine/Plugins/Performance/PerformanceMonitor/PerformanceMonitor.uplugin" 245
"../../../Engine/Plugins/Runtime/ActorLayerUtilities/ActorLayerUtilities.uplugin" 246
"../../../Engine/Plugins/NetcodeUnitTest/NetcodeUnitTest/NetcodeUnitTest.uplugin" 247
"../../../Engine/Plugins/Tests/FbxAutomationTestBuilder/FbxAutomationTestBuilder.uplugin" 248
"../../../Engine/Plugins/Portal/LauncherChunkInstaller/LauncherChunkInstaller.uplugin" 249
"../../../Engine/Plugins/Experimental/WidgetEditorToolPalette/WidgetEditorToolPalette.uplugin" 250
"../../../Engine/Plugins/Runtime/ADM/ADM.uplugin" 251
"../../../Engine/Plugins/Tests/FunctionalTestingEditor/FunctionalTestingEditor.uplugin" 252
"../../../Engine/Plugins/Runtime/AndroidBackgroundService/AndroidBackgroundService.uplugin" 253
"../../../Engine/Plugins/NNE/NNEDenoiser/NNEDenoiser.uplugin" 254
"../../../Engine/Plugins/Tests/RHITests/RHITests.uplugin" 255
"../../../Engine/Plugins/Runtime/AndroidDeviceProfileSelector/AndroidDeviceProfileSelector.uplugin" 256
"../../../Engine/Plugins/Runtime/AndroidPermission/AndroidPermission.uplugin" 257
"../../../Engine/Plugins/Performance/AutomatedPerfTesting/AutomatedPerfTesting.uplugin" 258
"../../../Engine/Plugins/Runtime/AnimationBudgetAllocator/AnimationBudgetAllocator.uplugin" 259
"../../../Engine/Plugins/Runtime/ApexDestruction/ApexDestruction.uplugin" 260
"../../../Engine/Plugins/Tests/WidgetAutomationTests/WidgetAutomationTests.uplugin" 261
"../../../Engine/Plugins/Runtime/AndroidMoviePlayer/AndroidMoviePlayer.uplugin" 262
"../../../Engine/Plugins/Tests/InterchangeTests/InterchangeTests.uplugin" 263
"../../../Engine/Plugins/Tests/TestSamples/TestSamples.uplugin" 264
"../../../Engine/Plugins/Runtime/AppleImageUtils/AppleImageUtils.uplugin" 265
"../../../Engine/Plugins/MetaHuman/MetaHumanCalibrationProcessing/MetaHumanCalibrationProcessing.uplugin" 266
"../../../Engine/Plugins/Runtime/AudioModulation/AudioModulation.uplugin" 267
"../../../Engine/Plugins/MetaHuman/MetaHumanCoreTechLib/MetaHumanCoreTech.uplugin" 268
"../../../Engine/Plugins/Runtime/AudioCapture/AudioCapture.uplugin" 269
"../../../Engine/Plugins/MetaHuman/MetaHumanCharacter/MetaHumanCharacter.uplugin" 270
"../../../Engine/Plugins/Runtime/CommonUI/CommonUI.uplugin" 271
"../../../Engine/Plugins/Runtime/CableComponent/CableComponent.uplugin" 272
"../../../Engine/Plugins/Runtime/CustomMeshComponent/CustomMeshComponent.uplugin" 273
"../../../Engine/Plugins/Runtime/AppleMoviePlayer/AppleMoviePlayer.uplugin" 274
"../../../Engine/Plugins/Runtime/ComputeFramework/ComputeFramework.uplugin" 275
"../../../Engine/Plugins/Runtime/AudioMotorSim/AudioMotorSim.uplugin" 276
"../../../Engine/Plugins/Runtime/AndroidFileServer/AndroidFileServer.uplugin" 277
"../../../Engine/Plugins/Runtime/DataRegistry/DataRegistry.uplugin" 278
"../../../Engine/Plugins/Runtime/AudioWidgets/AudioWidgets.uplugin" 279
"../../../Engine/Plugins/Runtime/ArchVisCharacter/ArchVisCharacter.uplugin" 280
"../../../Engine/Plugins/Runtime/ExampleDeviceProfileSelector/ExampleDeviceProfileSelector.uplugin" 281
"../../../Engine/Plugins/Runtime/GameplayBehaviorSmartObjects/GameplayBehaviorSmartObjects.uplugin" 282
"../../../Engine/Plugins/Runtime/AssetTags/AssetTags.uplugin" 283
"../../../Engine/Plugins/Runtime/GameInput/GameInput.uplugin" 284
"../../../Engine/Plugins/Runtime/AudioSynesthesia/AudioSynesthesia.uplugin" 285
"../../../Engine/Plugins/Runtime/GameFeatures/GameFeatures.uplugin" 286
"../../../Engine/Plugins/MetaHuman/MetaHumanAnimator/MetaHuman.uplugin" 287
"../../../Engine/Plugins/Runtime/ChunkDownloader/ChunkDownloader.uplugin" 288
"../../../Engine/Plugins/Runtime/GoogleCloudMessaging/GoogleCloudMessaging.uplugin" 289
"../../../Engine/Plugins/Runtime/GeometryScripting/GeometryScripting.uplugin" 290
"../../../Engine/Plugins/Runtime/GeoReferencing/GeoReferencing.uplugin" 291
"../../../Engine/Plugins/Runtime/HPMotionController/HPMotionController.uplugin" 292
"../../../Engine/Plugins/Runtime/Harmonix/Harmonix.uplugin" 293
"../../../Engine/Plugins/Runtime/InputDebugging/InputDebugging.uplugin" 294
"../../../Engine/Plugins/Web/HttpBlueprint/HttpBlueprint.uplugin" 295
"../../../Engine/Plugins/Runtime/InstancedActors/InstancedActors.uplugin" 296
"../../../Engine/Plugins/Runtime/GameplayStateTree/GameplayStateTree.uplugin" 297
"../../../Engine/Plugins/Runtime/HDRIBackdrop/HDRIBackdrop.uplugin" 298
"../../../Engine/Plugins/Runtime/Firebase/Firebase.uplugin" 299
"../../../Engine/Plugins/Runtime/IOSDeviceProfileSelector/IOSDeviceProfileSelector.uplugin" 300
"../../../Engine/Plugins/Runtime/GeometryCache/GeometryCache.uplugin" 301
"../../../Engine/Plugins/Runtime/GooglePAD/GooglePAD.uplugin" 302
"../../../Engine/Plugins/Runtime/HTTPChunkInstaller/HTTPChunkInstaller.uplugin" 303
"../../../Engine/Plugins/Runtime/GeometryProcessing/GeometryProcessing.uplugin" 304
"../../../Engine/Plugins/Runtime/LevelStreamingPersistence/LevelStreamingPersistence.uplugin" 305
"../../../Engine/Plugins/Runtime/HairStrands/HairStrands.uplugin" 306
"../../../Engine/Plugins/Runtime/IOSReplayKit/IOSReplayKit.uplugin" 307
"../../../Engine/Plugins/Runtime/LiveLinkOvernDisplay/LiveLinkOverNDisplay.uplugin" 308
"../../../Engine/Plugins/Runtime/Metasound/Metasound.uplugin" 309
"../../../Engine/Plugins/Runtime/GameplayAbilities/GameplayAbilities.uplugin" 310
"../../../Engine/Plugins/Runtime/LocationServicesAndroidImpl/LocationServicesAndroidImpl.uplugin" 311
"../../../Engine/Plugins/Runtime/LocationServicesIOSImpl/LocationServicesIOSImpl.uplugin" 312
"../../../Engine/Plugins/Runtime/MIDIDevice/MIDIDevice.uplugin" 313
"../../../Engine/Plugins/Runtime/MobileFSR/MobileFSR.uplugin" 314
"../../../Engine/Plugins/MetaHuman/MetaHumanLiveLink/MetaHumanLiveLink.uplugin" 315
"../../../Engine/Plugins/Runtime/MeshModelingToolset/MeshModelingToolset.uplugin" 316
"../../../Engine/Plugins/Runtime/MsQuic/MsQuic.uplugin" 317
"../../../Engine/Plugins/Runtime/ModularGameplay/ModularGameplay.uplugin" 318
"../../../Engine/Plugins/Runtime/MassGameplay/MassGameplay.uplugin" 319
"../../../Engine/Plugins/Runtime/ModelViewViewModel/ModelViewViewModel.uplugin" 320
"../../../Engine/Plugins/Runtime/MusicEnvironment/MusicEnvironment.uplugin" 321
"../../../Engine/Plugins/Runtime/MassEntity/MassEntity.uplugin" 322
"../../../Engine/Plugins/Runtime/MobilePatchingUtils/MobilePatchingUtils.uplugin" 323
"../../../Engine/Plugins/Runtime/nDisplay/nDisplay.uplugin" 324
"../../../Engine/Plugins/Runtime/GameplayInteractions/GameplayInteractions.uplugin" 325
"../../../Engine/Plugins/Runtime/MultiServerReplication/MultiServerReplication.uplugin" 326
"../../../Engine/Plugins/Runtime/NavCorridor/NavCorridor.uplugin" 327
"../../../Engine/Plugins/Runtime/MixedRealityCaptureFramework/MixedRealityCaptureFramework.uplugin" 328
"../../../Engine/Plugins/Runtime/NetworkPredictionInsights/NetworkPredictionInsights.uplugin" 329
"../../../Engine/Plugins/Runtime/NetworkPredictionExtras/NetworkPredictionExtras.uplugin" 330
"../../../Engine/Plugins/Runtime/LinuxDeviceProfileSelector/LinuxDeviceProfileSelector.uplugin" 331
"../../../Engine/Plugins/Runtime/OpenXRViveTracker/OpenXRViveTracker.uplugin" 332
"../../../Engine/Plugins/Runtime/OpenCV/OpenCV.uplugin" 333
"../../../Engine/Plugins/Runtime/PropertyAccess/PropertyAccessEditor.uplugin" 334
"../../../Engine/Plugins/Runtime/OptionalMobileFeaturesBPLibrary/OptionalMobileFeaturesBPLibrary.uplugin" 335
"../../../Engine/Plugins/Runtime/NetworkPrediction/NetworkPrediction.uplugin" 336
"../../../Engine/Plugins/Runtime/OpenXRHandTracking/OpenXRHandTracking.uplugin" 337
"../../../Engine/Plugins/Runtime/MicrosoftSpatialAudio/MicroSoftSpatialSound.uplugin" 338
"../../../Engine/Plugins/Runtime/PropertyBindingUtils/PropertyBindingUtils.uplugin" 339
"../../../Engine/Plugins/Runtime/RenderTrace/RenderTrace.uplugin" 340
"../../../Engine/Plugins/Runtime/OpenXR/OpenXR.uplugin" 341
"../../../Engine/Plugins/Runtime/OSC/OSC.uplugin" 342
"../../../Engine/Plugins/Runtime/OpenXRMsftHandInteraction/OpenXRMsftHandInteraction.uplugin" 343
"../../../Engine/Plugins/Runtime/ReplicationGraph/ReplicationGraph.uplugin" 344
"../../../Engine/Plugins/Runtime/RigVM/RigVM.uplugin" 345
"../../../Engine/Plugins/Runtime/LocationServicesBPLibrary/LocationServicesBPLibrary.uplugin" 346
"../../../Engine/Plugins/Runtime/ScriptableToolsFramework/ScriptableToolsFramework.uplugin" 347
"../../../Engine/Plugins/Runtime/SoundCueTemplates/SoundCueTemplates.uplugin" 348
"../../../Engine/Plugins/Runtime/SoundUtilities/SoundUtilities.uplugin" 349
"../../../Engine/Plugins/Runtime/nDisplayModularFeatures/nDisplayModularFeatures.uplugin" 350
"../../../Engine/Plugins/Runtime/SoundFields/SoundFields.uplugin" 351
"../../../Engine/Plugins/Runtime/SoundMod/SoundMod.uplugin" 352
"../../../Engine/Plugins/Runtime/ResonanceAudio/ResonanceAudio.uplugin" 353
"../../../Engine/Plugins/Runtime/SignificanceManager/SignificanceManager.uplugin" 354
"../../../Engine/Plugins/Runtime/SmartObjects/SmartObjects.uplugin" 355
"../../../Engine/Plugins/Runtime/Synthesis/Synthesis.uplugin" 356
"../../../Engine/Plugins/Runtime/StateTree/StateTree.uplugin" 357
"../../../Engine/Plugins/Runtime/OpenXREyeTracker/OpenXREyeTracker.uplugin" 358
"../../../Engine/Plugins/Runtime/WebBrowserNativeProxy/WebBrowserNativeProxy.uplugin" 359
"../../../Engine/Plugins/Runtime/WebBrowserWidget/WebBrowserWidget.uplugin" 360
"../../../Engine/Plugins/Runtime/USDCore/USDCore.uplugin" 361
"../../../Engine/Plugins/Runtime/SkeletalMerging/SkeletalMerging.uplugin" 362
"../../../Engine/Plugins/Runtime/WorldConditions/WorldConditions.uplugin" 363
"../../../Engine/Plugins/Runtime/ReplicationSystemTestPlugin/ReplicationSystemTestPlugin.uplugin" 364
"../../../Engine/Plugins/Runtime/WaveTable/WaveTable.uplugin" 365
"../../../Engine/Plugins/Runtime/WindowsDeviceProfileSelector/WindowsDeviceProfileSelector.uplugin" 366
"../../../Engine/Plugins/Runtime/XRBase/XRBase.uplugin" 367
"../../../Engine/Plugins/Runtime/WindowsMoviePlayer/WindowsMoviePlayer.uplugin" 368
"../../../Engine/Plugins/Runtime/PreLoadScreenMoviePlayer/PreLoadScreenMoviePlayer.uplugin" 369
"../../../Engine/Plugins/Runtime/ZoneGraph/ZoneGraph.uplugin" 370
"../../../Engine/Plugins/AI/MLAdapter/MLAdapter.uplugin" 371
"../../../Engine/Plugins/Runtime/SunPosition/SunPosition.uplugin" 372
"../../../Engine/Plugins/AI/MassCrowd/MassCrowd.uplugin" 373
"../../../Engine/Plugins/Runtime/Soundscape/Soundscape.uplugin" 374
"../../../Engine/Plugins/Animation/AnimationLocomotionLibrary/AnimationLocomotionLibrary.uplugin" 375
"../../../Engine/Plugins/Runtime/ZoneGraphAnnotations/ZoneGraphAnnotations.uplugin" 376
"../../../Engine/Plugins/Animation/AnimationData/AnimationData.uplugin" 377
"../../../Engine/Plugins/Animation/AnimationWarping/AnimationWarping.uplugin" 378
"../../../Engine/Plugins/Runtime/WebMMoviePlayer/WebMMoviePlayer.uplugin" 379
"../../../Engine/Plugins/AI/EnvironmentQueryEditor/EnvironmentQueryEditor.uplugin" 380
"../../../Engine/Plugins/Animation/AnimatorKit/AnimatorKit.uplugin" 381
"../../../Engine/Plugins/Runtime/ProceduralMeshComponent/ProceduralMeshComponent.uplugin" 382
"../../../Engine/Plugins/Animation/ACLPlugin/ACLPlugin.uplugin" 383
"../../../Engine/Plugins/Animation/ControlRig/ControlRig.uplugin" 384
"../../../Engine/Plugins/AI/HTNPlanner/HTNPlanner.uplugin" 385
"../../../Engine/Plugins/Animation/DNACalib/DNACalib.uplugin" 386
"../../../Engine/Plugins/Animation/LiveLinkDevice/LiveLinkDevice.uplugin" 387
"../../../Engine/Plugins/Runtime/Spatialization/Spatialization.uplugin" 388
"../../../Engine/Plugins/Animation/IKRig/IKRig.uplugin" 389
"../../../Engine/Plugins/Animation/GeneSplicer/GeneSplicer.uplugin" 390
"../../../Engine/Plugins/Animation/LiveLinkHub/LiveLinkHub.uplugin" 391
"../../../Engine/Plugins/Animation/AnimationModifierLibrary/AnimationModifierLibrary.uplugin" 392
"../../../Engine/Plugins/AI/AISupport/AISupport.uplugin" 393
"../../../Engine/Plugins/Animation/LiveLinkExampleDevice/LiveLinkExampleDevice.uplugin" 394
"../../../Engine/Plugins/Animation/LiveLink/LiveLink.uplugin" 395
"../../../Engine/Plugins/Animation/PerformanceCaptureCore/PerformanceCaptureCore.uplugin" 396
"../../../Engine/Plugins/Animation/MotionWarping/MotionWarping.uplugin" 397
"../../../Engine/Plugins/2D/Paper2D/Paper2D.uplugin" 398
"../../../Engine/Plugins/Animation/SkeletalMeshModelingTools/SkeletalMeshModelingTools.uplugin" 399
"../../../Engine/Plugins/Animation/RigLogic/RigLogic.uplugin" 400
"../../../Engine/Plugins/Animation/TweeningUtils/TweeningUtils.uplugin" 401
"../../../Engine/Plugins/Compositing/Composure/Composure.uplugin" 402
"../../../Engine/Plugins/Cameras/EngineCameras/EngineCameras.uplugin" 403
"../../../Engine/Plugins/Animation/ControlRigModules/ControlRigModules.uplugin" 404
"../../../Engine/Plugins/Compositing/OpenColorIO/OpenColorIO.uplugin" 405
"../../../Engine/Plugins/Animation/BlendStack/BlendStack.uplugin" 406
"../../../Engine/Plugins/Compression/OodleNetwork/OodleNetwork.uplugin" 407
"../../../Engine/Plugins/Compositing/LensDistortion/LensDistortion.uplugin" 408
"../../../Engine/Plugins/Developer/BlankPlugin/BlankPlugin.uplugin" 409
"../../../Engine/Plugins/Cameras/CameraShakePreviewer/CameraShakePreviewer.uplugin" 410
"../../../Engine/Plugins/Cameras/GameplayCameras/GameplayCameras.uplugin" 411
"../../../Engine/Plugins/Developer/CodeLiteSourceCodeAccess/CodeLiteSourceCodeAccess.uplugin" 412
"../../../Engine/Plugins/Developer/CLionSourceCodeAccess/CLionSourceCodeAccess.uplugin" 413
"../../../Engine/Plugins/Developer/DirectoryPlaceholder/DirectoryPlaceholder.uplugin" 414
"../../../Engine/Plugins/Developer/FieldNotificationTrace/FieldNotificationTrace.uplugin" 415
"../../../Engine/Plugins/Developer/N10XSourceCodeAccess/N10XSourceCodeAccess.uplugin" 416
"../../../Engine/Plugins/Developer/AnimationSharing/AnimationSharing.uplugin" 417
"../../../Engine/Plugins/Developer/NamingTokens/NamingTokens.uplugin" 418
"../../../Engine/Plugins/Compositing/OpenCVLensDistortion/OpenCVLensDistortion.uplugin" 419
"../../../Engine/Plugins/Developer/NullSourceCodeAccess/NullSourceCodeAccess.uplugin" 420
"../../../Engine/Plugins/Developer/GitSourceControl/GitSourceControl.uplugin" 421
"../../../Engine/Plugins/Animation/PoseSearch/PoseSearch.uplugin" 422
"../../../Engine/Plugins/Developer/PlasticSourceControl/PlasticSourceControl.uplugin" 423
"../../../Engine/Plugins/Runtime/WarpUtils/WarpUtils.uplugin" 424
"../../../Engine/Plugins/Developer/PluginUtils/PluginUtils.uplugin" 425
"../../../Engine/Plugins/Developer/OneSkyLocalizationService/OneSkyLocalizationService.uplugin" 426
"../../../Engine/Plugins/Developer/PerforceSourceControl/PerforceSourceControl.uplugin" 427
"../../../Engine/Plugins/Animation/LiveLinkCurveDebugUI/LiveLinkCurveDebugUI.uplugin" 428
"../../../Engine/Plugins/Developer/RenderDocPlugin/RenderDocPlugin.uplugin" 429
"../../../Engine/Plugins/Developer/ProjectLauncher/ProjectLauncher.uplugin" 430
"../../../Engine/Plugins/Developer/PropertyAccessNode/PropertyAccessNode.uplugin" 431
"../../../Engine/Plugins/Animation/BlendSpaceMotionAnalysis/BlendSpaceMotionAnalysis.uplugin" 432
"../../../Engine/Plugins/Developer/UObjectPlugin/UObjectPlugin.uplugin" 433
"../../../Engine/Plugins/Developer/KDevelopSourceCodeAccess/KDevelopSourceCodeAccess.uplugin" 434
"../../../Engine/Plugins/Developer/RiderSourceCodeAccess/RiderSourceCodeAccess.uplugin" 435
"../../../Engine/Plugins/AI/MassAI/MassAI.uplugin" 436
"../../../Engine/Plugins/Editor/AssetManagerEditor/AssetManagerEditor.uplugin" 437
"../../../Engine/Plugins/Animation/DeformerGraph/DeformerGraph.uplugin" 438
"../../../Engine/Plugins/Developer/XCodeSourceCodeAccess/XCodeSourceCodeAccess.uplugin" 439
"../../../Engine/Plugins/Editor/BlueprintMaterialTextureNodes/BlueprintMaterialTextureNodes.uplugin" 440
"../../../Engine/Plugins/Developer/PixWinPlugin/PixWinPlugin.uplugin" 441
"../../../Engine/Plugins/Editor/BlueprintHeaderView/BlueprintHeaderView.uplugin" 442
"../../../Engine/Plugins/Developer/XcodeGPUDebuggerPlugin/XcodeGPUDebuggerPlugin.uplugin" 443
"../../../Engine/Plugins/Editor/ChangelistReview/ChangelistReview.uplugin" 444
"../../../Engine/Plugins/Editor/AssetReferenceRestrictions/AssetReferenceRestrictions.uplugin" 445
"../../../Engine/Plugins/Developer/VisualStudioCodeSourceCodeAccess/VisualStudioCodeSourceCodeAccess.uplugin" 446
"../../../Engine/Plugins/Developer/TraceSourceFiltering/TraceSourceFilters.uplugin" 447
"../../../Engine/Plugins/Editor/AssetSearch/AssetSearch.uplugin" 448
"../../../Engine/Plugins/Editor/CurveEditorTools/CurveEditorTools.uplugin" 449
"../../../Engine/Plugins/Developer/TraceDataFiltering/TraceDataFilters.uplugin" 450
"../../../Engine/Plugins/Editor/DataValidation/DataValidation.uplugin" 451
"../../../Engine/Plugins/Editor/DisplayClusterLaunch/DisplayClusterLaunch.uplugin" 452
"../../../Engine/Plugins/Editor/ColorGrading/ColorGrading.uplugin" 453
"../../../Engine/Plugins/Animation/GameplayInsights/GameplayInsights.uplugin" 454
"../../../Engine/Plugins/Editor/EditorScriptingUtilities/EditorScriptingUtilities.uplugin" 455
"../../../Engine/Plugins/Editor/EditorDebugTools/EditorDebugTools.uplugin" 456
"../../../Engine/Plugins/Editor/AssetRegistryExport/AssetRegistryExport.uplugin" 457
"../../../Engine/Plugins/Editor/EditorSysConfigAssistant/EditorSysConfigAssistant.uplugin" 458
"../../../Engine/Plugins/Editor/FacialAnimation/FacialAnimation.uplugin" 459
"../../../Engine/Plugins/Developer/TextureFormatOodle/TextureFormatOodle.uplugin" 460
"../../../Engine/Plugins/Editor/MeshLODToolset/MeshLODToolset.uplugin" 461
"../../../Engine/Plugins/Animation/ControlRigSpline/ControlRigSpline.uplugin" 462
"../../../Engine/Plugins/Editor/ModelViewViewModelPreview/ModelViewViewModelPreview.uplugin" 463
"../../../Engine/Plugins/Editor/GameplayTagsEditor/GameplayTagsEditor.uplugin" 464
"../../../Engine/Plugins/Editor/ModelingToolsEditorMode/ModelingToolsEditorMode.uplugin" 465
"../../../Engine/Plugins/Editor/SequencerAnimTools/SequencerAnimTools.uplugin" 466
"../../../Engine/Plugins/Editor/ConsoleVariablesEditor/ConsoleVariables.uplugin" 467
"../../../Engine/Plugins/Editor/ProxyLODPlugin/ProxyLODPlugin.uplugin" 468
"../../../Engine/Plugins/Developer/DumpGPUServices/DumpGPUServices.uplugin" 469
"../../../Engine/Plugins/Editor/PluginBrowser/PluginBrowser.uplugin" 470
"../../../Engine/Plugins/Editor/CryptoKeys/CryptoKeys.uplugin" 471
"../../../Engine/Plugins/Developer/VisualStudioSourceCodeAccess/VisualStudioSourceCodeAccess.uplugin" 472
"../../../Engine/Plugins/Editor/LiveUpdateForSlate/LiveUpdateForSlate.uplugin" 473
"../../../Engine/Plugins/Editor/StylusInput/StylusInput.uplugin" 474
"../../../Engine/Plugins/Editor/MacGraphicsSwitching/MacGraphicsSwitching.uplugin" 475
"../../../Engine/Plugins/Editor/SpeedTreeImporter/SpeedTreeImporter.uplugin" 476
"../../../Engine/Plugins/Editor/MakeCookedEditorAsDLC/MakeCookedEditorAsDLC.uplugin" 477
"../../../Engine/Plugins/Editor/MobileLauncherProfileWizard/MobileLauncherProfileWizard.uplugin" 478
"../../../Engine/Plugins/Editor/WorldPartitionHLODUtilities/WorldPartitionHLODUtilities.uplugin" 479
"../../../Engine/Plugins/Enterprise/AxFImporter/AxFImporter.uplugin" 480
"../../../Engine/Plugins/Editor/MaterialAnalyzer/MaterialAnalyzer.uplugin" 481
"../../../Engine/Plugins/Enterprise/DatasmithC4DImporter/DatasmithC4DImporter.uplugin" 482
"../../../Engine/Plugins/Editor/GuidedTutorials/GuidedTutorials.uplugin" 483
"../../../Engine/Plugins/Developer/SubversionSourceControl/SubversionSourceControl.uplugin" 484
"../../../Engine/Plugins/Enterprise/DatasmithContent/DatasmithContent.uplugin" 485
"../../../Engine/Plugins/Editor/StaticMeshEditorModeling/StaticMeshEditorModeling.uplugin" 486
"../../../Engine/Plugins/Enterprise/DatasmithFBXImporter/DatasmithFBXImporter.uplugin" 487
"../../../Engine/Plugins/Enterprise/DatasmithImporter/DatasmithImporter.uplugin" 488
"../../../Engine/Plugins/Editor/SampleToolsEditorMode/SampleToolsEditorMode.uplugin" 489
"../../../Engine/Plugins/Enterprise/VariantManager/VariantManager.uplugin" 490
"../../../Engine/Plugins/FX/Cascade/Cascade.uplugin" 491
"../../../Engine/Plugins/Editor/ScriptableToolsEditorMode/ScriptableToolsEditorMode.uplugin" 492
"../../../Engine/Plugins/Editor/WaveformEditor/WaveformEditor.uplugin" 493
"../../../Engine/Plugins/Enterprise/VariantManagerContent/VariantManagerContent.uplugin" 494
"../../../Engine/Plugins/Enterprise/MDLImporter/MDLImporter.uplugin" 495
"../../../Engine/Plugins/Editor/UVEditor/UVEditor.uplugin" 496
"../../../Engine/Plugins/FX/ExampleCustomDataInterface/ExampleCustomDataInterface.uplugin" 497
"../../../Engine/Plugins/Editor/EngineAssetDefinitions/EngineAssetDefinitions.uplugin" 498
"../../../Engine/Plugins/Importers/AlembicHairImporter/AlembicHairImporter.uplugin" 499
"../../../Engine/Plugins/Media/BinkMedia/BinkMedia.uplugin" 500
"../../../Engine/Plugins/Importers/USDImporter/USDImporter.uplugin" 501
"../../../Engine/Plugins/FX/NiagaraFluids/NiagaraFluids.uplugin" 502
"../../../Engine/Plugins/FX/Niagara/Niagara.uplugin" 503
"../../../Engine/Plugins/FX/NiagaraMRQ/NiagaraMRQ.uplugin" 504
"../../../Engine/Plugins/Media/AndroidMedia/AndroidMedia.uplugin" 505
"../../../Engine/Plugins/Importers/USDImporterMDL/USDImporterMDL.uplugin" 506
"../../../Engine/Plugins/Media/ElectraCDM/ElectraCDM.uplugin" 507
"../../../Engine/Plugins/FX/CascadeToNiagaraConverter/CascadeToNiagaraConverter.uplugin" 508
"../../../Engine/Plugins/Media/ElectraCodecs/ElectraCodecs.uplugin" 509
"../../../Engine/Plugins/FX/NiagaraSimCaching/NiagaraSimCaching.uplugin" 510
"../../../Engine/Plugins/Media/BlackmagicMedia/BlackmagicMedia.uplugin" 511
"../../../Engine/Plugins/Enterprise/LidarPointCloud/LidarPointCloud.uplugin" 512
"../../../Engine/Plugins/Media/ElectraSubtitles/ElectraSubtitles.uplugin" 513
"../../../Engine/Plugins/Editor/UMGWidgetPreview/UMGWidgetPreview.uplugin" 514
"../../../Engine/Plugins/Media/ElectraUtil/ElectraUtil.uplugin" 515
"../../../Engine/Plugins/Importers/AlembicImporter/AlembicImporter.uplugin" 516
"../../../Engine/Plugins/Enterprise/DataprepEditor/DataprepEditor.uplugin" 517
"../../../Engine/Plugins/Enterprise/GLTFExporter/GLTFExporter.uplugin" 518
"../../../Engine/Plugins/Editor/GeometryMode/GeometryMode.uplugin" 519
"../../../Engine/Plugins/Media/AvidDNxHDDecoderElectra/AvidDNxHDDecoderElectra.uplugin" 520
"../../../Engine/Plugins/Media/ImgMedia/ImgMedia.uplugin" 521
"../../../Engine/Plugins/Enterprise/DatasmithCADImporter/DatasmithCADImporter.uplugin" 522
"../../../Engine/Plugins/Media/AvidDNxMedia/AvidDNxMedia.uplugin" 523
"../../../Engine/Plugins/Media/AjaMedia/AjaMedia.uplugin" 524
"../../../Engine/Plugins/Media/AvfMedia/AvfMedia.uplugin" 525
"../../../Engine/Plugins/Media/MediaMovieStreamer/MediaMovieStreamer.uplugin" 526
"../../../Engine/Plugins/Media/HardwareEncoders/HardwareEncoders.uplugin" 527
"../../../Engine/Plugins/Media/MediaFrameworkUtilities/MediaFrameworkUtilities.uplugin" 528
"../../../Engine/Plugins/Media/AppleProResMedia/AppleProResMedia.uplugin" 529
"../../../Engine/Plugins/Media/AppleProResDecoderElectra/AppleProResDecoderElectra.uplugin" 530
"../../../Engine/Plugins/Media/FlacDecoderElectra/FlacDecoderElectra.uplugin" 531
"../../../Engine/Plugins/Media/LinearTimecode/LinearTimecode.uplugin" 532
"../../../Engine/Plugins/Media/NDIMedia/NDIMedia.uplugin" 533
"../../../Engine/Plugins/Media/MediaIOFramework/MediaIOFramework.uplugin" 534
"../../../Engine/Plugins/Media/ElectraPlayer/ElectraPlayer.uplugin" 535
"../../../Engine/Plugins/Media/PixelCapture/PixelCapture.uplugin" 536
"../../../Engine/Plugins/Media/D3D12VideoDecodersElectra/D3D12VideoDecodersElectra.uplugin" 537
"../../../Engine/Plugins/Media/OpusDecoderElectra/OpusDecoderElectra.uplugin" 538
"../../../Engine/Plugins/Media/MediaPlate/MediaPlate.uplugin" 539
"../../../Engine/Plugins/Importers/USDMultiUser/USDMultiUser.uplugin" 540
"../../../Engine/Plugins/Media/HAPDecoderElectra/HAPDecoderElectra.uplugin" 541
"../../../Engine/Plugins/Media/VPxDecoderElectra/VPxDecoderElectra.uplugin" 542
"../../../Engine/Plugins/Media/HAPMedia/HAPMedia.uplugin" 543
"../../../Engine/Plugins/Media/TimecodeSynchronizer/TimecodeSynchronizer.uplugin" 544
"../../../Engine/Plugins/Media/PixelStreaming/PixelStreaming.uplugin" 545
"../../../Engine/Plugins/Media/WmfMedia/WmfMedia.uplugin" 546
"../../../Engine/Plugins/Messaging/MessagingDebugger/MessagingDebugger.uplugin" 547
"../../../Engine/Plugins/Media/MfMedia/MfMedia.uplugin" 548
"../../../Engine/Plugins/Messaging/TcpMessaging/TcpMessaging.uplugin" 549
"../../../Engine/Plugins/Media/MediaCompositing/MediaCompositing.uplugin" 550
"../../../Engine/Plugins/Online/OnlineServicesNull/OnlineServicesNull.uplugin" 551
"../../../Engine/Plugins/Online/OnlineServicesEpicCommon/OnlineServicesEpicCommon.uplugin" 552
"../../../Engine/Plugins/Media/PixelStreaming2/PixelStreaming2.uplugin" 553
"../../../Engine/Plugins/Online/OnlineServices/OnlineServices.uplugin" 554
"../../../Engine/Plugins/Online/OnlineFramework/OnlineFramework.uplugin" 555
"../../../Engine/Plugins/Online/OnlineSubsystemAmazon/OnlineSubsystemAmazon.uplugin" 556
"../../../Engine/Plugins/Media/WebMMedia/WebMMedia.uplugin" 557
"../../../Engine/Plugins/Online/OnlineServicesEOS/OnlineServicesEOS.uplugin" 558
"../../../Engine/Plugins/Online/EOSOverlayInputProvider/EOSOverlayInputProvider.uplugin" 559
"../../../Engine/Plugins/Online/OnlineBase/OnlineBase.uplugin" 560
"../../../Engine/Plugins/Online/OnlineServicesOSSAdapter/OnlineServicesOSSAdapter.uplugin" 561
"../../../Engine/Plugins/Online/OnlineSubsystemUtils/OnlineSubsystemUtils.uplugin" 562
"../../../Engine/Plugins/Online/OnlineServicesEOSGS/OnlineServicesEOSGS.uplugin" 563
"../../../Engine/Plugins/Online/OnlineSubsystemGoogle/OnlineSubsystemGoogle.uplugin" 564
"../../../Engine/Plugins/Media/AudioCaptureTimecodeProvider/AudioCaptureTimecodeProvider.uplugin" 565
"../../../Engine/Plugins/Online/WebAuth/WebAuth.uplugin" 566
"../../../Engine/Plugins/Online/OnlineSubsystemTencent/OnlineSubsystemTencent.uplugin" 567
"../../../Engine/Plugins/Online/OnlineSubsystemApple/OnlineSubsystemApple.uplugin" 568
"../../../Engine/Plugins/VirtualProduction/ActorModifier/ActorModifier.uplugin" 569
"../../../Engine/Plugins/Media/MediaPlayerEditor/MediaPlayerEditor.uplugin" 570
"../../../Engine/Plugins/Messaging/UdpMessaging/UdpMessaging.uplugin" 571
"../../../Engine/Plugins/Protocols/MQTT/MQTT.uplugin" 572
"../../../Engine/Plugins/VirtualProduction/CameraCalibrationCore/CameraCalibrationCore.uplugin" 573
"../../../Engine/Plugins/Media/AndroidCamera/AndroidCamera.uplugin" 574
"../../../Engine/Plugins/Online/SocketSubsystemSteamIP/SocketSubsystemSteamIP.uplugin" 575
"../../../Engine/Plugins/Online/EOSShared/EOSShared.uplugin" 576
"../../../Engine/Plugins/VirtualProduction/CameraCalibration/CameraCalibration.uplugin" 577
"../../../Engine/Plugins/Slate/SlateScripting/SlateScripting.uplugin" 578
"../../../Engine/Plugins/VirtualProduction/ActorModifierCore/ActorModifierCore.uplugin" 579
"../../../Engine/Plugins/Online/OnlineSubsystem/OnlineSubsystem.uplugin" 580
"../../../Engine/Plugins/VirtualProduction/CustomDetailsView/CustomDetailsView.uplugin" 581
"../../../Engine/Plugins/Online/SocketSubsystemEOS/SocketSubsystemEOS.uplugin" 582
"../../../Engine/Plugins/VirtualProduction/Avalanche/Avalanche.uplugin" 583
"../../../Engine/Plugins/VirtualProduction/ClonerEffector/ClonerEffector.uplugin" 584
"../../../Engine/Plugins/VirtualProduction/CaptureData/CaptureData.uplugin" 585
"../../../Engine/Plugins/Online/OnlineSubsystemNull/OnlineSubsystemNull.uplugin" 586
"../../../Engine/Plugins/VirtualProduction/DynamicMaterial/DynamicMaterial.uplugin" 587
"../../../Engine/Plugins/VirtualProduction/LiveLinkCamera/LiveLinkCamera.uplugin" 588
"../../../Engine/Plugins/VirtualProduction/EpicStageApp/EpicStageApp.uplugin" 589
"../../../Engine/Plugins/VirtualProduction/LevelSnapshots/LevelSnapshots.uplugin" 590
"../../../Engine/Plugins/VirtualProduction/LiveLinkFreeD/LiveLinkFreeD.uplugin" 591
"../../../Engine/Plugins/VirtualProduction/CompositePlane/CompositePlane.uplugin" 592
"../../../Engine/Plugins/VirtualProduction/LiveLinkPrestonMDR/LiveLinkPrestonMDR.uplugin" 593
"../../../Engine/Plugins/VirtualProduction/GeometryMask/GeometryMask.uplugin" 594
"../../../Engine/Plugins/VirtualProduction/DataCharts/DataCharts.uplugin" 595
"../../../Engine/Plugins/VirtualProduction/LiveLinkVRPN/LiveLinkVRPN.uplugin" 596
"../../../Engine/Plugins/Online/OnlineSubsystemEOS/OnlineSubsystemEOS.uplugin" 597
"../../../Engine/Plugins/VirtualProduction/LiveLinkMasterLockit/LiveLinkMasterLockit.uplugin" 598
"../../../Engine/Plugins/VirtualProduction/CinematicAssemblyTools/CinematicAssemblyTools.uplugin" 599
"../../../Engine/Plugins/VirtualProduction/LiveLinkOpenTrackIO/LiveLinkOpenTrackIO.uplugin" 600
"../../../Engine/Plugins/VirtualProduction/ICVFX/ICVFX.uplugin" 601
"../../../Engine/Plugins/VirtualProduction/MultiUserTakes/MultiUserTakes.uplugin" 602
"../../../Engine/Plugins/VirtualProduction/PropertyAnimator/PropertyAnimator.uplugin" 603
"../../../Engine/Plugins/Slate/SlateInsights/SlateInsights.uplugin" 604
"../../../Engine/Plugins/VirtualProduction/LensComponent/LensComponent.uplugin" 605
"../../../Engine/Plugins/VirtualProduction/RemoteControlProtocolOSC/RemoteControlProtocolOSC.uplugin" 606
"../../../Engine/Plugins/VirtualProduction/CameraCalibrationML/CameraCalibrationML.uplugin" 607
"../../../Engine/Plugins/VirtualProduction/ICVFXTesting/ICVFXTesting.uplugin" 608
"../../../Engine/Plugins/VirtualProduction/PropertyAnimatorCore/PropertyAnimatorCore.uplugin" 609
"../../../Engine/Plugins/Online/OnlineSubsystemSteam/OnlineSubsystemSteam.uplugin" 610
"../../../Engine/Plugins/VirtualProduction/OperatorStack/OperatorStack.uplugin" 611
"../../../Engine/Plugins/VirtualProduction/PerformanceCaptureWorkflow/PerformanceCaptureWorkflow.uplugin" 612
"../../../Engine/Plugins/VirtualProduction/RemoteControlWebInterface/RemoteControlWebInterface.uplugin" 613
"../../../Engine/Plugins/VirtualProduction/LiveLinkXR/LiveLinkXR.uplugin" 614
"../../../Engine/Plugins/VirtualProduction/SequencerPlaylists/SequencerPlaylists.uplugin" 615
"../../../Engine/Plugins/Online/OnlineSubsystemFacebook/OnlineSubsystemFacebook.uplugin" 616
"../../../Engine/Plugins/VirtualProduction/RemoteControlInterception/RemoteControlInterception.uplugin" 617
"../../../Engine/Plugins/VirtualProduction/StageMonitoring/StageMonitoring.uplugin" 618
"../../../Engine/Plugins/VirtualProduction/StormSyncAvalancheBridge/StormSyncAvalancheBridge.uplugin" 619
"../../../Engine/Plugins/VirtualProduction/TextureShare/TextureShare.uplugin" 620
"../../../Engine/Plugins/VirtualProduction/RemoteControl/RemoteControl.uplugin" 621
"../../../Engine/Plugins/VirtualProduction/VirtualScouting/VirtualScouting.uplugin" 622
"../../../Engine/Plugins/VirtualProduction/VirtualCamera/VirtualCamera.uplugin" 623
"../../../Engine/Plugins/VirtualProduction/StormSync/StormSync.uplugin" 624
"../../../Engine/Plugins/VirtualProduction/Switchboard/Switchboard.uplugin" 625
"../../../Engine/Plugins/Experimental/Animation/ContextualAnimation/ContextualAnimation.uplugin" 626
"../../../Engine/Plugins/VirtualProduction/TimedDataMonitor/TimedDataMonitor.uplugin" 627
"../../../Engine/Plugins/VirtualProduction/Takes/Takes.uplugin" 628
"../../../Engine/Plugins/Experimental/Animation/CurveExpression/CurveExpression.uplugin" 629
"../../../Engine/Plugins/Experimental/Animation/HierarchyTableAnimation/HierarchyTableAnimation.uplugin" 630
"../../../Engine/Plugins/Experimental/Animation/MotionTrajectory/MotionTrajectory.uplugin" 631
"../../../Engine/Plugins/Experimental/Animation/PackedAttributes/PackedAttributes.uplugin" 632
"../../../Engine/Plugins/VirtualProduction/RemoteControlProtocolMIDI/RemoteControlProtocolMIDI.uplugin" 633
"../../../Engine/Plugins/VirtualProduction/RemoteControlProtocolDMX/RemoteControlProtocolDMX.uplugin" 634
"../../../Engine/Plugins/Experimental/Animation/TrajectoryTools/TrajectoryTools.uplugin" 635
"../../../Engine/Plugins/Experimental/Animation/Optimus/Optimus.uplugin" 636
"../../../Engine/Plugins/VirtualProduction/LiveLinkInputDevice/LiveLinkInputDevice.uplugin" 637
"../../../Engine/Plugins/Experimental/CharacterFXEditor/BaseCharacterFXEditor/BaseCharacterFXEditor.uplugin" 638
"../../../Engine/Plugins/Experimental/Animation/RigMapper/RigMapper.uplugin" 639
"../../../Engine/Plugins/Experimental/Animation/SkeletalMeshMorphTargetEditingTools/SkeletalMeshMorphTargetEditingTools.uplugin" 640
"../../../Engine/Plugins/Experimental/Enterprise/DatasmithInterchange/DatasmithInterchange.uplugin" 641
"../../../Engine/Plugins/Experimental/Animation/HierarchyTable/HierarchyTable.uplugin" 642
"../../../Engine/Plugins/VirtualProduction/VirtualCameraCore/VirtualCameraCore.uplugin" 643
"../../../Engine/Plugins/Runtime/Analytics/AnalyticsBlueprintLibrary/AnalyticsBlueprintLibrary.uplugin" 644
"../../../Engine/Plugins/Runtime/Analytics/AnalyticsMulticast/AnalyticsMulticast.uplugin" 645
"../../../Engine/Plugins/Experimental/Enterprise/DatasmithRuntime/DatasmithRuntime.uplugin" 646
"../../../Engine/Plugins/Online/Android/AndroidFetchBackgroundDownload/AndroidFetchBackgroundDownload.uplugin" 647
"../../../Engine/Plugins/Experimental/Animation/Locomotor/Locomotor.uplugin" 648
"../../../Engine/Plugins/VirtualProduction/DMX/DMXControlConsole/DMXControlConsole.uplugin" 649
"../../../Engine/Plugins/VirtualProduction/DMX/DatasmithMVR/DatasmithMVR.uplugin" 650
"../../../Engine/Plugins/VirtualProduction/LiveLinkLens/LiveLinkLens.uplugin" 651
"../../../Engine/Plugins/Experimental/Compositing/CompositeCore/CompositeCore.uplugin" 652
"../../../Engine/Plugins/Experimental/Enterprise/DataprepGeometryOperations/DataprepGeometryOperations.uplugin" 653
"../../../Engine/Plugins/Experimental/Compositing/HoldoutComposite/HoldoutComposite.uplugin" 654
"../../../Engine/Plugins/VirtualProduction/Rivermax/RivermaxCore/RivermaxCore.uplugin" 655
"../../../Engine/Plugins/VirtualProduction/DMX/DMXEngine/DMXEngine.uplugin" 656
"../../../Engine/Plugins/Runtime/PacketHandlers/AESGCMHandlerComponent/AESGCMHandlerComponent.uplugin" 657
"../../../Engine/Plugins/Developer/Concert/ConcertMain/ConcertMain.uplugin" 658
"../../../Engine/Plugins/Runtime/Analytics/Adjust/Adjust.uplugin" 659
"../../../Engine/Plugins/Runtime/PacketHandlers/DTLSHandlerComponent/DTLSHandlerComponent.uplugin" 660
"../../../Engine/Plugins/Runtime/Steam/SteamAudio/SteamAudio.uplugin" 661
"../../../Engine/Plugins/Experimental/Animation/SkeletonTemplateFramework/SkeletonTemplateFramework.uplugin" 662
"../../../Engine/Plugins/Runtime/Steam/SteamController/SteamController.uplugin" 663
"../../../Engine/Plugins/VirtualProduction/DMX/DMXGDTF/DMXGDTF.uplugin" 664
"../../../Engine/Plugins/Runtime/MeshReconstruction/DummyMeshReconstructor/DummyMeshReconstructor.uplugin" 665
"../../../Engine/Plugins/Runtime/Steam/SteamSockets/SteamSockets.uplugin" 666
"../../../Engine/Plugins/Runtime/XR/XRVisualization/XRVisualization.uplugin" 667
"../../../Engine/Plugins/Runtime/PacketHandlers/AESHandlerComponent/AESHandlerComponent.uplugin" 668
"../../../Engine/Plugins/VirtualProduction/Rivermax/RivermaxSync/RivermaxSync.uplugin" 669
"../../../Engine/Plugins/Interchange/Extensions/OpenUSD/InterchangeOpenUSD.uplugin" 670
"../../../Engine/Plugins/VirtualProduction/DMX/DMXFixtures/DMXFixtures.uplugin" 671
"../../../Engine/Plugins/Online/Android/OnlineSubsystemGooglePlay/OnlineSubsystemGooglePlay.uplugin" 672
"../../../Engine/Plugins/Runtime/Steam/SteamShared/SteamShared.uplugin" 673
"../../../Engine/Plugins/Experimental/CharacterFXEditor/ExampleCharacterFXEditor/ExampleCharacterFXEditor.uplugin" 674
"../../../Engine/Plugins/Experimental/PCGInterops/PCGNiagaraInterop/PCGNiagaraInterop.uplugin" 675
"../../../Engine/Plugins/VirtualProduction/DMX/DMXProtocol/DMXProtocol.uplugin" 676
"../../../Engine/Plugins/Experimental/PCGInterops/PCGInstancedActorsInterop/PCGInstancedActorsInterop.uplugin" 677
"../../../Engine/Plugins/Experimental/VirtualProduction/VPSettings/VPSettings.uplugin" 678
"../../../Engine/Plugins/Experimental/VirtualProduction/LedWallCalibration/LedWallCalibration.uplugin" 679
"../../../Engine/Plugins/VirtualProduction/DMX/DMXPixelMapping/DMXPixelMapping.uplugin" 680
"../../../Engine/Plugins/Experimental/VirtualProduction/VPRoles/VPRoles.uplugin" 681
"../../../Engine/Plugins/Interchange/Extensions/OpenVDB/InterchangeOpenVDB.uplugin" 682
"../../../Engine/Plugins/Experimental/Web/WebAPI/WebAPI.uplugin" 683
"../../../Engine/Plugins/VirtualProduction/DMX/DMXDisplayCluster/DMXDisplayCluster.uplugin" 684
"../../../Engine/Plugins/Experimental/PCGInterops/PCGWaterInterop/PCGWaterInterop.uplugin" 685
"../../../Engine/Plugins/Editor/Localization/PortableObjectFileDataSource/PortableObjectFileDataSource.uplugin" 686
"../../../Engine/Plugins/Online/IOS/OnlineSubsystemIOS/OnlineSubsystemIOS.uplugin" 687
"../../../Engine/Plugins/VirtualProduction/CaptureManager/CaptureManagerApp/CaptureManagerApp.uplugin" 688
"../../../Engine/Plugins/VirtualProduction/CaptureManager/CaptureManagerDevices/CaptureManagerDevices.uplugin" 689
"../../../Engine/Plugins/VirtualProduction/Rivermax/RivermaxMedia/RivermaxMedia.uplugin" 690
"../../../Engine/Plugins/Runtime/AR/ARUtilities/ARUtilities.uplugin" 691
"../../../Engine/Plugins/Runtime/Nvidia/Reflex/Reflex.uplugin" 692
"../../../Engine/Plugins/Runtime/Analytics/FileLogging/FileLogging.uplugin" 693
"../../../Engine/Plugins/Editor/ObjectMixer/LightMixer/LightMixer.uplugin" 694
"../../../Engine/Plugins/VirtualProduction/CaptureManager/CaptureManagerEditor/CaptureManagerEditor.uplugin" 695
"../../../Engine/Plugins/Editor/ContentBrowser/ContentBrowserAssetDataSource/ContentBrowserAssetDataSource.uplugin" 696
"../../../Engine/Plugins/Editor/ContentBrowser/ContentBrowserAliasDataSource/ContentBrowserAliasDataSource.uplugin" 697
"../../../Engine/Plugins/Editor/ContentBrowser/ContentBrowserFileDataSource/ContentBrowserFileDataSource.uplugin" 698
"../../../Engine/Plugins/Online/VoiceChat/VoiceChat/VoiceChat.uplugin" 699
"../../../Engine/Plugins/Experimental/AVCodecs/NVCodecs/NVCodecs.uplugin" 700
"../../../Engine/Plugins/Editor/ObjectMixer/ObjectMixer/ObjectMixer.uplugin" 701
"../../../Engine/Plugins/Editor/ContentBrowser/ContentBrowserClassDataSource/ContentBrowserClassDataSource.uplugin" 702
"../../../Engine/Plugins/Runtime/Nvidia/GeForceNOWWrapper/GeForceNOWWrapper.uplugin" 703
"../../../Engine/Plugins/Experimental/AVCodecs/AMFCodecs/AMFCodecs.uplugin" 704
"../../../Engine/Plugins/Runtime/Database/DatabaseSupport/DatabaseSupport.uplugin" 705
"../../../Engine/Plugins/Experimental/MetaHuman/MetaHumanRuntime/MetaHumanRuntime.uplugin" 706
"../../../Engine/Plugins/Experimental/AVCodecs/AVCodecsCore/AVCodecsCore.uplugin" 707
"../../../Engine/Plugins/Experimental/AVCodecs/WMFCodecs/WMFCodecs.uplugin" 708
"../../../Engine/Plugins/Animation/MLDeformer/ChaosClothGenerator/ChaosClothGenerator.uplugin" 709
"../../../Engine/Plugins/Runtime/Windows/XInputDevice/XInputDevice.uplugin" 710
"../../../Engine/Plugins/Animation/MLDeformer/MLDeformerFramework/MLDeformerFramework.uplugin" 711
"../../../Engine/Plugins/VirtualProduction/DMX/DMXModularFeatures/DMXModularFeatures.uplugin" 712
"../../../Engine/Plugins/Runtime/Database/SQLiteCore/SQLiteCore.uplugin" 713
"../../../Engine/Plugins/Experimental/AVCodecs/VTCodecs/VTCodecs.uplugin" 714
"../../../Engine/Plugins/Runtime/Database/ADOSupport/ADOSupport.uplugin" 715
"../../../Engine/Plugins/Runtime/Advertising/IOSTapJoy/IOSTapJoy.uplugin" 716
"../../../Engine/Plugins/Animation/MLDeformer/ChaosFleshGenerator/ChaosFleshGenerator.uplugin" 717
"../../../Engine/Plugins/Animation/MLDeformer/NeuralMorphModel/NeuralMorphModel.uplugin" 718
"../../../Engine/Plugins/Animation/MLDeformer/VertexDeltaModel/VertexDeltaModel.uplugin" 719
"../../../Engine/Plugins/Online/VoiceChat/EOSVoiceChat/EOSVoiceChat.uplugin" 720
"../../../Engine/Plugins/Developer/Concert/ConcertSync/ConcertSyncCore/ConcertSyncCore.uplugin" 721
"../../../Engine/Plugins/Runtime/Windows/WinDualShock/WinDualShock.uplugin" 722
"../../../Engine/Plugins/Developer/Concert/ConcertSync/ConcertSyncTest/ConcertSyncTest.uplugin" 723
"../../../Engine/Plugins/Runtime/AR/AppleAR/AppleARKit/AppleARKit.uplugin" 724
"../../../Engine/Plugins/Developer/Concert/ConcertUI/ConcertClientSharedSlate/ConcertClientSharedSlate.uplugin" 725
"../../../Engine/Plugins/Developer/Concert/ConcertUI/ConcertSharedSlate/ConcertSharedSlate.uplugin" 726
"../../../Engine/Plugins/Developer/Concert/ConcertApp/MultiUserClient/MultiUserClient.uplugin" 727
"../../../Engine/Plugins/Runtime/Database/RemoteDatabaseSupport/RemoteDatabaseSupport.uplugin" 728
"../../../Engine/Plugins/Developer/Concert/ConcertApp/DisasterRecoveryClient/DisasterRecoveryClient.uplugin" 729
"../../../Engine/Plugins/Animation/MLDeformer/NearestNeighborModel/NearestNeighborModel.uplugin" 730
"../../../Engine/Plugins/Runtime/AR/Google/GoogleARCoreServices/GoogleARCoreServices.uplugin" 731
"../../../Engine/Plugins/Runtime/Database/SQLiteSupport/SQLiteSupport.uplugin" 732
"../../../Engine/Plugins/Developer/Concert/ConcertInsights/ConcertInsightsClient/ConcertInsightsClient.uplugin" 733
"../../../Engine/Plugins/Developer/Concert/ConcertSync/ConcertSyncServer/ConcertSyncServer.uplugin" 734
"../../../Engine/Plugins/VirtualProduction/CaptureManager/CaptureManagerCore/CaptureManagerCore.uplugin" 735
"../../../Engine/Plugins/Experimental/Animation/MLDeformer/DetailPoseModel/DetailPoseModel.uplugin" 736
"../../../Engine/Plugins/Developer/Concert/ConcertScripting/ConcertReplicationScripting/ConcertReplicationScripting.uplugin" 737
"../../../Engine/Plugins/Developer/Concert/ConcertInsights/ConcertInsightsCore/ConcertInsightsCore.uplugin" 738
"../../../Engine/Plugins/Developer/Concert/ConcertSync/ConcertSyncClient/ConcertSyncClient.uplugin" 739
"../../../Engine/Plugins/Developer/Concert/ConcertApp/MultiUserServer/MultiUserServer.uplugin" 740
"../../../Engine/Plugins/Runtime/AR/AppleAR/AppleARKitFaceSupport/AppleARKitFaceSupport.uplugin" 741
"../../../Engine/Plugins/Runtime/XR/XRScribe/XRScribe.uplugin" 742
"../../../Engine/Plugins/Runtime/AR/Google/GoogleARCore/GoogleARCore.uplugin" 743
"../../../Engine/Plugins/Developer/Concert/ConcertInsights/ConcertInsightsServer/ConcertInsightsServer.uplugin" 744
"../../../Engine/Plugins/Developer/Concert/ConcertInsights/ConcertInsightsVisualizer/ConcertInsightsVisualizer.uplugin" 745
"../../../Engine/Plugins/Experimental/AVCodecs/LibVpxCodecs/LibVpxCodecs.uplugin" 746
"../../../Engine/Platforms/Android/Plugins/RigLogic/RigLogic_Android.uplugin" 747
"../../../Engine/Platforms/Android/Plugins/Animation/ACLPlugin/ACLPlugin_Android.uplugin" 748
"../../../Engine/Platforms/IOS/Plugins/RigLogic/RigLogic_IOS.uplugin" 749
"../../../Engine/Content/Internationalization/icudt64l/cnvalias.icu" 750
"../../../Engine/Content/Internationalization/icudt64l/res_index.res" 751
"../../../Engine/Content/Internationalization/icudt64l/plurals.res" 752
"../../../Engine/Content/Internationalization/icudt64l/lang/en.res" 753
"../../../Engine/Content/Internationalization/icudt64l/lang/pool.res" 754
"../../../Engine/Content/Internationalization/icudt64l/lang/root.res" 755
"../../../Engine/Content/Internationalization/icudt64l/region/en.res" 756
"../../../Engine/Content/Internationalization/icudt64l/region/pool.res" 757
"../../../Engine/Content/Internationalization/icudt64l/region/root.res" 758
"../../../Engine/Content/Internationalization/icudt64l/windowsZones.res" 759
"../../../Engine/Content/Internationalization/icudt64l/zoneinfo64.res" 760
"../../../Engine/Content/Internationalization/icudt64l/keyTypeData.res" 761
"../../../Engine/Content/Internationalization/icudt64l/timezoneTypes.res" 762
"../../../Engine/Content/Internationalization/icudt64l/likelySubtags.res" 763
"../../../Engine/Content/Internationalization/icudt64l/en_US.res" 764
"../../../Engine/Content/Internationalization/icudt64l/pool.res" 765
"../../../Engine/Content/Internationalization/icudt64l/en.res" 766
"../../../Engine/Content/Internationalization/icudt64l/root.res" 767
"../../../Engine/Content/Internationalization/icudt64l/supplementalData.res" 768
"../../../Engine/Config/ConfigRedirects.ini" 769
"C:/Users/Moonlord/AppData/Local/UnrealEngine/5.6/Saved/Config/WindowsEditor/Manifest.ini" 770
"../../../Engine/Config/BaseEngine.ini" 771
"../../../Engine/Config/Windows/BaseWindowsEngine.ini" 772
"E:/Unreal Projects New/Sparks/Config/DefaultEngine.ini" 773
"C:/Users/Moonlord/AppData/Local/Unreal Engine/Engine/Config/UserEngine.ini" 774
"../../../Engine/Config/BaseGame.ini" 775
"E:/Unreal Projects New/Sparks/Config/DefaultGame.ini" 776
"../../../Engine/Config/Windows/WindowsGame.ini" 777
"E:/Unreal Projects New/Sparks/Saved/Config/WindowsEditor/Game.ini" 778
"../../../Engine/Config/BaseInput.ini" 779
"../../../Engine/Config/Windows/BaseWindowsInput.ini" 780
"E:/Unreal Projects New/Sparks/Config/DefaultInput.ini" 781
"../../../Engine/Config/Windows/WindowsInput.ini" 782
"../../../Engine/Config/BaseDeviceProfiles.ini" 783
"../../../Engine/Config/BaseGameUserSettings.ini" 784
"E:/Unreal Projects New/Sparks/Saved/Config/WindowsEditor/GameUserSettings.ini" 785
"../../../Engine/Config/BaseScalability.ini" 786
"../../../Engine/Config/BaseRuntimeOptions.ini" 787
"../../../Engine/Config/BaseInstallBundle.ini" 788
"../../../Engine/Config/BaseHardware.ini" 789
"../../../Engine/Config/BaseCompat.ini" 790
"../../../Engine/Config/BaseLightmass.ini" 791
"../../../Engine/Config/BaseEditor.ini" 792
"E:/Unreal Projects New/Sparks/Config/DefaultEditor.ini" 793
"E:/Unreal Projects New/Sparks/Saved/Config/WindowsEditor/Editor.ini" 794
"../../../Engine/Config/BaseMaterialExpressions.ini" 795
"../../../Engine/Config/BaseEditorPerProjectUserSettings.ini" 796
"E:/Unreal Projects New/Sparks/Config/DefaultEditorPerProjectUserSettings.ini" 797
"../../../Engine/Config/Windows/WindowsEditorPerProjectUserSettings.ini" 798
"E:/Unreal Projects New/Sparks/Saved/Config/WindowsEditor/EditorPerProjectUserSettings.ini" 799
"../../../Engine/Config/BaseEditorSettings.ini" 800
"../../../Engine/Config/Windows/WindowsEditorSettings.ini" 801
"C:/Users/Moonlord/AppData/Local/UnrealEngine/5.6/Saved/Config/WindowsEditor/EditorSettings.ini" 802
"../../../Engine/Config/BaseEditorKeyBindings.ini" 803
"C:/Users/Moonlord/AppData/Local/UnrealEngine/5.6/Saved/Config/WindowsEditor/EditorKeyBindings.ini" 804
"C:/Users/Moonlord/AppData/Local/UnrealEngine/5.6/Saved/Config/WindowsEditor/EditorLayout.ini" 805
"../../../Engine/Config/Mac/BaseMacEngine.ini" 806
"../../../Engine/Config/Android/BaseAndroidEngine.ini" 807
"../../../Engine/Config/Android/AndroidEngine.ini" 808
"../../../Engine/Config/IOS/BaseIOSEngine.ini" 809
"../../../Engine/Config/Linux/BaseLinuxEngine.ini" 810
"../../../Engine/Config/Android/BaseAndroidGame.ini" 811
"../../../Engine/Platforms/VisionOS/Config/BaseVisionOSEngine.ini" 812
"../../../Engine/Binaries/Win64/BootstrapPackagedGame-Win64-Shipping.target" 813
"../../../Engine/Config/Mac/MacGame.ini" 814
"../../../Engine/Config/Unix/UnixEngine.ini" 815
"../../../Engine/Platforms/VisionOS/Config/VisionOSEngine.ini" 816
"../../../Engine/Config/IOS/BaseIOSGame.ini" 817
"../../../Engine/Config/Linux/LinuxEngine.ini" 818
"../../../Engine/Config/TVOS/TVOSEngine.ini" 819
"../../../Engine/Config/IOS/IOSGame.ini" 820
"../../../Engine/Config/Android/BaseAndroidInput.ini" 821
"../../../Engine/Binaries/Win64/BuildPatchTool-Win64-Shipping.target" 822
"../../../Engine/Config/Linux/LinuxGame.ini" 823
"../../../Engine/Config/IOS/BaseIOSInput.ini" 824
"../../../Engine/Binaries/Win64/CrashReportClient-Win64-Shipping.target" 825
"../../../Engine/Config/Mac/BaseMacInput.ini" 826
"../../../Engine/Config/Android/AndroidScalability.ini" 827
"../../../Engine/Binaries/Win64/CrashReportClientEditor-Win64-Shipping.target" 828
"../../../Engine/Config/Android/BaseAndroidInstallBundle.ini" 829
"../../../Engine/Binaries/Win64/DatasmithCADWorker.target" 830
"../../../Engine/Config/IOS/IOSScalability.ini" 831
"../../../Engine/Binaries/Win64/EpicWebHelper-Win64-Shipping.target" 832
"../../../Engine/Binaries/Win64/InterchangeWorker.target" 833
"../../../Engine/Config/IOS/BaseIOSInstallBundle.ini" 834
"../../../Engine/Binaries/Win64/LiveCodingConsole.target" 835
"../../../Engine/Binaries/Win64/LiveLinkHub.target" 836
"../../../Engine/Binaries/Win64/ShaderCompileWorker.target" 837
"../../../Engine/Binaries/Win64/SwitchboardListener.target" 838
"../../../Engine/Binaries/Win64/SwitchboardListenerHelper.target" 839
"../../../Engine/Binaries/Win64/UnrealEditor-Win64-DebugGame.target" 840
"../../../Engine/Binaries/Win64/UnrealEditor.target" 841
"../../../Engine/Config/PluginBase.ini" 842
"../../../Engine/Plugins/ChaosVD/Config/DefaultChaosVD.ini" 843
"../../../Engine/Plugins/EnhancedInput/Config/BaseEnhancedInput.ini" 844
"../../../Engine/Plugins/Fab/Config/BaseFab.ini" 845
"../../../Engine/Plugins/TraceUtilities/Config/BaseTraceUtilities.ini" 846
"../../../Engine/Plugins/Experimental/FullBodyIK/Config/BaseFullBodyIK.ini" 847
"../../../Engine/Plugins/Experimental/ToolPresets/Config/BaseToolPresets.ini" 848
"../../../Engine/Plugins/Interchange/Assets/Config/BaseInterchangeAssets.ini" 849
"../../../Engine/Plugins/Interchange/Runtime/Config/BaseInterchange.ini" 850
"../../../Engine/Plugins/MetaHuman/MetaHumanSDK/Config/BaseMetaHumanSDK.ini" 851
"../../../Engine/Plugins/Runtime/GameplayStateTree/Config/BaseGameplayStateTree.ini" 852
"../../../Engine/Plugins/Runtime/HairStrands/Config/BaseHairStrands.ini" 853
"../../../Engine/Plugins/Runtime/Metasound/Config/BaseMetasound.ini" 854
"../../../Engine/Plugins/Runtime/Metasound/Config/DefaultMetasound.ini" 855
"../../../Engine/Plugins/Runtime/PropertyBindingUtils/Config/BasePropertyBindingUtils.ini" 856
"../../../Engine/Plugins/Runtime/RigVM/Config/BaseRigVM.ini" 857
"../../../Engine/Plugins/Runtime/StateTree/Config/BaseStateTree.ini" 858
"../../../Engine/Plugins/Runtime/Synthesis/Config/BaseSynthesis.ini" 859
"../../../Engine/Plugins/2D/Paper2D/Config/BasePaper2D.ini" 860
"../../../Engine/Plugins/Animation/ControlRig/Config/BaseControlRig.ini" 861
"../../../Engine/Plugins/Animation/IKRig/Config/BaseIKRig.ini" 862
"../../../Engine/Plugins/Animation/DeformerGraph/Config/BaseDeformerGraph.ini" 863
"../../../Engine/Plugins/Cameras/GameplayCameras/Config/BaseGameplayCameras.ini" 864
"../../../Engine/Plugins/Editor/EditorScriptingUtilities/Config/BaseEditorScriptingUtilities.ini" 865
"../../../Engine/Plugins/Enterprise/DatasmithContent/Config/BaseDatasmithContent.ini" 866
"../../../Engine/Plugins/Enterprise/VariantManagerContent/Config/BaseVariantManagerContent.ini" 867
"../../../Engine/Plugins/Enterprise/GLTFExporter/Config/BaseGLTFExporter.ini" 868
"../../../Engine/Plugins/Enterprise/GLTFExporter/Config/DefaultGLTFExporter.ini" 869
"../../../Engine/Plugins/FX/Niagara/Config/BaseNiagara.ini" 870
"E:/Unreal Projects New/Sparks/Config/DefaultNiagara.ini" 871
"../../../Engine/Plugins/VirtualProduction/CameraCalibrationCore/Config/BaseCameraCalibrationCore.ini" 872
"../../../Engine/Plugins/VirtualProduction/Takes/Config/BaseTakes.ini" 873
"../../../Engine/Plugins/Experimental/Compositing/CompositeCore/Config/BaseCompositeCore.ini" 874
"../../../Engine/Plugins/ChaosVD/Config/Engine.ini" 875
"../../../Engine/Plugins/EnhancedInput/Config/Input.ini" 876
"../../../Engine/Plugins/Runtime/InputDebugging/Config/Input.ini" 877
"../../../Engine/Plugins/Runtime/Windows/XInputDevice/Config/Input.ini" 878
"../../../Engine/Plugins/NNE/NNEDenoiser/Config/Game.ini" 879
"../../../Engine/Plugins/Runtime/RigVM/Config/Editor.ini" 880
"../../../Engine/Plugins/Online/OnlineSubsystemUtils/Config/Editor.ini" 881
"../../../Engine/Plugins/Editor/ModelingToolsEditorMode/Binaries/Win64/UnrealEditor.modules" 882
"../../../Engine/Plugins/Runtime/MeshModelingToolset/Binaries/Win64/UnrealEditor.modules" 883
"../../../Engine/Plugins/Experimental/MeshModelingToolsetExp/Binaries/Win64/UnrealEditor.modules" 884
"../../../Engine/Plugins/Editor/MeshLODToolset/Binaries/Win64/UnrealEditor.modules" 885
"../../../Engine/Plugins/Experimental/ToolPresets/Binaries/Win64/UnrealEditor.modules" 886
"../../../Engine/Plugins/Editor/StylusInput/Binaries/Win64/UnrealEditor.modules" 887
"../../../Engine/Plugins/Runtime/GeometryProcessing/Binaries/Win64/UnrealEditor.modules" 888
"../../../Engine/Plugins/Editor/ProxyLODPlugin/Binaries/Win64/UnrealEditor.modules" 889
"../../../Engine/Plugins/Experimental/PlanarCutPlugin/Binaries/Win64/UnrealEditor.modules" 890
"../../../Engine/Plugins/Runtime/GeometryCache/Binaries/Win64/UnrealEditor.modules" 891
"../../../Engine/Plugins/Experimental/GeometryFlow/Binaries/Win64/UnrealEditor.modules" 892
"../../../Engine/Plugins/Editor/EditorScriptingUtilities/Binaries/Win64/UnrealEditor.modules" 893
"../../../Engine/Plugins/FX/Niagara/Binaries/Win64/UnrealEditor.modules" 894
"../../../Engine/Plugins/Experimental/PythonScriptPlugin/Binaries/Win64/UnrealEditor.modules" 895
"../../../Engine/Plugins/Editor/ContentBrowser/ContentBrowserFileDataSource/Binaries/Win64/UnrealEditor.modules" 896
"../../../Engine/Plugins/Runtime/GameplayStateTree/Binaries/Win64/UnrealEditor.modules" 897
"../../../Engine/Plugins/Runtime/StateTree/Binaries/Win64/UnrealEditor.modules" 898
"../../../Engine/Plugins/Animation/GameplayInsights/Binaries/Win64/UnrealEditor.modules" 899
"../../../Engine/Plugins/Runtime/PropertyAccess/Binaries/Win64/UnrealEditor.modules" 900
"../../../Engine/Plugins/Runtime/PropertyBindingUtils/Binaries/Win64/UnrealEditor.modules" 901
"../../../Engine/Plugins/Marketplace/AsyncLoabb9e7e751a1fV12/Binaries/Win64/UnrealEditor.modules" 902
"../../../Engine/Plugins/Marketplace/AdMobAds91b31d347a7dV6/Binaries/Win64/UnrealEditor.modules" 903
"../../../Engine/Plugins/Bridge/Binaries/Win64/UnrealEditor.modules" 904
"../../../Engine/Plugins/MetaHuman/MetaHumanSDK/Binaries/Win64/UnrealEditor.modules" 905
"../../../Engine/Plugins/Animation/ControlRig/Binaries/Win64/UnrealEditor.modules" 906
"../../../Engine/Plugins/Runtime/HairStrands/Binaries/Win64/UnrealEditor.modules" 907
"../../../Engine/Plugins/Animation/RigLogic/Binaries/Win64/UnrealEditor.modules" 908
"../../../Engine/Plugins/Online/EOSShared/Binaries/Win64/UnrealEditor.modules" 909
"../../../Engine/Plugins/Runtime/RigVM/Binaries/Win64/UnrealEditor.modules" 910
"../../../Engine/Plugins/MovieScene/LevelSequenceEditor/Binaries/Win64/UnrealEditor.modules" 911
"../../../Engine/Plugins/MovieScene/SequencerScripting/Binaries/Win64/UnrealEditor.modules" 912
"../../../Engine/Plugins/Animation/TweeningUtils/Binaries/Win64/UnrealEditor.modules" 913
"../../../Engine/Plugins/Animation/DeformerGraph/Binaries/Win64/UnrealEditor.modules" 914
"../../../Engine/Plugins/Experimental/Dataflow/Binaries/Win64/UnrealEditor.modules" 915
"../../../Engine/Plugins/Runtime/ComputeFramework/Binaries/Win64/UnrealEditor.modules" 916
"../../../Engine/Plugins/Experimental/CharacterFXEditor/BaseCharacterFXEditor/Binaries/Win64/UnrealEditor.modules" 917
"../../../Engine/Plugins/Runtime/ProceduralMeshComponent/Binaries/Win64/UnrealEditor.modules" 918
"../../../Engine/Plugins/Experimental/ChaosCaching/Binaries/Win64/UnrealEditor.modules" 919
"../../../Engine/Plugins/Experimental/EditorDataStorage/Binaries/Win64/UnrealEditor.modules" 920
"../../../Engine/Plugins/Experimental/EditorDataStorageFeatures/Binaries/Win64/UnrealEditor.modules" 921
"../../../Engine/Plugins/VirtualProduction/Takes/Binaries/Win64/UnrealEditor.modules" 922
"../../../Engine/Plugins/Runtime/AudioCapture/Binaries/Win64/UnrealEditor.modules" 923
"../../../Engine/Plugins/Developer/NamingTokens/Binaries/Win64/UnrealEditor.modules" 924
"../../../Engine/Plugins/Editor/EngineAssetDefinitions/Binaries/Win64/UnrealEditor.modules" 925
"../../../Engine/Plugins/ChaosCloth/Binaries/Win64/UnrealEditor.modules" 926
"../../../Engine/Plugins/ChaosVD/Binaries/Win64/UnrealEditor.modules" 927
"../../../Engine/Plugins/ChaosInsights/Binaries/Win64/UnrealEditor.modules" 928
"../../../Engine/Plugins/CmdLinkServer/Binaries/Win64/UnrealEditor.modules" 929
"../../../Engine/Plugins/EnhancedInput/Binaries/Win64/UnrealEditor.modules" 930
"../../../Engine/Plugins/Editor/DataValidation/Binaries/Win64/UnrealEditor.modules" 931
"../../../Engine/Plugins/Fab/Binaries/Win64/UnrealEditor.modules" 932
"../../../Engine/Plugins/Interchange/Runtime/Binaries/Win64/UnrealEditor.modules" 933
"../../../Engine/Plugins/Enterprise/VariantManagerContent/Binaries/Win64/UnrealEditor.modules" 934
"../../../Engine/Plugins/Enterprise/VariantManager/Binaries/Win64/UnrealEditor.modules" 935
"../../../Engine/Plugins/Interchange/Assets/Binaries/Win64/UnrealEditor.modules" 936
"../../../Engine/Plugins/FastBuildController/Binaries/Win64/UnrealEditor.modules" 937
"../../../Engine/Plugins/IoStoreInsights/Binaries/Win64/UnrealEditor.modules" 938
"../../../Engine/Plugins/MassInsights/Binaries/Win64/UnrealEditor.modules" 939
"../../../Engine/Plugins/MeshPainting/Binaries/Win64/UnrealEditor.modules" 940
"../../../Engine/Plugins/Interchange/Editor/Binaries/Win64/UnrealEditor.modules" 941
"../../../Engine/Plugins/RenderGraphInsights/Binaries/Win64/UnrealEditor.modules" 942
"../../../Engine/Plugins/UbaController/Binaries/Win64/UnrealEditor.modules" 943
"../../../Engine/Plugins/TraceUtilities/Binaries/Win64/UnrealEditor.modules" 944
"../../../Engine/Plugins/WorldMetrics/Binaries/Win64/UnrealEditor.modules" 945
"../../../Engine/Plugins/XGEController/Binaries/Win64/UnrealEditor.modules" 946
"../../../Engine/Plugins/Experimental/AdvancedRenamer/Binaries/Win64/UnrealEditor.modules" 947
"../../../Engine/Plugins/Experimental/AutomationUtils/Binaries/Win64/UnrealEditor.modules" 948
"../../../Engine/Plugins/Experimental/BackChannel/Binaries/Win64/UnrealEditor.modules" 949
"../../../Engine/Plugins/Experimental/ChaosEditor/Binaries/Win64/UnrealEditor.modules" 950
"../../../Engine/Plugins/Experimental/GeometryCollectionPlugin/Binaries/Win64/UnrealEditor.modules" 951
"../../../Engine/Plugins/Experimental/Fracture/Binaries/Win64/UnrealEditor.modules" 952
"../../../Engine/Plugins/Experimental/ChaosSolverPlugin/Binaries/Win64/UnrealEditor.modules" 953
"../../../Engine/Plugins/Experimental/GeometryDataflow/Binaries/Win64/UnrealEditor.modules" 954
"../../../Engine/Plugins/Experimental/ChaosNiagara/Binaries/Win64/UnrealEditor.modules" 955
"../../../Engine/Plugins/Experimental/ChaosUserDataPT/Binaries/Win64/UnrealEditor.modules" 956
"../../../Engine/Plugins/Experimental/CharacterAI/Binaries/Win64/UnrealEditor.modules" 957
"../../../Engine/Plugins/Experimental/EditorTelemetry/Binaries/Win64/UnrealEditor.modules" 958
"../../../Engine/Plugins/Experimental/EditorPerformance/Binaries/Win64/UnrealEditor.modules" 959
"../../../Engine/Plugins/Experimental/LevelSequenceNavigatorBridge/Binaries/Win64/UnrealEditor.modules" 960
"../../../Engine/Plugins/Experimental/SequenceNavigator/Binaries/Win64/UnrealEditor.modules" 961
"../../../Engine/Plugins/Experimental/LocalizableMessage/Binaries/Win64/UnrealEditor.modules" 962
"../../../Engine/Plugins/Experimental/NFORDenoise/Binaries/Win64/UnrealEditor.modules" 963
"../../../Engine/Plugins/Experimental/PlatformCrypto/Binaries/Win64/UnrealEditor.modules" 964
"../../../Engine/Plugins/Experimental/RuntimeTelemetry/Binaries/Win64/UnrealEditor.modules" 965
"../../../Engine/Plugins/Experimental/SkeletalReduction/Binaries/Win64/UnrealEditor.modules" 966
"../../../Engine/Plugins/MovieScene/ActorSequence/Binaries/Win64/UnrealEditor.modules" 967
"../../../Engine/Plugins/NNE/NNEDenoiser/Binaries/Win64/UnrealEditor.modules" 968
"../../../Engine/Plugins/NNE/NNERuntimeORT/Binaries/Win64/UnrealEditor.modules" 969
"../../../Engine/Plugins/Tests/InterchangeTests/Binaries/Win64/UnrealEditor.modules" 970
"../../../Engine/Plugins/Portal/LauncherChunkInstaller/Binaries/Win64/UnrealEditor.modules" 971
"../../../Engine/Plugins/Runtime/ActorLayerUtilities/Binaries/Win64/UnrealEditor.modules" 972
"../../../Engine/Plugins/Runtime/AndroidDeviceProfileSelector/Binaries/Win64/UnrealEditor.modules" 973
"../../../Engine/Plugins/Runtime/AndroidPermission/Binaries/Win64/UnrealEditor.modules" 974
"../../../Engine/Plugins/Runtime/AndroidFileServer/Binaries/Win64/UnrealEditor.modules" 975
"../../../Engine/Plugins/Runtime/AppleImageUtils/Binaries/Win64/UnrealEditor.modules" 976
"../../../Engine/Plugins/Runtime/ArchVisCharacter/Binaries/Win64/UnrealEditor.modules" 977
"../../../Engine/Plugins/Runtime/AssetTags/Binaries/Win64/UnrealEditor.modules" 978
"../../../Engine/Plugins/Runtime/CableComponent/Binaries/Win64/UnrealEditor.modules" 979
"../../../Engine/Plugins/Runtime/ChunkDownloader/Binaries/Win64/UnrealEditor.modules" 980
"../../../Engine/Plugins/Runtime/CustomMeshComponent/Binaries/Win64/UnrealEditor.modules" 981
"../../../Engine/Plugins/Runtime/ExampleDeviceProfileSelector/Binaries/Win64/UnrealEditor.modules" 982
"../../../Engine/Plugins/Runtime/GooglePAD/Binaries/Win64/UnrealEditor.modules" 983
"../../../Engine/Plugins/Runtime/InputDebugging/Binaries/Win64/UnrealEditor.modules" 984
"../../../Engine/Plugins/Runtime/LocationServicesBPLibrary/Binaries/Win64/UnrealEditor.modules" 985
"../../../Engine/Plugins/Runtime/Metasound/Binaries/Win64/UnrealEditor.modules" 986
"../../../Engine/Plugins/Runtime/AudioWidgets/Binaries/Win64/UnrealEditor.modules" 987
"../../../Engine/Plugins/Runtime/AudioSynesthesia/Binaries/Win64/UnrealEditor.modules" 988
"../../../Engine/Plugins/Editor/ContentBrowser/ContentBrowserAssetDataSource/Binaries/Win64/UnrealEditor.modules" 989
"../../../Engine/Plugins/Runtime/WaveTable/Binaries/Win64/UnrealEditor.modules" 990
"../../../Engine/Plugins/Runtime/MsQuic/Binaries/Win64/UnrealEditor.modules" 991
"../../../Engine/Plugins/Runtime/MobilePatchingUtils/Binaries/Win64/UnrealEditor.modules" 992
"../../../Engine/Plugins/Runtime/ResonanceAudio/Binaries/Win64/UnrealEditor.modules" 993
"../../../Engine/Plugins/Runtime/SoundFields/Binaries/Win64/UnrealEditor.modules" 994
"../../../Engine/Plugins/Runtime/Synthesis/Binaries/Win64/UnrealEditor.modules" 995
"../../../Engine/Plugins/Runtime/WindowsDeviceProfileSelector/Binaries/Win64/UnrealEditor.modules" 996
"../../../Engine/Plugins/Runtime/WindowsMoviePlayer/Binaries/Win64/UnrealEditor.modules" 997
"../../../Engine/Plugins/Runtime/WebMMoviePlayer/Binaries/Win64/UnrealEditor.modules" 998
"../../../Engine/Plugins/Media/WebMMedia/Binaries/Win64/UnrealEditor.modules" 999
"../../../Engine/Plugins/2D/Paper2D/Binaries/Win64/UnrealEditor.modules" 1000
"../../../Engine/Plugins/AI/AISupport/Binaries/Win64/UnrealEditor.modules" 1001
"../../../Engine/Plugins/AI/EnvironmentQueryEditor/Binaries/Win64/UnrealEditor.modules" 1002
"../../../Engine/Plugins/Animation/AnimationModifierLibrary/Binaries/Win64/UnrealEditor.modules" 1003
"../../../Engine/Plugins/Animation/ACLPlugin/Binaries/Win64/UnrealEditor.modules" 1004
"../../../Engine/Plugins/Animation/AnimationData/Binaries/Win64/UnrealEditor.modules" 1005
"../../../Engine/Plugins/Animation/BlendSpaceMotionAnalysis/Binaries/Win64/UnrealEditor.modules" 1006
"../../../Engine/Plugins/Animation/ControlRigSpline/Binaries/Win64/UnrealEditor.modules" 1007
"../../../Engine/Plugins/Animation/IKRig/Binaries/Win64/UnrealEditor.modules" 1008
"../../../Engine/Plugins/Experimental/FullBodyIK/Binaries/Win64/UnrealEditor.modules" 1009
"../../../Engine/Plugins/Animation/SkeletalMeshModelingTools/Binaries/Win64/UnrealEditor.modules" 1010
"../../../Engine/Plugins/Cameras/EngineCameras/Binaries/Win64/UnrealEditor.modules" 1011
"../../../Engine/Plugins/MovieScene/TemplateSequence/Binaries/Win64/UnrealEditor.modules" 1012
"../../../Engine/Plugins/Cameras/CameraShakePreviewer/Binaries/Win64/UnrealEditor.modules" 1013
"../../../Engine/Plugins/Cameras/GameplayCameras/Binaries/Win64/UnrealEditor.modules" 1014
"../../../Engine/Plugins/VirtualProduction/CameraCalibrationCore/Binaries/Win64/UnrealEditor.modules" 1015
"../../../Engine/Plugins/Developer/AnimationSharing/Binaries/Win64/UnrealEditor.modules" 1016
"../../../Engine/Plugins/Runtime/SignificanceManager/Binaries/Win64/UnrealEditor.modules" 1017
"../../../Engine/Plugins/Compression/OodleNetwork/Binaries/Win64/UnrealEditor.modules" 1018
"../../../Engine/Plugins/Developer/CLionSourceCodeAccess/Binaries/Win64/UnrealEditor.modules" 1019
"../../../Engine/Plugins/Developer/DumpGPUServices/Binaries/Win64/UnrealEditor.modules" 1020
"../../../Engine/Plugins/Developer/N10XSourceCodeAccess/Binaries/Win64/UnrealEditor.modules" 1021
"../../../Engine/Plugins/Developer/GitSourceControl/Binaries/Win64/UnrealEditor.modules" 1022
"../../../Engine/Plugins/Developer/PlasticSourceControl/Binaries/Win64/UnrealEditor.modules" 1023
"../../../Engine/Plugins/Developer/PixWinPlugin/Binaries/Win64/UnrealEditor.modules" 1024
"../../../Engine/Plugins/Developer/PluginUtils/Binaries/Win64/UnrealEditor.modules" 1025
"../../../Engine/Plugins/Developer/PerforceSourceControl/Binaries/Win64/UnrealEditor.modules" 1026
"../../../Engine/Plugins/Developer/ProjectLauncher/Binaries/Win64/UnrealEditor.modules" 1027
"../../../Engine/Plugins/Developer/RenderDocPlugin/Binaries/Win64/UnrealEditor.modules" 1028
"../../../Engine/Plugins/Developer/TextureFormatOodle/Binaries/Win64/UnrealEditor.modules" 1029
"../../../Engine/Plugins/Developer/PropertyAccessNode/Binaries/Win64/UnrealEditor.modules" 1030
"../../../Engine/Plugins/Developer/SubversionSourceControl/Binaries/Win64/UnrealEditor.modules" 1031
"../../../Engine/Plugins/Developer/RiderSourceCodeAccess/Binaries/Win64/UnrealEditor.modules" 1032
"../../../Engine/Plugins/Developer/UObjectPlugin/Binaries/Win64/UnrealEditor.modules" 1033
"../../../Engine/Plugins/Editor/AssetManagerEditor/Binaries/Win64/UnrealEditor.modules" 1034
"../../../Engine/Plugins/Developer/VisualStudioCodeSourceCodeAccess/Binaries/Win64/UnrealEditor.modules" 1035
"../../../Engine/Plugins/Developer/VisualStudioSourceCodeAccess/Binaries/Win64/UnrealEditor.modules" 1036
"../../../Engine/Plugins/Editor/ChangelistReview/Binaries/Win64/UnrealEditor.modules" 1037
"../../../Engine/Plugins/Editor/BlueprintHeaderView/Binaries/Win64/UnrealEditor.modules" 1038
"../../../Engine/Plugins/Editor/CurveEditorTools/Binaries/Win64/UnrealEditor.modules" 1039
"../../../Engine/Plugins/Editor/CryptoKeys/Binaries/Win64/UnrealEditor.modules" 1040
"../../../Engine/Plugins/Editor/ColorGrading/Binaries/Win64/UnrealEditor.modules" 1041
"../../../Engine/Plugins/Editor/ObjectMixer/ObjectMixer/Binaries/Win64/UnrealEditor.modules" 1042
"../../../Engine/Plugins/Editor/EditorDebugTools/Binaries/Win64/UnrealEditor.modules" 1043
"../../../Engine/Plugins/Editor/FacialAnimation/Binaries/Win64/UnrealEditor.modules" 1044
"../../../Engine/Plugins/Editor/MaterialAnalyzer/Binaries/Win64/UnrealEditor.modules" 1045
"../../../Engine/Plugins/Editor/GeometryMode/Binaries/Win64/UnrealEditor.modules" 1046
"../../../Engine/Plugins/Editor/MobileLauncherProfileWizard/Binaries/Win64/UnrealEditor.modules" 1047
"../../../Engine/Plugins/Editor/GameplayTagsEditor/Binaries/Win64/UnrealEditor.modules" 1048
"../../../Engine/Plugins/Editor/SequencerAnimTools/Binaries/Win64/UnrealEditor.modules" 1049
"../../../Engine/Plugins/Editor/PluginBrowser/Binaries/Win64/UnrealEditor.modules" 1050
"../../../Engine/Plugins/Editor/UMGWidgetPreview/Binaries/Win64/UnrealEditor.modules" 1051
"../../../Engine/Plugins/Editor/SpeedTreeImporter/Binaries/Win64/UnrealEditor.modules" 1052
"../../../Engine/Plugins/Editor/WorldPartitionHLODUtilities/Binaries/Win64/UnrealEditor.modules" 1053
"../../../Engine/Plugins/Editor/UVEditor/Binaries/Win64/UnrealEditor.modules" 1054
"../../../Engine/Plugins/Enterprise/DatasmithContent/Binaries/Win64/UnrealEditor.modules" 1055
"../../../Engine/Plugins/Enterprise/GLTFExporter/Binaries/Win64/UnrealEditor.modules" 1056
"../../../Engine/Plugins/FX/Cascade/Binaries/Win64/UnrealEditor.modules" 1057
"../../../Engine/Plugins/FX/NiagaraSimCaching/Binaries/Win64/UnrealEditor.modules" 1058
"../../../Engine/Plugins/Importers/AlembicImporter/Binaries/Win64/UnrealEditor.modules" 1059
"../../../Engine/Plugins/Media/AndroidMedia/Binaries/Win64/UnrealEditor.modules" 1060
"../../../Engine/Plugins/Media/AvfMedia/Binaries/Win64/UnrealEditor.modules" 1061
"../../../Engine/Plugins/Media/ImgMedia/Binaries/Win64/UnrealEditor.modules" 1062
"../../../Engine/Plugins/Media/MediaPlayerEditor/Binaries/Win64/UnrealEditor.modules" 1063
"../../../Engine/Plugins/Media/MediaCompositing/Binaries/Win64/UnrealEditor.modules" 1064
"../../../Engine/Plugins/Media/MediaPlate/Binaries/Win64/UnrealEditor.modules" 1065
"../../../Engine/Plugins/Experimental/Compositing/CompositeCore/Binaries/Win64/UnrealEditor.modules" 1066
"../../../Engine/Plugins/Messaging/UdpMessaging/Binaries/Win64/UnrealEditor.modules" 1067
"../../../Engine/Plugins/Media/WmfMedia/Binaries/Win64/UnrealEditor.modules" 1068
"../../../Engine/Plugins/Messaging/TcpMessaging/Binaries/Win64/UnrealEditor.modules" 1069
"../../../Engine/Plugins/Online/OnlineBase/Binaries/Win64/UnrealEditor.modules" 1070
"../../../Engine/Plugins/Online/OnlineSubsystem/Binaries/Win64/UnrealEditor.modules" 1071
"../../../Engine/Plugins/Online/OnlineSubsystemUtils/Binaries/Win64/UnrealEditor.modules" 1072
"../../../Engine/Plugins/Online/OnlineServices/Binaries/Win64/UnrealEditor.modules" 1073
"../../../Engine/Plugins/Online/OnlineSubsystemNull/Binaries/Win64/UnrealEditor.modules" 1074
"../../../Engine/Plugins/Editor/Localization/PortableObjectFileDataSource/Binaries/Win64/UnrealEditor.modules" 1075
"../../../Engine/Plugins/Runtime/Windows/XInputDevice/Binaries/Win64/UnrealEditor.modules" 1076
"../../../Engine/Plugins/Editor/ObjectMixer/LightMixer/Binaries/Win64/UnrealEditor.modules" 1077
"../../../Engine/Plugins/Editor/ContentBrowser/ContentBrowserClassDataSource/Binaries/Win64/UnrealEditor.modules" 1078
"../../../Engine/Config/BaseSourceControlSettings.ini" 1079
"C:/Users/Moonlord/AppData/Local/UnrealEngine/5.6/Saved/Config/WindowsEditor/SourceControlSettings.ini" 1080
"../../../Engine/Content/Internationalization/icudt64l/coll/ucadata.icu" 1081
"../../../Engine/Content/Internationalization/icudt64l/coll/en_US.res" 1082
"../../../Engine/Content/Internationalization/icudt64l/coll/en.res" 1083
"../../../Engine/Content/Internationalization/icudt64l/coll/root.res" 1084
"../../../Engine/Content/Certificates/ThirdParty/cacert.pem" 1085
"../../../Engine/Config/ConsoleVariables.ini" 1086
"../../../Engine/Binaries/Win64/Android/UnrealEditor.modules" 1087
"../../../Engine/Binaries/Win64/IOS/UnrealEditor.modules" 1088
"../../../Engine/Binaries/Win64/Linux/UnrealEditor.modules" 1089
"../../../Engine/Content/Localization/Editor/en/Editor.locres" 1090
"../../../Engine/Content/Localization/EditorTutorials/en/EditorTutorials.locres" 1091
"../../../Engine/Content/Localization/Keywords/en/Keywords.locres" 1092
"../../../Engine/Content/Localization/Category/en/Category.locres" 1093
"../../../Engine/Content/Localization/ToolTips/en/ToolTips.locres" 1094
"../../../Engine/Content/Localization/PropertyNames/en/PropertyNames.locres" 1095
"../../../Engine/Content/Localization/Engine/en/Engine.locres" 1096
"../../../Engine/Plugins/MetaHuman/MetaHumanSDK/Content/Localization/MetaHumanSDK/en/MetaHumanSDK.locres" 1097
"../../../Engine/Plugins/Online/OnlineSubsystem/Content/Localization/OnlineSubsystem/en/OnlineSubsystem.locres" 1098
"../../../Engine/Plugins/Online/OnlineSubsystemUtils/Content/Localization/OnlineSubsystemUtils/en/OnlineSubsystemUtils.locres" 1099
"../../../Engine/Plugins/Online/Android/OnlineSubsystemGooglePlay/Content/Localization/OnlineSubsystemGooglePlay/en/OnlineSubsystemGooglePlay.locres" 1100
"../../../Engine/Plugins/Online/IOS/OnlineSubsystemIOS/Content/Localization/OnlineSubsystemIOS/en/OnlineSubsystemIOS.locres" 1101
"../../../Engine/Content/Internationalization/icudt64l/numberingSystems.res" 1102
"../../../Engine/Content/Internationalization/icudt64l/curr/supplementalData.res" 1103
"../../../Engine/Content/Internationalization/icudt64l/curr/en.res" 1104
"../../../Engine/Content/Internationalization/icudt64l/curr/pool.res" 1105
"../../../Engine/Content/Internationalization/icudt64l/curr/root.res" 1106
"../../../Engine/Content/Internationalization/icudt64l/lang/af.res" 1107
"../../../Engine/Content/Internationalization/icudt64l/region/af.res" 1108
"../../../Engine/Content/Internationalization/icudt64l/lang/agq.res" 1109
"../../../Engine/Content/Internationalization/icudt64l/region/agq.res" 1110
"../../../Engine/Content/Internationalization/icudt64l/lang/ak.res" 1111
"../../../Engine/Content/Internationalization/icudt64l/region/ak.res" 1112
"../../../Engine/Content/Internationalization/icudt64l/lang/am.res" 1113
"../../../Engine/Content/Internationalization/icudt64l/region/am.res" 1114
"../../../Engine/Content/Internationalization/icudt64l/lang/ar.res" 1115
"../../../Engine/Content/Internationalization/icudt64l/region/ar.res" 1116
"../../../Engine/Content/Internationalization/icudt64l/region/ar_AE.res" 1117
"../../../Engine/Content/Internationalization/icudt64l/lang/ar_EG.res" 1118
"../../../Engine/Content/Internationalization/icudt64l/lang/ar_LY.res" 1119
"../../../Engine/Content/Internationalization/icudt64l/region/ar_LY.res" 1120
"../../../Engine/Content/Internationalization/icudt64l/lang/ar_SA.res" 1121
"../../../Engine/Content/Internationalization/icudt64l/region/ar_SA.res" 1122
"../../../Engine/Content/Internationalization/icudt64l/lang/as.res" 1123
"../../../Engine/Content/Internationalization/icudt64l/region/as.res" 1124
"../../../Engine/Content/Internationalization/icudt64l/lang/asa.res" 1125
"../../../Engine/Content/Internationalization/icudt64l/region/asa.res" 1126
"../../../Engine/Content/Internationalization/icudt64l/lang/ast.res" 1127
"../../../Engine/Content/Internationalization/icudt64l/region/ast.res" 1128
"../../../Engine/Content/Internationalization/icudt64l/lang/az.res" 1129
"../../../Engine/Content/Internationalization/icudt64l/lang/az_Cyrl.res" 1130
"../../../Engine/Content/Internationalization/icudt64l/lang/az_AZ.res" 1131
"../../../Engine/Content/Internationalization/icudt64l/lang/az_Latn_AZ.res" 1132
"../../../Engine/Content/Internationalization/icudt64l/lang/az_Latn.res" 1133
"../../../Engine/Content/Internationalization/icudt64l/region/az_AZ.res" 1134
"../../../Engine/Content/Internationalization/icudt64l/region/az_Latn_AZ.res" 1135
"../../../Engine/Content/Internationalization/icudt64l/region/az_Latn.res" 1136
"../../../Engine/Content/Internationalization/icudt64l/region/az.res" 1137
"../../../Engine/Content/Internationalization/icudt64l/region/az_Cyrl.res" 1138
"../../../Engine/Content/Internationalization/icudt64l/lang/bas.res" 1139
"../../../Engine/Content/Internationalization/icudt64l/region/bas.res" 1140
"../../../Engine/Content/Internationalization/icudt64l/lang/be.res" 1141
"../../../Engine/Content/Internationalization/icudt64l/region/be.res" 1142
"../../../Engine/Content/Internationalization/icudt64l/lang/bem.res" 1143
"../../../Engine/Content/Internationalization/icudt64l/region/bem.res" 1144
"../../../Engine/Content/Internationalization/icudt64l/lang/bez.res" 1145
"../../../Engine/Content/Internationalization/icudt64l/region/bez.res" 1146
"../../../Engine/Content/Internationalization/icudt64l/lang/bg.res" 1147
"../../../Engine/Content/Internationalization/icudt64l/region/bg.res" 1148
"../../../Engine/Content/Internationalization/icudt64l/lang/bm.res" 1149
"../../../Engine/Content/Internationalization/icudt64l/region/bm.res" 1150
"../../../Engine/Content/Internationalization/icudt64l/lang/bn.res" 1151
"../../../Engine/Content/Internationalization/icudt64l/region/bn.res" 1152
"../../../Engine/Content/Internationalization/icudt64l/lang/bn_IN.res" 1153
"../../../Engine/Content/Internationalization/icudt64l/region/bn_IN.res" 1154
"../../../Engine/Content/Internationalization/icudt64l/lang/bo.res" 1155
"../../../Engine/Content/Internationalization/icudt64l/region/bo.res" 1156
"../../../Engine/Content/Internationalization/icudt64l/region/bo_IN.res" 1157
"../../../Engine/Content/Internationalization/icudt64l/lang/br.res" 1158
"../../../Engine/Content/Internationalization/icudt64l/region/br.res" 1159
"../../../Engine/Content/Internationalization/icudt64l/lang/brx.res" 1160
"../../../Engine/Content/Internationalization/icudt64l/region/brx.res" 1161
"../../../Engine/Content/Internationalization/icudt64l/lang/bs.res" 1162
"../../../Engine/Content/Internationalization/icudt64l/lang/bs_Cyrl.res" 1163
"../../../Engine/Content/Internationalization/icudt64l/lang/bs_BA.res" 1164
"../../../Engine/Content/Internationalization/icudt64l/lang/bs_Latn_BA.res" 1165
"../../../Engine/Content/Internationalization/icudt64l/lang/bs_Latn.res" 1166
"../../../Engine/Content/Internationalization/icudt64l/region/bs_BA.res" 1167
"../../../Engine/Content/Internationalization/icudt64l/region/bs_Latn_BA.res" 1168
"../../../Engine/Content/Internationalization/icudt64l/region/bs_Latn.res" 1169
"../../../Engine/Content/Internationalization/icudt64l/region/bs.res" 1170
"../../../Engine/Content/Internationalization/icudt64l/region/bs_Cyrl.res" 1171
"../../../Engine/Content/Internationalization/icudt64l/lang/ca.res" 1172
"../../../Engine/Content/Internationalization/icudt64l/region/ca.res" 1173
"../../../Engine/Content/Internationalization/icudt64l/lang/ccp.res" 1174
"../../../Engine/Content/Internationalization/icudt64l/region/ccp.res" 1175
"../../../Engine/Content/Internationalization/icudt64l/lang/ce.res" 1176
"../../../Engine/Content/Internationalization/icudt64l/region/ce.res" 1177
"../../../Engine/Content/Internationalization/icudt64l/lang/ceb.res" 1178
"../../../Engine/Content/Internationalization/icudt64l/region/ceb.res" 1179
"../../../Engine/Content/Internationalization/icudt64l/lang/cgg.res" 1180
"../../../Engine/Content/Internationalization/icudt64l/region/cgg.res" 1181
"../../../Engine/Content/Internationalization/icudt64l/lang/chr.res" 1182
"../../../Engine/Content/Internationalization/icudt64l/region/chr.res" 1183
"../../../Engine/Content/Internationalization/icudt64l/lang/ckb.res" 1184
"../../../Engine/Content/Internationalization/icudt64l/region/ckb.res" 1185
"../../../Engine/Content/Internationalization/icudt64l/lang/cs.res" 1186
"../../../Engine/Content/Internationalization/icudt64l/region/cs.res" 1187
"../../../Engine/Content/Internationalization/icudt64l/lang/cy.res" 1188
"../../../Engine/Content/Internationalization/icudt64l/region/cy.res" 1189
"../../../Engine/Content/Internationalization/icudt64l/lang/da.res" 1190
"../../../Engine/Content/Internationalization/icudt64l/region/da.res" 1191
"../../../Engine/Content/Internationalization/icudt64l/lang/dav.res" 1192
"../../../Engine/Content/Internationalization/icudt64l/region/dav.res" 1193
"../../../Engine/Content/Internationalization/icudt64l/lang/de.res" 1194
"../../../Engine/Content/Internationalization/icudt64l/lang/de_AT.res" 1195
"../../../Engine/Content/Internationalization/icudt64l/region/de_AT.res" 1196
"../../../Engine/Content/Internationalization/icudt64l/region/de.res" 1197
"../../../Engine/Content/Internationalization/icudt64l/lang/de_CH.res" 1198
"../../../Engine/Content/Internationalization/icudt64l/region/de_CH.res" 1199
"../../../Engine/Content/Internationalization/icudt64l/lang/de_LU.res" 1200
"../../../Engine/Content/Internationalization/icudt64l/lang/dje.res" 1201
"../../../Engine/Content/Internationalization/icudt64l/region/dje.res" 1202
"../../../Engine/Content/Internationalization/icudt64l/lang/dsb.res" 1203
"../../../Engine/Content/Internationalization/icudt64l/region/dsb.res" 1204
"../../../Engine/Content/Internationalization/icudt64l/lang/dua.res" 1205
"../../../Engine/Content/Internationalization/icudt64l/region/dua.res" 1206
"../../../Engine/Content/Internationalization/icudt64l/lang/dyo.res" 1207
"../../../Engine/Content/Internationalization/icudt64l/region/dyo.res" 1208
"../../../Engine/Content/Internationalization/icudt64l/lang/dz.res" 1209
"../../../Engine/Content/Internationalization/icudt64l/region/dz.res" 1210
"../../../Engine/Content/Internationalization/icudt64l/lang/ebu.res" 1211
"../../../Engine/Content/Internationalization/icudt64l/region/ebu.res" 1212
"../../../Engine/Content/Internationalization/icudt64l/lang/ee.res" 1213
"../../../Engine/Content/Internationalization/icudt64l/region/ee.res" 1214
"../../../Engine/Content/Internationalization/icudt64l/lang/el.res" 1215
"../../../Engine/Content/Internationalization/icudt64l/region/el.res" 1216
"../../../Engine/Content/Internationalization/icudt64l/lang/en_001.res" 1217
"../../../Engine/Content/Internationalization/icudt64l/lang/en_150.res" 1218
"../../../Engine/Content/Internationalization/icudt64l/region/en_150.res" 1219
"../../../Engine/Content/Internationalization/icudt64l/lang/en_AG.res" 1220
"../../../Engine/Content/Internationalization/icudt64l/region/en_AG.res" 1221
"../../../Engine/Content/Internationalization/icudt64l/lang/en_AI.res" 1222
"../../../Engine/Content/Internationalization/icudt64l/region/en_AI.res" 1223
"../../../Engine/Content/Internationalization/icudt64l/lang/en_AT.res" 1224
"../../../Engine/Content/Internationalization/icudt64l/region/en_AT.res" 1225
"../../../Engine/Content/Internationalization/icudt64l/lang/en_AU.res" 1226
"../../../Engine/Content/Internationalization/icudt64l/region/en_AU.res" 1227
"../../../Engine/Content/Internationalization/icudt64l/lang/en_BB.res" 1228
"../../../Engine/Content/Internationalization/icudt64l/region/en_BB.res" 1229
"../../../Engine/Content/Internationalization/icudt64l/lang/en_BE.res" 1230
"../../../Engine/Content/Internationalization/icudt64l/region/en_BE.res" 1231
"../../../Engine/Content/Internationalization/icudt64l/lang/en_BM.res" 1232
"../../../Engine/Content/Internationalization/icudt64l/region/en_BM.res" 1233
"../../../Engine/Content/Internationalization/icudt64l/lang/en_BS.res" 1234
"../../../Engine/Content/Internationalization/icudt64l/region/en_BS.res" 1235
"../../../Engine/Content/Internationalization/icudt64l/lang/en_BW.res" 1236
"../../../Engine/Content/Internationalization/icudt64l/region/en_BW.res" 1237
"../../../Engine/Content/Internationalization/icudt64l/lang/en_BZ.res" 1238
"../../../Engine/Content/Internationalization/icudt64l/region/en_BZ.res" 1239
"../../../Engine/Content/Internationalization/icudt64l/lang/en_CA.res" 1240
"../../../Engine/Content/Internationalization/icudt64l/region/en_CA.res" 1241
"../../../Engine/Content/Internationalization/icudt64l/lang/en_CC.res" 1242
"../../../Engine/Content/Internationalization/icudt64l/region/en_CC.res" 1243
"../../../Engine/Content/Internationalization/icudt64l/lang/en_CH.res" 1244
"../../../Engine/Content/Internationalization/icudt64l/region/en_CH.res" 1245
"../../../Engine/Content/Internationalization/icudt64l/lang/en_CK.res" 1246
"../../../Engine/Content/Internationalization/icudt64l/region/en_CK.res" 1247
"../../../Engine/Content/Internationalization/icudt64l/lang/en_CM.res" 1248
"../../../Engine/Content/Internationalization/icudt64l/region/en_CM.res" 1249
"../../../Engine/Content/Internationalization/icudt64l/lang/en_CX.res" 1250
"../../../Engine/Content/Internationalization/icudt64l/region/en_CX.res" 1251
"../../../Engine/Content/Internationalization/icudt64l/lang/en_CY.res" 1252
"../../../Engine/Content/Internationalization/icudt64l/region/en_CY.res" 1253
"../../../Engine/Content/Internationalization/icudt64l/lang/en_DE.res" 1254
"../../../Engine/Content/Internationalization/icudt64l/region/en_DE.res" 1255
"../../../Engine/Content/Internationalization/icudt64l/lang/en_DG.res" 1256
"../../../Engine/Content/Internationalization/icudt64l/region/en_DG.res" 1257
"../../../Engine/Content/Internationalization/icudt64l/lang/en_DK.res" 1258
"../../../Engine/Content/Internationalization/icudt64l/region/en_DK.res" 1259
"../../../Engine/Content/Internationalization/icudt64l/lang/en_DM.res" 1260
"../../../Engine/Content/Internationalization/icudt64l/region/en_DM.res" 1261
"../../../Engine/Content/Internationalization/icudt64l/lang/en_ER.res" 1262
"../../../Engine/Content/Internationalization/icudt64l/region/en_ER.res" 1263
"../../../Engine/Content/Internationalization/icudt64l/lang/en_FI.res" 1264
"../../../Engine/Content/Internationalization/icudt64l/region/en_FI.res" 1265
"../../../Engine/Content/Internationalization/icudt64l/lang/en_FJ.res" 1266
"../../../Engine/Content/Internationalization/icudt64l/region/en_FJ.res" 1267
"../../../Engine/Content/Internationalization/icudt64l/lang/en_FK.res" 1268
"../../../Engine/Content/Internationalization/icudt64l/region/en_FK.res" 1269
"../../../Engine/Content/Internationalization/icudt64l/lang/en_FM.res" 1270
"../../../Engine/Content/Internationalization/icudt64l/region/en_FM.res" 1271
"../../../Engine/Content/Internationalization/icudt64l/lang/en_GB.res" 1272
"../../../Engine/Content/Internationalization/icudt64l/region/en_GB.res" 1273
"../../../Engine/Content/Internationalization/icudt64l/lang/en_GD.res" 1274
"../../../Engine/Content/Internationalization/icudt64l/region/en_GD.res" 1275
"../../../Engine/Content/Internationalization/icudt64l/lang/en_GG.res" 1276
"../../../Engine/Content/Internationalization/icudt64l/region/en_GG.res" 1277
"../../../Engine/Content/Internationalization/icudt64l/lang/en_GH.res" 1278
"../../../Engine/Content/Internationalization/icudt64l/region/en_GH.res" 1279
"../../../Engine/Content/Internationalization/icudt64l/lang/en_GI.res" 1280
"../../../Engine/Content/Internationalization/icudt64l/region/en_GI.res" 1281
"../../../Engine/Content/Internationalization/icudt64l/lang/en_GM.res" 1282
"../../../Engine/Content/Internationalization/icudt64l/region/en_GM.res" 1283
"../../../Engine/Content/Internationalization/icudt64l/lang/en_GY.res" 1284
"../../../Engine/Content/Internationalization/icudt64l/region/en_GY.res" 1285
"../../../Engine/Content/Internationalization/icudt64l/lang/en_HK.res" 1286
"../../../Engine/Content/Internationalization/icudt64l/region/en_HK.res" 1287
"../../../Engine/Content/Internationalization/icudt64l/lang/en_IE.res" 1288
"../../../Engine/Content/Internationalization/icudt64l/region/en_IE.res" 1289
"../../../Engine/Content/Internationalization/icudt64l/lang/en_IL.res" 1290
"../../../Engine/Content/Internationalization/icudt64l/region/en_IL.res" 1291
"../../../Engine/Content/Internationalization/icudt64l/lang/en_IM.res" 1292
"../../../Engine/Content/Internationalization/icudt64l/region/en_IM.res" 1293
"../../../Engine/Content/Internationalization/icudt64l/lang/en_IN.res" 1294
"../../../Engine/Content/Internationalization/icudt64l/region/en_IN.res" 1295
"../../../Engine/Content/Internationalization/icudt64l/lang/en_IO.res" 1296
"../../../Engine/Content/Internationalization/icudt64l/region/en_IO.res" 1297
"../../../Engine/Content/Internationalization/icudt64l/lang/en_JE.res" 1298
"../../../Engine/Content/Internationalization/icudt64l/region/en_JE.res" 1299
"../../../Engine/Content/Internationalization/icudt64l/lang/en_JM.res" 1300
"../../../Engine/Content/Internationalization/icudt64l/region/en_JM.res" 1301
"../../../Engine/Content/Internationalization/icudt64l/lang/en_KE.res" 1302
"../../../Engine/Content/Internationalization/icudt64l/region/en_KE.res" 1303
"../../../Engine/Content/Internationalization/icudt64l/lang/en_KI.res" 1304
"../../../Engine/Content/Internationalization/icudt64l/region/en_KI.res" 1305
"../../../Engine/Content/Internationalization/icudt64l/lang/en_KN.res" 1306
"../../../Engine/Content/Internationalization/icudt64l/region/en_KN.res" 1307
"../../../Engine/Content/Internationalization/icudt64l/lang/en_KY.res" 1308
"../../../Engine/Content/Internationalization/icudt64l/region/en_KY.res" 1309
"../../../Engine/Content/Internationalization/icudt64l/lang/en_LC.res" 1310
"../../../Engine/Content/Internationalization/icudt64l/region/en_LC.res" 1311
"../../../Engine/Content/Internationalization/icudt64l/lang/en_LR.res" 1312
"../../../Engine/Content/Internationalization/icudt64l/region/en_LR.res" 1313
"../../../Engine/Content/Internationalization/icudt64l/lang/en_LS.res" 1314
"../../../Engine/Content/Internationalization/icudt64l/region/en_LS.res" 1315
"../../../Engine/Content/Internationalization/icudt64l/lang/en_MG.res" 1316
"../../../Engine/Content/Internationalization/icudt64l/region/en_MG.res" 1317
"../../../Engine/Content/Internationalization/icudt64l/lang/en_MO.res" 1318
"../../../Engine/Content/Internationalization/icudt64l/region/en_MO.res" 1319
"../../../Engine/Content/Internationalization/icudt64l/lang/en_MS.res" 1320
"../../../Engine/Content/Internationalization/icudt64l/region/en_MS.res" 1321
"../../../Engine/Content/Internationalization/icudt64l/lang/en_MT.res" 1322
"../../../Engine/Content/Internationalization/icudt64l/region/en_MT.res" 1323
"../../../Engine/Content/Internationalization/icudt64l/lang/en_MU.res" 1324
"../../../Engine/Content/Internationalization/icudt64l/region/en_MU.res" 1325
"../../../Engine/Content/Internationalization/icudt64l/lang/en_MW.res" 1326
"../../../Engine/Content/Internationalization/icudt64l/region/en_MW.res" 1327
"../../../Engine/Content/Internationalization/icudt64l/lang/en_MY.res" 1328
"../../../Engine/Content/Internationalization/icudt64l/region/en_MY.res" 1329
"../../../Engine/Content/Internationalization/icudt64l/lang/en_NA.res" 1330
"../../../Engine/Content/Internationalization/icudt64l/region/en_NA.res" 1331
"../../../Engine/Content/Internationalization/icudt64l/lang/en_NF.res" 1332
"../../../Engine/Content/Internationalization/icudt64l/region/en_NF.res" 1333
"../../../Engine/Content/Internationalization/icudt64l/lang/en_NG.res" 1334
"../../../Engine/Content/Internationalization/icudt64l/region/en_NG.res" 1335
"../../../Engine/Content/Internationalization/icudt64l/lang/en_NL.res" 1336
"../../../Engine/Content/Internationalization/icudt64l/region/en_NL.res" 1337
"../../../Engine/Content/Internationalization/icudt64l/lang/en_NR.res" 1338
"../../../Engine/Content/Internationalization/icudt64l/region/en_NR.res" 1339
"../../../Engine/Content/Internationalization/icudt64l/lang/en_NU.res" 1340
"../../../Engine/Content/Internationalization/icudt64l/region/en_NU.res" 1341
"../../../Engine/Content/Internationalization/icudt64l/lang/en_NZ.res" 1342
"../../../Engine/Content/Internationalization/icudt64l/region/en_NZ.res" 1343
"../../../Engine/Content/Internationalization/icudt64l/lang/en_PG.res" 1344
"../../../Engine/Content/Internationalization/icudt64l/region/en_PG.res" 1345
"../../../Engine/Content/Internationalization/icudt64l/lang/en_PH.res" 1346
"../../../Engine/Content/Internationalization/icudt64l/region/en_PH.res" 1347
"../../../Engine/Content/Internationalization/icudt64l/lang/en_PK.res" 1348
"../../../Engine/Content/Internationalization/icudt64l/region/en_PK.res" 1349
"../../../Engine/Content/Internationalization/icudt64l/lang/en_PN.res" 1350
"../../../Engine/Content/Internationalization/icudt64l/region/en_PN.res" 1351
"../../../Engine/Content/Internationalization/icudt64l/lang/en_PW.res" 1352
"../../../Engine/Content/Internationalization/icudt64l/region/en_PW.res" 1353
"../../../Engine/Content/Internationalization/icudt64l/lang/en_RW.res" 1354
"../../../Engine/Content/Internationalization/icudt64l/region/en_RW.res" 1355
"../../../Engine/Content/Internationalization/icudt64l/lang/en_SB.res" 1356
"../../../Engine/Content/Internationalization/icudt64l/region/en_SB.res" 1357
"../../../Engine/Content/Internationalization/icudt64l/lang/en_SC.res" 1358
"../../../Engine/Content/Internationalization/icudt64l/region/en_SC.res" 1359
"../../../Engine/Content/Internationalization/icudt64l/lang/en_SD.res" 1360
"../../../Engine/Content/Internationalization/icudt64l/region/en_SD.res" 1361
"../../../Engine/Content/Internationalization/icudt64l/lang/en_SE.res" 1362
"../../../Engine/Content/Internationalization/icudt64l/region/en_SE.res" 1363
"../../../Engine/Content/Internationalization/icudt64l/lang/en_SG.res" 1364
"../../../Engine/Content/Internationalization/icudt64l/region/en_SG.res" 1365
"../../../Engine/Content/Internationalization/icudt64l/lang/en_SH.res" 1366
"../../../Engine/Content/Internationalization/icudt64l/region/en_SH.res" 1367
"../../../Engine/Content/Internationalization/icudt64l/lang/en_SI.res" 1368
"../../../Engine/Content/Internationalization/icudt64l/region/en_SI.res" 1369
"../../../Engine/Content/Internationalization/icudt64l/lang/en_SL.res" 1370
"../../../Engine/Content/Internationalization/icudt64l/region/en_SL.res" 1371
"../../../Engine/Content/Internationalization/icudt64l/lang/en_SS.res" 1372
"../../../Engine/Content/Internationalization/icudt64l/region/en_SS.res" 1373
"../../../Engine/Content/Internationalization/icudt64l/lang/en_SX.res" 1374
"../../../Engine/Content/Internationalization/icudt64l/region/en_SX.res" 1375
"../../../Engine/Content/Internationalization/icudt64l/lang/en_SZ.res" 1376
"../../../Engine/Content/Internationalization/icudt64l/region/en_SZ.res" 1377
"../../../Engine/Content/Internationalization/icudt64l/lang/en_TC.res" 1378
"../../../Engine/Content/Internationalization/icudt64l/region/en_TC.res" 1379
"../../../Engine/Content/Internationalization/icudt64l/lang/en_TK.res" 1380
"../../../Engine/Content/Internationalization/icudt64l/region/en_TK.res" 1381
"../../../Engine/Content/Internationalization/icudt64l/lang/en_TO.res" 1382
"../../../Engine/Content/Internationalization/icudt64l/region/en_TO.res" 1383
"../../../Engine/Content/Internationalization/icudt64l/lang/en_TT.res" 1384
"../../../Engine/Content/Internationalization/icudt64l/region/en_TT.res" 1385
"../../../Engine/Content/Internationalization/icudt64l/lang/en_TV.res" 1386
"../../../Engine/Content/Internationalization/icudt64l/region/en_TV.res" 1387
"../../../Engine/Content/Internationalization/icudt64l/lang/en_TZ.res" 1388
"../../../Engine/Content/Internationalization/icudt64l/region/en_TZ.res" 1389
"../../../Engine/Content/Internationalization/icudt64l/lang/en_UG.res" 1390
"../../../Engine/Content/Internationalization/icudt64l/region/en_UG.res" 1391
"../../../Engine/Content/Internationalization/icudt64l/lang/en_VC.res" 1392
"../../../Engine/Content/Internationalization/icudt64l/region/en_VC.res" 1393
"../../../Engine/Content/Internationalization/icudt64l/lang/en_VG.res" 1394
"../../../Engine/Content/Internationalization/icudt64l/region/en_VG.res" 1395
"../../../Engine/Content/Internationalization/icudt64l/lang/en_VU.res" 1396
"../../../Engine/Content/Internationalization/icudt64l/region/en_VU.res" 1397
"../../../Engine/Content/Internationalization/icudt64l/lang/en_WS.res" 1398
"../../../Engine/Content/Internationalization/icudt64l/region/en_WS.res" 1399
"../../../Engine/Content/Internationalization/icudt64l/lang/en_ZA.res" 1400
"../../../Engine/Content/Internationalization/icudt64l/region/en_ZA.res" 1401
"../../../Engine/Content/Internationalization/icudt64l/lang/en_ZM.res" 1402
"../../../Engine/Content/Internationalization/icudt64l/region/en_ZM.res" 1403
"../../../Engine/Content/Internationalization/icudt64l/lang/en_ZW.res" 1404
"../../../Engine/Content/Internationalization/icudt64l/region/en_ZW.res" 1405
"../../../Engine/Content/Internationalization/icudt64l/lang/eo.res" 1406
"../../../Engine/Content/Internationalization/icudt64l/region/eo.res" 1407
"../../../Engine/Content/Internationalization/icudt64l/lang/es.res" 1408
"../../../Engine/Content/Internationalization/icudt64l/lang/es_419.res" 1409
"../../../Engine/Content/Internationalization/icudt64l/region/es_419.res" 1410
"../../../Engine/Content/Internationalization/icudt64l/region/es.res" 1411
"../../../Engine/Content/Internationalization/icudt64l/lang/es_AR.res" 1412
"../../../Engine/Content/Internationalization/icudt64l/region/es_AR.res" 1413
"../../../Engine/Content/Internationalization/icudt64l/lang/es_BO.res" 1414
"../../../Engine/Content/Internationalization/icudt64l/region/es_BO.res" 1415
"../../../Engine/Content/Internationalization/icudt64l/lang/es_BR.res" 1416
"../../../Engine/Content/Internationalization/icudt64l/region/es_BR.res" 1417
"../../../Engine/Content/Internationalization/icudt64l/lang/es_BZ.res" 1418
"../../../Engine/Content/Internationalization/icudt64l/region/es_BZ.res" 1419
"../../../Engine/Content/Internationalization/icudt64l/lang/es_CL.res" 1420
"../../../Engine/Content/Internationalization/icudt64l/region/es_CL.res" 1421
"../../../Engine/Content/Internationalization/icudt64l/lang/es_CO.res" 1422
"../../../Engine/Content/Internationalization/icudt64l/region/es_CO.res" 1423
"../../../Engine/Content/Internationalization/icudt64l/lang/es_CR.res" 1424
"../../../Engine/Content/Internationalization/icudt64l/region/es_CR.res" 1425
"../../../Engine/Content/Internationalization/icudt64l/lang/es_CU.res" 1426
"../../../Engine/Content/Internationalization/icudt64l/region/es_CU.res" 1427
"../../../Engine/Content/Internationalization/icudt64l/lang/es_DO.res" 1428
"../../../Engine/Content/Internationalization/icudt64l/region/es_DO.res" 1429
"../../../Engine/Content/Internationalization/icudt64l/lang/es_EC.res" 1430
"../../../Engine/Content/Internationalization/icudt64l/region/es_EC.res" 1431
"../../../Engine/Content/Internationalization/icudt64l/lang/es_GT.res" 1432
"../../../Engine/Content/Internationalization/icudt64l/region/es_GT.res" 1433
"../../../Engine/Content/Internationalization/icudt64l/lang/es_HN.res" 1434
"../../../Engine/Content/Internationalization/icudt64l/region/es_HN.res" 1435
"../../../Engine/Content/Internationalization/icudt64l/lang/es_MX.res" 1436
"../../../Engine/Content/Internationalization/icudt64l/region/es_MX.res" 1437
"../../../Engine/Content/Internationalization/icudt64l/lang/es_NI.res" 1438
"../../../Engine/Content/Internationalization/icudt64l/region/es_NI.res" 1439
"../../../Engine/Content/Internationalization/icudt64l/lang/es_PA.res" 1440
"../../../Engine/Content/Internationalization/icudt64l/region/es_PA.res" 1441
"../../../Engine/Content/Internationalization/icudt64l/lang/es_PE.res" 1442
"../../../Engine/Content/Internationalization/icudt64l/region/es_PE.res" 1443
"../../../Engine/Content/Internationalization/icudt64l/lang/es_PR.res" 1444
"../../../Engine/Content/Internationalization/icudt64l/region/es_PR.res" 1445
"../../../Engine/Content/Internationalization/icudt64l/lang/es_PY.res" 1446
"../../../Engine/Content/Internationalization/icudt64l/region/es_PY.res" 1447
"../../../Engine/Content/Internationalization/icudt64l/lang/es_SV.res" 1448
"../../../Engine/Content/Internationalization/icudt64l/region/es_SV.res" 1449
"../../../Engine/Content/Internationalization/icudt64l/lang/es_US.res" 1450
"../../../Engine/Content/Internationalization/icudt64l/region/es_US.res" 1451
"../../../Engine/Content/Internationalization/icudt64l/lang/es_UY.res" 1452
"../../../Engine/Content/Internationalization/icudt64l/region/es_UY.res" 1453
"../../../Engine/Content/Internationalization/icudt64l/lang/es_VE.res" 1454
"../../../Engine/Content/Internationalization/icudt64l/region/es_VE.res" 1455
"../../../Engine/Content/Internationalization/icudt64l/lang/et.res" 1456
"../../../Engine/Content/Internationalization/icudt64l/region/et.res" 1457
"../../../Engine/Content/Internationalization/icudt64l/lang/eu.res" 1458
"../../../Engine/Content/Internationalization/icudt64l/region/eu.res" 1459
"../../../Engine/Content/Internationalization/icudt64l/lang/ewo.res" 1460
"../../../Engine/Content/Internationalization/icudt64l/region/ewo.res" 1461
"../../../Engine/Content/Internationalization/icudt64l/lang/fa.res" 1462
"../../../Engine/Content/Internationalization/icudt64l/lang/fa_AF.res" 1463
"../../../Engine/Content/Internationalization/icudt64l/region/fa_AF.res" 1464
"../../../Engine/Content/Internationalization/icudt64l/region/fa.res" 1465
"../../../Engine/Content/Internationalization/icudt64l/lang/ff.res" 1466
"../../../Engine/Content/Internationalization/icudt64l/lang/ff_Latn.res" 1467
"../../../Engine/Content/Internationalization/icudt64l/region/ff.res" 1468
"../../../Engine/Content/Internationalization/icudt64l/region/ff_Latn.res" 1469
"../../../Engine/Content/Internationalization/icudt64l/lang/ff_CM.res" 1470
"../../../Engine/Content/Internationalization/icudt64l/lang/ff_Latn_CM.res" 1471
"../../../Engine/Content/Internationalization/icudt64l/region/ff_CM.res" 1472
"../../../Engine/Content/Internationalization/icudt64l/region/ff_Latn_CM.res" 1473
"../../../Engine/Content/Internationalization/icudt64l/lang/ff_GN.res" 1474
"../../../Engine/Content/Internationalization/icudt64l/lang/ff_Latn_GN.res" 1475
"../../../Engine/Content/Internationalization/icudt64l/region/ff_GN.res" 1476
"../../../Engine/Content/Internationalization/icudt64l/region/ff_Latn_GN.res" 1477
"../../../Engine/Content/Internationalization/icudt64l/lang/ff_MR.res" 1478
"../../../Engine/Content/Internationalization/icudt64l/lang/ff_Latn_MR.res" 1479
"../../../Engine/Content/Internationalization/icudt64l/region/ff_MR.res" 1480
"../../../Engine/Content/Internationalization/icudt64l/region/ff_Latn_MR.res" 1481
"../../../Engine/Content/Internationalization/icudt64l/lang/ff_SN.res" 1482
"../../../Engine/Content/Internationalization/icudt64l/lang/ff_Latn_SN.res" 1483
"../../../Engine/Content/Internationalization/icudt64l/region/ff_SN.res" 1484
"../../../Engine/Content/Internationalization/icudt64l/region/ff_Latn_SN.res" 1485
"../../../Engine/Content/Internationalization/icudt64l/lang/fi.res" 1486
"../../../Engine/Content/Internationalization/icudt64l/region/fi.res" 1487
"../../../Engine/Content/Internationalization/icudt64l/lang/fil.res" 1488
"../../../Engine/Content/Internationalization/icudt64l/lang/fil_PH.res" 1489
"../../../Engine/Content/Internationalization/icudt64l/region/fil_PH.res" 1490
"../../../Engine/Content/Internationalization/icudt64l/region/fil.res" 1491
"../../../Engine/Content/Internationalization/icudt64l/lang/fo.res" 1492
"../../../Engine/Content/Internationalization/icudt64l/region/fo.res" 1493
"../../../Engine/Content/Internationalization/icudt64l/lang/fr.res" 1494
"../../../Engine/Content/Internationalization/icudt64l/lang/fr_BE.res" 1495
"../../../Engine/Content/Internationalization/icudt64l/region/fr_BE.res" 1496
"../../../Engine/Content/Internationalization/icudt64l/region/fr.res" 1497
"../../../Engine/Content/Internationalization/icudt64l/lang/fr_CA.res" 1498
"../../../Engine/Content/Internationalization/icudt64l/region/fr_CA.res" 1499
"../../../Engine/Content/Internationalization/icudt64l/lang/fr_CH.res" 1500
"../../../Engine/Content/Internationalization/icudt64l/lang/fur.res" 1501
"../../../Engine/Content/Internationalization/icudt64l/region/fur.res" 1502
"../../../Engine/Content/Internationalization/icudt64l/lang/fy.res" 1503
"../../../Engine/Content/Internationalization/icudt64l/region/fy.res" 1504
"../../../Engine/Content/Internationalization/icudt64l/lang/ga.res" 1505
"../../../Engine/Content/Internationalization/icudt64l/region/ga.res" 1506
"../../../Engine/Content/Internationalization/icudt64l/lang/gd.res" 1507
"../../../Engine/Content/Internationalization/icudt64l/region/gd.res" 1508
"../../../Engine/Content/Internationalization/icudt64l/lang/gl.res" 1509
"../../../Engine/Content/Internationalization/icudt64l/region/gl.res" 1510
"../../../Engine/Content/Internationalization/icudt64l/lang/gsw.res" 1511
"../../../Engine/Content/Internationalization/icudt64l/region/gsw.res" 1512
"../../../Engine/Content/Internationalization/icudt64l/lang/gu.res" 1513
"../../../Engine/Content/Internationalization/icudt64l/region/gu.res" 1514
"../../../Engine/Content/Internationalization/icudt64l/lang/guz.res" 1515
"../../../Engine/Content/Internationalization/icudt64l/region/guz.res" 1516
"../../../Engine/Content/Internationalization/icudt64l/lang/gv.res" 1517
"../../../Engine/Content/Internationalization/icudt64l/region/gv.res" 1518
"../../../Engine/Content/Internationalization/icudt64l/lang/ha.res" 1519
"../../../Engine/Content/Internationalization/icudt64l/region/ha.res" 1520
"../../../Engine/Content/Internationalization/icudt64l/lang/ha_NE.res" 1521
"../../../Engine/Content/Internationalization/icudt64l/region/ha_NE.res" 1522
"../../../Engine/Content/Internationalization/icudt64l/lang/haw.res" 1523
"../../../Engine/Content/Internationalization/icudt64l/region/haw.res" 1524
"../../../Engine/Content/Internationalization/icudt64l/lang/he.res" 1525
"../../../Engine/Content/Internationalization/icudt64l/lang/he_IL.res" 1526
"../../../Engine/Content/Internationalization/icudt64l/region/he_IL.res" 1527
"../../../Engine/Content/Internationalization/icudt64l/region/he.res" 1528
"../../../Engine/Content/Internationalization/icudt64l/lang/hi.res" 1529
"../../../Engine/Content/Internationalization/icudt64l/region/hi.res" 1530
"../../../Engine/Content/Internationalization/icudt64l/lang/hr.res" 1531
"../../../Engine/Content/Internationalization/icudt64l/region/hr.res" 1532
"../../../Engine/Content/Internationalization/icudt64l/lang/hsb.res" 1533
"../../../Engine/Content/Internationalization/icudt64l/region/hsb.res" 1534
"../../../Engine/Content/Internationalization/icudt64l/lang/hu.res" 1535
"../../../Engine/Content/Internationalization/icudt64l/region/hu.res" 1536
"../../../Engine/Content/Internationalization/icudt64l/lang/hy.res" 1537
"../../../Engine/Content/Internationalization/icudt64l/region/hy.res" 1538
"../../../Engine/Content/Internationalization/icudt64l/lang/ia.res" 1539
"../../../Engine/Content/Internationalization/icudt64l/region/ia.res" 1540
"../../../Engine/Content/Internationalization/icudt64l/lang/id.res" 1541
"../../../Engine/Content/Internationalization/icudt64l/lang/id_ID.res" 1542
"../../../Engine/Content/Internationalization/icudt64l/region/id_ID.res" 1543
"../../../Engine/Content/Internationalization/icudt64l/region/id.res" 1544
"../../../Engine/Content/Internationalization/icudt64l/lang/ig.res" 1545
"../../../Engine/Content/Internationalization/icudt64l/region/ig.res" 1546
"../../../Engine/Content/Internationalization/icudt64l/lang/ii.res" 1547
"../../../Engine/Content/Internationalization/icudt64l/region/ii.res" 1548
"../../../Engine/Content/Internationalization/icudt64l/lang/is.res" 1549
"../../../Engine/Content/Internationalization/icudt64l/region/is.res" 1550
"../../../Engine/Content/Internationalization/icudt64l/lang/it.res" 1551
"../../../Engine/Content/Internationalization/icudt64l/region/it.res" 1552
"../../../Engine/Content/Internationalization/icudt64l/lang/ja.res" 1553
"../../../Engine/Content/Internationalization/icudt64l/lang/ja_JP.res" 1554
"../../../Engine/Content/Internationalization/icudt64l/region/ja_JP.res" 1555
"../../../Engine/Content/Internationalization/icudt64l/region/ja.res" 1556
"../../../Engine/Content/Internationalization/icudt64l/lang/jgo.res" 1557
"../../../Engine/Content/Internationalization/icudt64l/region/jgo.res" 1558
"../../../Engine/Content/Internationalization/icudt64l/lang/jmc.res" 1559
"../../../Engine/Content/Internationalization/icudt64l/region/jmc.res" 1560
"../../../Engine/Content/Internationalization/icudt64l/lang/jv.res" 1561
"../../../Engine/Content/Internationalization/icudt64l/region/jv.res" 1562
"../../../Engine/Content/Internationalization/icudt64l/lang/ka.res" 1563
"../../../Engine/Content/Internationalization/icudt64l/region/ka.res" 1564
"../../../Engine/Content/Internationalization/icudt64l/lang/kab.res" 1565
"../../../Engine/Content/Internationalization/icudt64l/region/kab.res" 1566
"../../../Engine/Content/Internationalization/icudt64l/lang/kam.res" 1567
"../../../Engine/Content/Internationalization/icudt64l/region/kam.res" 1568
"../../../Engine/Content/Internationalization/icudt64l/lang/kde.res" 1569
"../../../Engine/Content/Internationalization/icudt64l/region/kde.res" 1570
"../../../Engine/Content/Internationalization/icudt64l/lang/kea.res" 1571
"../../../Engine/Content/Internationalization/icudt64l/region/kea.res" 1572
"../../../Engine/Content/Internationalization/icudt64l/lang/khq.res" 1573
"../../../Engine/Content/Internationalization/icudt64l/region/khq.res" 1574
"../../../Engine/Content/Internationalization/icudt64l/lang/ki.res" 1575
"../../../Engine/Content/Internationalization/icudt64l/region/ki.res" 1576
"../../../Engine/Content/Internationalization/icudt64l/lang/kk.res" 1577
"../../../Engine/Content/Internationalization/icudt64l/region/kk.res" 1578
"../../../Engine/Content/Internationalization/icudt64l/lang/kkj.res" 1579
"../../../Engine/Content/Internationalization/icudt64l/region/kkj.res" 1580
"../../../Engine/Content/Internationalization/icudt64l/lang/kl.res" 1581
"../../../Engine/Content/Internationalization/icudt64l/region/kl.res" 1582
"../../../Engine/Content/Internationalization/icudt64l/lang/kln.res" 1583
"../../../Engine/Content/Internationalization/icudt64l/region/kln.res" 1584
"../../../Engine/Content/Internationalization/icudt64l/lang/km.res" 1585
"../../../Engine/Content/Internationalization/icudt64l/region/km.res" 1586
"../../../Engine/Content/Internationalization/icudt64l/lang/kn.res" 1587
"../../../Engine/Content/Internationalization/icudt64l/region/kn.res" 1588
"../../../Engine/Content/Internationalization/icudt64l/lang/ko.res" 1589
"../../../Engine/Content/Internationalization/icudt64l/region/ko_KP.res" 1590
"../../../Engine/Content/Internationalization/icudt64l/region/ko.res" 1591
"../../../Engine/Content/Internationalization/icudt64l/lang/kok.res" 1592
"../../../Engine/Content/Internationalization/icudt64l/region/kok.res" 1593
"../../../Engine/Content/Internationalization/icudt64l/lang/ks.res" 1594
"../../../Engine/Content/Internationalization/icudt64l/region/ks.res" 1595
"../../../Engine/Content/Internationalization/icudt64l/lang/ksb.res" 1596
"../../../Engine/Content/Internationalization/icudt64l/region/ksb.res" 1597
"../../../Engine/Content/Internationalization/icudt64l/lang/ksf.res" 1598
"../../../Engine/Content/Internationalization/icudt64l/region/ksf.res" 1599
"../../../Engine/Content/Internationalization/icudt64l/lang/ksh.res" 1600
"../../../Engine/Content/Internationalization/icudt64l/region/ksh.res" 1601
"../../../Engine/Content/Internationalization/icudt64l/lang/ku.res" 1602
"../../../Engine/Content/Internationalization/icudt64l/region/ku.res" 1603
"../../../Engine/Content/Internationalization/icudt64l/lang/kw.res" 1604
"../../../Engine/Content/Internationalization/icudt64l/region/kw.res" 1605
"../../../Engine/Content/Internationalization/icudt64l/lang/ky.res" 1606
"../../../Engine/Content/Internationalization/icudt64l/region/ky.res" 1607
"../../../Engine/Content/Internationalization/icudt64l/lang/lag.res" 1608
"../../../Engine/Content/Internationalization/icudt64l/region/lag.res" 1609
"../../../Engine/Content/Internationalization/icudt64l/lang/lb.res" 1610
"../../../Engine/Content/Internationalization/icudt64l/region/lb.res" 1611
"../../../Engine/Content/Internationalization/icudt64l/lang/lg.res" 1612
"../../../Engine/Content/Internationalization/icudt64l/region/lg.res" 1613
"../../../Engine/Content/Internationalization/icudt64l/lang/lkt.res" 1614
"../../../Engine/Content/Internationalization/icudt64l/region/lkt.res" 1615
"../../../Engine/Content/Internationalization/icudt64l/lang/ln.res" 1616
"../../../Engine/Content/Internationalization/icudt64l/region/ln.res" 1617
"../../../Engine/Content/Internationalization/icudt64l/lang/lo.res" 1618
"../../../Engine/Content/Internationalization/icudt64l/region/lo.res" 1619
"../../../Engine/Content/Internationalization/icudt64l/lang/lrc.res" 1620
"../../../Engine/Content/Internationalization/icudt64l/region/lrc.res" 1621
"../../../Engine/Content/Internationalization/icudt64l/lang/lt.res" 1622
"../../../Engine/Content/Internationalization/icudt64l/region/lt.res" 1623
"../../../Engine/Content/Internationalization/icudt64l/lang/lu.res" 1624
"../../../Engine/Content/Internationalization/icudt64l/region/lu.res" 1625
"../../../Engine/Content/Internationalization/icudt64l/lang/luo.res" 1626
"../../../Engine/Content/Internationalization/icudt64l/region/luo.res" 1627
"../../../Engine/Content/Internationalization/icudt64l/lang/luy.res" 1628
"../../../Engine/Content/Internationalization/icudt64l/region/luy.res" 1629
"../../../Engine/Content/Internationalization/icudt64l/lang/lv.res" 1630
"../../../Engine/Content/Internationalization/icudt64l/region/lv.res" 1631
"../../../Engine/Content/Internationalization/icudt64l/lang/mas.res" 1632
"../../../Engine/Content/Internationalization/icudt64l/region/mas.res" 1633
"../../../Engine/Content/Internationalization/icudt64l/lang/mer.res" 1634
"../../../Engine/Content/Internationalization/icudt64l/region/mer.res" 1635
"../../../Engine/Content/Internationalization/icudt64l/lang/mfe.res" 1636
"../../../Engine/Content/Internationalization/icudt64l/region/mfe.res" 1637
"../../../Engine/Content/Internationalization/icudt64l/lang/mg.res" 1638
"../../../Engine/Content/Internationalization/icudt64l/region/mg.res" 1639
"../../../Engine/Content/Internationalization/icudt64l/lang/mgh.res" 1640
"../../../Engine/Content/Internationalization/icudt64l/region/mgh.res" 1641
"../../../Engine/Content/Internationalization/icudt64l/lang/mgo.res" 1642
"../../../Engine/Content/Internationalization/icudt64l/region/mgo.res" 1643
"../../../Engine/Content/Internationalization/icudt64l/lang/mi.res" 1644
"../../../Engine/Content/Internationalization/icudt64l/region/mi.res" 1645
"../../../Engine/Content/Internationalization/icudt64l/lang/mk.res" 1646
"../../../Engine/Content/Internationalization/icudt64l/region/mk.res" 1647
"../../../Engine/Content/Internationalization/icudt64l/lang/ml.res" 1648
"../../../Engine/Content/Internationalization/icudt64l/region/ml.res" 1649
"../../../Engine/Content/Internationalization/icudt64l/lang/mn.res" 1650
"../../../Engine/Content/Internationalization/icudt64l/region/mn.res" 1651
"../../../Engine/Content/Internationalization/icudt64l/lang/mr.res" 1652
"../../../Engine/Content/Internationalization/icudt64l/region/mr.res" 1653
"../../../Engine/Content/Internationalization/icudt64l/lang/ms.res" 1654
"../../../Engine/Content/Internationalization/icudt64l/region/ms.res" 1655
"../../../Engine/Content/Internationalization/icudt64l/lang/mt.res" 1656
"../../../Engine/Content/Internationalization/icudt64l/region/mt.res" 1657
"../../../Engine/Content/Internationalization/icudt64l/lang/mua.res" 1658
"../../../Engine/Content/Internationalization/icudt64l/region/mua.res" 1659
"../../../Engine/Content/Internationalization/icudt64l/lang/my.res" 1660
"../../../Engine/Content/Internationalization/icudt64l/region/my.res" 1661
"../../../Engine/Content/Internationalization/icudt64l/lang/mzn.res" 1662
"../../../Engine/Content/Internationalization/icudt64l/region/mzn.res" 1663
"../../../Engine/Content/Internationalization/icudt64l/lang/naq.res" 1664
"../../../Engine/Content/Internationalization/icudt64l/region/naq.res" 1665
"../../../Engine/Content/Internationalization/icudt64l/lang/nb.res" 1666
"../../../Engine/Content/Internationalization/icudt64l/lang/nb_NO.res" 1667
"../../../Engine/Content/Internationalization/icudt64l/region/nb_NO.res" 1668
"../../../Engine/Content/Internationalization/icudt64l/region/nb.res" 1669
"../../../Engine/Content/Internationalization/icudt64l/lang/nd.res" 1670
"../../../Engine/Content/Internationalization/icudt64l/region/nd.res" 1671
"../../../Engine/Content/Internationalization/icudt64l/lang/nds.res" 1672
"../../../Engine/Content/Internationalization/icudt64l/region/nds.res" 1673
"../../../Engine/Content/Internationalization/icudt64l/lang/ne.res" 1674
"../../../Engine/Content/Internationalization/icudt64l/region/ne.res" 1675
"../../../Engine/Content/Internationalization/icudt64l/lang/nl.res" 1676
"../../../Engine/Content/Internationalization/icudt64l/region/nl.res" 1677
"../../../Engine/Content/Internationalization/icudt64l/lang/nmg.res" 1678
"../../../Engine/Content/Internationalization/icudt64l/region/nmg.res" 1679
"../../../Engine/Content/Internationalization/icudt64l/lang/nn.res" 1680
"../../../Engine/Content/Internationalization/icudt64l/lang/nn_NO.res" 1681
"../../../Engine/Content/Internationalization/icudt64l/region/nn_NO.res" 1682
"../../../Engine/Content/Internationalization/icudt64l/region/nn.res" 1683
"../../../Engine/Content/Internationalization/icudt64l/lang/nnh.res" 1684
"../../../Engine/Content/Internationalization/icudt64l/region/nnh.res" 1685
"../../../Engine/Content/Internationalization/icudt64l/lang/nus.res" 1686
"../../../Engine/Content/Internationalization/icudt64l/region/nus.res" 1687
"../../../Engine/Content/Internationalization/icudt64l/lang/nyn.res" 1688
"../../../Engine/Content/Internationalization/icudt64l/region/nyn.res" 1689
"../../../Engine/Content/Internationalization/icudt64l/lang/om.res" 1690
"../../../Engine/Content/Internationalization/icudt64l/region/om.res" 1691
"../../../Engine/Content/Internationalization/icudt64l/lang/or.res" 1692
"../../../Engine/Content/Internationalization/icudt64l/region/or.res" 1693
"../../../Engine/Content/Internationalization/icudt64l/lang/os.res" 1694
"../../../Engine/Content/Internationalization/icudt64l/region/os.res" 1695
"../../../Engine/Content/Internationalization/icudt64l/lang/pa.res" 1696
"../../../Engine/Content/Internationalization/icudt64l/lang/pa_Arab.res" 1697
"../../../Engine/Content/Internationalization/icudt64l/lang/pa_PK.res" 1698
"../../../Engine/Content/Internationalization/icudt64l/lang/pa_Arab_PK.res" 1699
"../../../Engine/Content/Internationalization/icudt64l/region/pa_PK.res" 1700
"../../../Engine/Content/Internationalization/icudt64l/region/pa_Arab_PK.res" 1701
"../../../Engine/Content/Internationalization/icudt64l/region/pa_Arab.res" 1702
"../../../Engine/Content/Internationalization/icudt64l/lang/pa_Guru.res" 1703
"../../../Engine/Content/Internationalization/icudt64l/lang/pa_IN.res" 1704
"../../../Engine/Content/Internationalization/icudt64l/lang/pa_Guru_IN.res" 1705
"../../../Engine/Content/Internationalization/icudt64l/region/pa_IN.res" 1706
"../../../Engine/Content/Internationalization/icudt64l/region/pa_Guru_IN.res" 1707
"../../../Engine/Content/Internationalization/icudt64l/region/pa_Guru.res" 1708
"../../../Engine/Content/Internationalization/icudt64l/region/pa.res" 1709
"../../../Engine/Content/Internationalization/icudt64l/lang/pl.res" 1710
"../../../Engine/Content/Internationalization/icudt64l/region/pl.res" 1711
"../../../Engine/Content/Internationalization/icudt64l/lang/ps.res" 1712
"../../../Engine/Content/Internationalization/icudt64l/region/ps.res" 1713
"../../../Engine/Content/Internationalization/icudt64l/lang/ps_PK.res" 1714
"../../../Engine/Content/Internationalization/icudt64l/region/ps_PK.res" 1715
"../../../Engine/Content/Internationalization/icudt64l/lang/pt.res" 1716
"../../../Engine/Content/Internationalization/icudt64l/lang/pt_AO.res" 1717
"../../../Engine/Content/Internationalization/icudt64l/lang/pt_PT.res" 1718
"../../../Engine/Content/Internationalization/icudt64l/region/pt_AO.res" 1719
"../../../Engine/Content/Internationalization/icudt64l/region/pt_PT.res" 1720
"../../../Engine/Content/Internationalization/icudt64l/region/pt.res" 1721
"../../../Engine/Content/Internationalization/icudt64l/lang/pt_CH.res" 1722
"../../../Engine/Content/Internationalization/icudt64l/region/pt_CH.res" 1723
"../../../Engine/Content/Internationalization/icudt64l/lang/pt_CV.res" 1724
"../../../Engine/Content/Internationalization/icudt64l/region/pt_CV.res" 1725
"../../../Engine/Content/Internationalization/icudt64l/lang/pt_GQ.res" 1726
"../../../Engine/Content/Internationalization/icudt64l/region/pt_GQ.res" 1727
"../../../Engine/Content/Internationalization/icudt64l/lang/pt_GW.res" 1728
"../../../Engine/Content/Internationalization/icudt64l/region/pt_GW.res" 1729
"../../../Engine/Content/Internationalization/icudt64l/lang/pt_LU.res" 1730
"../../../Engine/Content/Internationalization/icudt64l/region/pt_LU.res" 1731
"../../../Engine/Content/Internationalization/icudt64l/lang/pt_MO.res" 1732
"../../../Engine/Content/Internationalization/icudt64l/region/pt_MO.res" 1733
"../../../Engine/Content/Internationalization/icudt64l/lang/pt_MZ.res" 1734
"../../../Engine/Content/Internationalization/icudt64l/region/pt_MZ.res" 1735
"../../../Engine/Content/Internationalization/icudt64l/lang/pt_ST.res" 1736
"../../../Engine/Content/Internationalization/icudt64l/region/pt_ST.res" 1737
"../../../Engine/Content/Internationalization/icudt64l/lang/pt_TL.res" 1738
"../../../Engine/Content/Internationalization/icudt64l/region/pt_TL.res" 1739
"../../../Engine/Content/Internationalization/icudt64l/lang/qu.res" 1740
"../../../Engine/Content/Internationalization/icudt64l/region/qu.res" 1741
"../../../Engine/Content/Internationalization/icudt64l/lang/rm.res" 1742
"../../../Engine/Content/Internationalization/icudt64l/region/rm.res" 1743
"../../../Engine/Content/Internationalization/icudt64l/lang/rn.res" 1744
"../../../Engine/Content/Internationalization/icudt64l/region/rn.res" 1745
"../../../Engine/Content/Internationalization/icudt64l/lang/ro.res" 1746
"../../../Engine/Content/Internationalization/icudt64l/lang/ro_MD.res" 1747
"../../../Engine/Content/Internationalization/icudt64l/region/ro_MD.res" 1748
"../../../Engine/Content/Internationalization/icudt64l/region/ro.res" 1749
"../../../Engine/Content/Internationalization/icudt64l/lang/rof.res" 1750
"../../../Engine/Content/Internationalization/icudt64l/region/rof.res" 1751
"../../../Engine/Content/Internationalization/icudt64l/lang/ru.res" 1752
"../../../Engine/Content/Internationalization/icudt64l/region/ru.res" 1753
"../../../Engine/Content/Internationalization/icudt64l/region/ru_UA.res" 1754
"../../../Engine/Content/Internationalization/icudt64l/lang/rw.res" 1755
"../../../Engine/Content/Internationalization/icudt64l/region/rw.res" 1756
"../../../Engine/Content/Internationalization/icudt64l/lang/rwk.res" 1757
"../../../Engine/Content/Internationalization/icudt64l/region/rwk.res" 1758
"../../../Engine/Content/Internationalization/icudt64l/lang/sah.res" 1759
"../../../Engine/Content/Internationalization/icudt64l/region/sah.res" 1760
"../../../Engine/Content/Internationalization/icudt64l/lang/saq.res" 1761
"../../../Engine/Content/Internationalization/icudt64l/region/saq.res" 1762
"../../../Engine/Content/Internationalization/icudt64l/lang/sbp.res" 1763
"../../../Engine/Content/Internationalization/icudt64l/region/sbp.res" 1764
"../../../Engine/Content/Internationalization/icudt64l/lang/sd.res" 1765
"../../../Engine/Content/Internationalization/icudt64l/region/sd.res" 1766
"../../../Engine/Content/Internationalization/icudt64l/lang/se.res" 1767
"../../../Engine/Content/Internationalization/icudt64l/lang/se_FI.res" 1768
"../../../Engine/Content/Internationalization/icudt64l/region/se_FI.res" 1769
"../../../Engine/Content/Internationalization/icudt64l/region/se.res" 1770
"../../../Engine/Content/Internationalization/icudt64l/lang/seh.res" 1771
"../../../Engine/Content/Internationalization/icudt64l/region/seh.res" 1772
"../../../Engine/Content/Internationalization/icudt64l/lang/ses.res" 1773
"../../../Engine/Content/Internationalization/icudt64l/region/ses.res" 1774
"../../../Engine/Content/Internationalization/icudt64l/lang/sg.res" 1775
"../../../Engine/Content/Internationalization/icudt64l/region/sg.res" 1776
"../../../Engine/Content/Internationalization/icudt64l/lang/shi.res" 1777
"../../../Engine/Content/Internationalization/icudt64l/lang/shi_Latn.res" 1778
"../../../Engine/Content/Internationalization/icudt64l/lang/shi_MA.res" 1779
"../../../Engine/Content/Internationalization/icudt64l/lang/shi_Tfng_MA.res" 1780
"../../../Engine/Content/Internationalization/icudt64l/lang/shi_Tfng.res" 1781
"../../../Engine/Content/Internationalization/icudt64l/region/shi_MA.res" 1782
"../../../Engine/Content/Internationalization/icudt64l/region/shi_Tfng_MA.res" 1783
"../../../Engine/Content/Internationalization/icudt64l/region/shi_Tfng.res" 1784
"../../../Engine/Content/Internationalization/icudt64l/region/shi.res" 1785
"../../../Engine/Content/Internationalization/icudt64l/region/shi_Latn.res" 1786
"../../../Engine/Content/Internationalization/icudt64l/lang/si.res" 1787
"../../../Engine/Content/Internationalization/icudt64l/region/si.res" 1788
"../../../Engine/Content/Internationalization/icudt64l/lang/sk.res" 1789
"../../../Engine/Content/Internationalization/icudt64l/region/sk.res" 1790
"../../../Engine/Content/Internationalization/icudt64l/lang/sl.res" 1791
"../../../Engine/Content/Internationalization/icudt64l/region/sl.res" 1792
"../../../Engine/Content/Internationalization/icudt64l/lang/smn.res" 1793
"../../../Engine/Content/Internationalization/icudt64l/region/smn.res" 1794
"../../../Engine/Content/Internationalization/icudt64l/lang/sn.res" 1795
"../../../Engine/Content/Internationalization/icudt64l/region/sn.res" 1796
"../../../Engine/Content/Internationalization/icudt64l/lang/so.res" 1797
"../../../Engine/Content/Internationalization/icudt64l/region/so.res" 1798
"../../../Engine/Content/Internationalization/icudt64l/lang/sq.res" 1799
"../../../Engine/Content/Internationalization/icudt64l/region/sq.res" 1800
"../../../Engine/Content/Internationalization/icudt64l/lang/sr.res" 1801
"../../../Engine/Content/Internationalization/icudt64l/lang/sr_Cyrl.res" 1802
"../../../Engine/Content/Internationalization/icudt64l/lang/sr_BA.res" 1803
"../../../Engine/Content/Internationalization/icudt64l/lang/sr_Cyrl_BA.res" 1804
"../../../Engine/Content/Internationalization/icudt64l/region/sr_BA.res" 1805
"../../../Engine/Content/Internationalization/icudt64l/region/sr_Cyrl_BA.res" 1806
"../../../Engine/Content/Internationalization/icudt64l/region/sr_Cyrl.res" 1807
"../../../Engine/Content/Internationalization/icudt64l/region/sr.res" 1808
"../../../Engine/Content/Internationalization/icudt64l/lang/sr_ME.res" 1809
"../../../Engine/Content/Internationalization/icudt64l/lang/sr_Latn_ME.res" 1810
"../../../Engine/Content/Internationalization/icudt64l/lang/sr_Latn.res" 1811
"../../../Engine/Content/Internationalization/icudt64l/region/sr_ME.res" 1812
"../../../Engine/Content/Internationalization/icudt64l/region/sr_Latn_ME.res" 1813
"../../../Engine/Content/Internationalization/icudt64l/region/sr_Latn.res" 1814
"../../../Engine/Content/Internationalization/icudt64l/lang/sr_Cyrl_ME.res" 1815
"../../../Engine/Content/Internationalization/icudt64l/region/sr_Cyrl_ME.res" 1816
"../../../Engine/Content/Internationalization/icudt64l/lang/sr_RS.res" 1817
"../../../Engine/Content/Internationalization/icudt64l/lang/sr_Cyrl_RS.res" 1818
"../../../Engine/Content/Internationalization/icudt64l/region/sr_RS.res" 1819
"../../../Engine/Content/Internationalization/icudt64l/region/sr_Cyrl_RS.res" 1820
"../../../Engine/Content/Internationalization/icudt64l/lang/sr_XK.res" 1821
"../../../Engine/Content/Internationalization/icudt64l/lang/sr_Cyrl_XK.res" 1822
"../../../Engine/Content/Internationalization/icudt64l/region/sr_XK.res" 1823
"../../../Engine/Content/Internationalization/icudt64l/region/sr_Cyrl_XK.res" 1824
"../../../Engine/Content/Internationalization/icudt64l/lang/sr_Latn_BA.res" 1825
"../../../Engine/Content/Internationalization/icudt64l/region/sr_Latn_BA.res" 1826
"../../../Engine/Content/Internationalization/icudt64l/lang/sr_Latn_RS.res" 1827
"../../../Engine/Content/Internationalization/icudt64l/region/sr_Latn_RS.res" 1828
"../../../Engine/Content/Internationalization/icudt64l/lang/sr_Latn_XK.res" 1829
"../../../Engine/Content/Internationalization/icudt64l/region/sr_Latn_XK.res" 1830
"../../../Engine/Content/Internationalization/icudt64l/lang/sv.res" 1831
"../../../Engine/Content/Internationalization/icudt64l/region/sv.res" 1832
"../../../Engine/Content/Internationalization/icudt64l/lang/sv_FI.res" 1833
"../../../Engine/Content/Internationalization/icudt64l/lang/sw.res" 1834
"../../../Engine/Content/Internationalization/icudt64l/lang/sw_CD.res" 1835
"../../../Engine/Content/Internationalization/icudt64l/region/sw_CD.res" 1836
"../../../Engine/Content/Internationalization/icudt64l/region/sw.res" 1837
"../../../Engine/Content/Internationalization/icudt64l/lang/sw_KE.res" 1838
"../../../Engine/Content/Internationalization/icudt64l/region/sw_KE.res" 1839
"../../../Engine/Content/Internationalization/icudt64l/lang/ta.res" 1840
"../../../Engine/Content/Internationalization/icudt64l/region/ta.res" 1841
"../../../Engine/Content/Internationalization/icudt64l/lang/te.res" 1842
"../../../Engine/Content/Internationalization/icudt64l/region/te.res" 1843
"../../../Engine/Content/Internationalization/icudt64l/lang/teo.res" 1844
"../../../Engine/Content/Internationalization/icudt64l/region/teo.res" 1845
"../../../Engine/Content/Internationalization/icudt64l/lang/tg.res" 1846
"../../../Engine/Content/Internationalization/icudt64l/region/tg.res" 1847
"../../../Engine/Content/Internationalization/icudt64l/lang/th.res" 1848
"../../../Engine/Content/Internationalization/icudt64l/lang/th_TH.res" 1849
"../../../Engine/Content/Internationalization/icudt64l/region/th_TH.res" 1850
"../../../Engine/Content/Internationalization/icudt64l/region/th.res" 1851
"../../../Engine/Content/Internationalization/icudt64l/lang/ti.res" 1852
"../../../Engine/Content/Internationalization/icudt64l/region/ti.res" 1853
"../../../Engine/Content/Internationalization/icudt64l/lang/tk.res" 1854
"../../../Engine/Content/Internationalization/icudt64l/region/tk.res" 1855
"../../../Engine/Content/Internationalization/icudt64l/lang/to.res" 1856
"../../../Engine/Content/Internationalization/icudt64l/region/to.res" 1857
"../../../Engine/Content/Internationalization/icudt64l/lang/tr.res" 1858
"../../../Engine/Content/Internationalization/icudt64l/region/tr.res" 1859
"../../../Engine/Content/Internationalization/icudt64l/lang/tt.res" 1860
"../../../Engine/Content/Internationalization/icudt64l/region/tt.res" 1861
"../../../Engine/Content/Internationalization/icudt64l/lang/twq.res" 1862
"../../../Engine/Content/Internationalization/icudt64l/region/twq.res" 1863
"../../../Engine/Content/Internationalization/icudt64l/lang/tzm.res" 1864
"../../../Engine/Content/Internationalization/icudt64l/region/tzm.res" 1865
"../../../Engine/Content/Internationalization/icudt64l/lang/ug.res" 1866
"../../../Engine/Content/Internationalization/icudt64l/region/ug.res" 1867
"../../../Engine/Content/Internationalization/icudt64l/lang/uk.res" 1868
"../../../Engine/Content/Internationalization/icudt64l/region/uk.res" 1869
"../../../Engine/Content/Internationalization/icudt64l/lang/ur.res" 1870
"../../../Engine/Content/Internationalization/icudt64l/lang/ur_IN.res" 1871
"../../../Engine/Content/Internationalization/icudt64l/region/ur_IN.res" 1872
"../../../Engine/Content/Internationalization/icudt64l/region/ur.res" 1873
"../../../Engine/Content/Internationalization/icudt64l/lang/uz.res" 1874
"../../../Engine/Content/Internationalization/icudt64l/lang/uz_Arab.res" 1875
"../../../Engine/Content/Internationalization/icudt64l/lang/uz_AF.res" 1876
"../../../Engine/Content/Internationalization/icudt64l/lang/uz_Arab_AF.res" 1877
"../../../Engine/Content/Internationalization/icudt64l/region/uz_AF.res" 1878
"../../../Engine/Content/Internationalization/icudt64l/region/uz_Arab_AF.res" 1879
"../../../Engine/Content/Internationalization/icudt64l/region/uz_Arab.res" 1880
"../../../Engine/Content/Internationalization/icudt64l/lang/uz_Cyrl.res" 1881
"../../../Engine/Content/Internationalization/icudt64l/lang/uz_UZ.res" 1882
"../../../Engine/Content/Internationalization/icudt64l/lang/uz_Latn_UZ.res" 1883
"../../../Engine/Content/Internationalization/icudt64l/lang/uz_Latn.res" 1884
"../../../Engine/Content/Internationalization/icudt64l/region/uz_UZ.res" 1885
"../../../Engine/Content/Internationalization/icudt64l/region/uz_Latn_UZ.res" 1886
"../../../Engine/Content/Internationalization/icudt64l/region/uz_Latn.res" 1887
"../../../Engine/Content/Internationalization/icudt64l/region/uz.res" 1888
"../../../Engine/Content/Internationalization/icudt64l/region/uz_Cyrl.res" 1889
"../../../Engine/Content/Internationalization/icudt64l/lang/vai.res" 1890
"../../../Engine/Content/Internationalization/icudt64l/lang/vai_Latn.res" 1891
"../../../Engine/Content/Internationalization/icudt64l/lang/vai_LR.res" 1892
"../../../Engine/Content/Internationalization/icudt64l/lang/vai_Vaii_LR.res" 1893
"../../../Engine/Content/Internationalization/icudt64l/lang/vai_Vaii.res" 1894
"../../../Engine/Content/Internationalization/icudt64l/region/vai_LR.res" 1895
"../../../Engine/Content/Internationalization/icudt64l/region/vai_Vaii_LR.res" 1896
"../../../Engine/Content/Internationalization/icudt64l/region/vai_Vaii.res" 1897
"../../../Engine/Content/Internationalization/icudt64l/region/vai.res" 1898
"../../../Engine/Content/Internationalization/icudt64l/region/vai_Latn.res" 1899
"../../../Engine/Content/Internationalization/icudt64l/lang/vi.res" 1900
"../../../Engine/Content/Internationalization/icudt64l/region/vi.res" 1901
"../../../Engine/Content/Internationalization/icudt64l/lang/vun.res" 1902
"../../../Engine/Content/Internationalization/icudt64l/region/vun.res" 1903
"../../../Engine/Content/Internationalization/icudt64l/lang/wae.res" 1904
"../../../Engine/Content/Internationalization/icudt64l/region/wae.res" 1905
"../../../Engine/Content/Internationalization/icudt64l/lang/wo.res" 1906
"../../../Engine/Content/Internationalization/icudt64l/region/wo.res" 1907
"../../../Engine/Content/Internationalization/icudt64l/lang/xh.res" 1908
"../../../Engine/Content/Internationalization/icudt64l/region/xh.res" 1909
"../../../Engine/Content/Internationalization/icudt64l/lang/xog.res" 1910
"../../../Engine/Content/Internationalization/icudt64l/region/xog.res" 1911
"../../../Engine/Content/Internationalization/icudt64l/lang/yav.res" 1912
"../../../Engine/Content/Internationalization/icudt64l/region/yav.res" 1913
"../../../Engine/Content/Internationalization/icudt64l/lang/yi.res" 1914
"../../../Engine/Content/Internationalization/icudt64l/region/yi.res" 1915
"../../../Engine/Content/Internationalization/icudt64l/lang/yo.res" 1916
"../../../Engine/Content/Internationalization/icudt64l/lang/yo_BJ.res" 1917
"../../../Engine/Content/Internationalization/icudt64l/region/yo_BJ.res" 1918
"../../../Engine/Content/Internationalization/icudt64l/region/yo.res" 1919
"../../../Engine/Content/Internationalization/icudt64l/lang/yue.res" 1920
"../../../Engine/Content/Internationalization/icudt64l/lang/yue_Hans.res" 1921
"../../../Engine/Content/Internationalization/icudt64l/lang/yue_CN.res" 1922
"../../../Engine/Content/Internationalization/icudt64l/lang/yue_Hans_CN.res" 1923
"../../../Engine/Content/Internationalization/icudt64l/region/yue_CN.res" 1924
"../../../Engine/Content/Internationalization/icudt64l/region/yue_Hans_CN.res" 1925
"../../../Engine/Content/Internationalization/icudt64l/region/yue_Hans.res" 1926
"../../../Engine/Content/Internationalization/icudt64l/lang/yue_Hant.res" 1927
"../../../Engine/Content/Internationalization/icudt64l/lang/yue_HK.res" 1928
"../../../Engine/Content/Internationalization/icudt64l/lang/yue_Hant_HK.res" 1929
"../../../Engine/Content/Internationalization/icudt64l/region/yue_HK.res" 1930
"../../../Engine/Content/Internationalization/icudt64l/region/yue_Hant_HK.res" 1931
"../../../Engine/Content/Internationalization/icudt64l/region/yue_Hant.res" 1932
"../../../Engine/Content/Internationalization/icudt64l/region/yue.res" 1933
"../../../Engine/Content/Internationalization/icudt64l/lang/zgh.res" 1934
"../../../Engine/Content/Internationalization/icudt64l/region/zgh.res" 1935
"../../../Engine/Content/Internationalization/icudt64l/lang/zh.res" 1936
"../../../Engine/Content/Internationalization/icudt64l/lang/zh_Hans.res" 1937
"../../../Engine/Content/Internationalization/icudt64l/lang/zh_CN.res" 1938
"../../../Engine/Content/Internationalization/icudt64l/lang/zh_Hans_CN.res" 1939
"../../../Engine/Content/Internationalization/icudt64l/region/zh_CN.res" 1940
"../../../Engine/Content/Internationalization/icudt64l/region/zh_Hans_CN.res" 1941
"../../../Engine/Content/Internationalization/icudt64l/region/zh_Hans.res" 1942
"../../../Engine/Content/Internationalization/icudt64l/region/zh.res" 1943
"../../../Engine/Content/Internationalization/icudt64l/lang/zh_HK.res" 1944
"../../../Engine/Content/Internationalization/icudt64l/lang/zh_Hant_HK.res" 1945
"../../../Engine/Content/Internationalization/icudt64l/lang/zh_Hant.res" 1946
"../../../Engine/Content/Internationalization/icudt64l/region/zh_HK.res" 1947
"../../../Engine/Content/Internationalization/icudt64l/region/zh_Hant_HK.res" 1948
"../../../Engine/Content/Internationalization/icudt64l/region/zh_Hant.res" 1949
"../../../Engine/Content/Internationalization/icudt64l/lang/zh_MO.res" 1950
"../../../Engine/Content/Internationalization/icudt64l/lang/zh_Hant_MO.res" 1951
"../../../Engine/Content/Internationalization/icudt64l/region/zh_MO.res" 1952
"../../../Engine/Content/Internationalization/icudt64l/region/zh_Hant_MO.res" 1953
"../../../Engine/Content/Internationalization/icudt64l/lang/zh_SG.res" 1954
"../../../Engine/Content/Internationalization/icudt64l/lang/zh_Hans_SG.res" 1955
"../../../Engine/Content/Internationalization/icudt64l/region/zh_SG.res" 1956
"../../../Engine/Content/Internationalization/icudt64l/region/zh_Hans_SG.res" 1957
"../../../Engine/Content/Internationalization/icudt64l/lang/zh_TW.res" 1958
"../../../Engine/Content/Internationalization/icudt64l/lang/zh_Hant_TW.res" 1959
"../../../Engine/Content/Internationalization/icudt64l/region/zh_TW.res" 1960
"../../../Engine/Content/Internationalization/icudt64l/region/zh_Hant_TW.res" 1961
"../../../Engine/Content/Internationalization/icudt64l/lang/zu.res" 1962
"../../../Engine/Content/Internationalization/icudt64l/region/zu.res" 1963
"../../../Engine/Content/Internationalization/icudt64l/lang/no.res" 1964
"../../../Engine/Content/Internationalization/icudt64l/lang/tl.res" 1965
"../../../Engine/Config/Android/DataDrivenPlatformInfo.ini" 1966
"../../../Engine/Config/IOS/DataDrivenPlatformInfo.ini" 1967
"../../../Engine/Config/Linux/DataDrivenPlatformInfo.ini" 1968
"../../../Engine/Config/Mac/DataDrivenPlatformInfo.ini" 1969
"../../../Engine/Config/TVOS/DataDrivenPlatformInfo.ini" 1970
"../../../Engine/Config/Unix/DataDrivenPlatformInfo.ini" 1971
"../../../Engine/Config/VulkanPC/DataDrivenPlatformInfo.ini" 1972
"../../../Engine/Config/Windows/DataDrivenPlatformInfo.ini" 1973
"../../../Engine/Platforms/VisionOS/Config/DataDrivenPlatformInfo.ini" 1974
"../../../Engine/Content/Renderer/TessellationTable.bin" 1975
"../../../Engine/DerivedDataCache/Compressed.ddp" 1976
"C:/Users/Moonlord/AppData/Local/UnrealEngine/5.6/Saved/Zen/zen.version" 1977
"C:/Users/Moonlord/AppData/Local/UnrealEngine/Common/Zen/Install/zen.version" 1978
"C:/Users/Moonlord/AppData/Local/UnrealEngine/Common/Zen/Install/zenserver.runcontext" 1979
"C:/Users/Moonlord/AppData/Local/UnrealEngine/Common/DerivedDataCache/TestData/0/TestData_4kb.dat" 1980
"C:/Users/Moonlord/AppData/Local/UnrealEngine/Common/DerivedDataCache/TestData/1/TestData_4kb.dat" 1981
"C:/Users/Moonlord/AppData/Local/UnrealEngine/Common/DerivedDataCache/TestData/0/TestData_8kb.dat" 1982
"C:/Users/Moonlord/AppData/Local/UnrealEngine/Common/DerivedDataCache/TestData/1/TestData_8kb.dat" 1983
"C:/Users/Moonlord/AppData/Local/UnrealEngine/Common/DerivedDataCache/TestData/0/TestData_16kb.dat" 1984
"C:/Users/Moonlord/AppData/Local/UnrealEngine/Common/DerivedDataCache/TestData/1/TestData_16kb.dat" 1985
"C:/Users/Moonlord/AppData/Local/UnrealEngine/Common/DerivedDataCache/TestData/0/TestData_64kb.dat" 1986
"C:/Users/Moonlord/AppData/Local/UnrealEngine/Common/DerivedDataCache/TestData/1/TestData_64kb.dat" 1987
"C:/Users/Moonlord/AppData/Local/UnrealEngine/Common/DerivedDataCache/TestData/0/TestData_128kb.dat" 1988
"C:/Users/Moonlord/AppData/Local/UnrealEngine/Common/DerivedDataCache/TestData/1/TestData_128kb.dat" 1989
"C:/Users/Moonlord/AppData/Local/UnrealEngine/Common/DerivedDataCache/TestData/0/TestData_256kb.dat" 1990
"C:/Users/Moonlord/AppData/Local/UnrealEngine/Common/DerivedDataCache/TestData/1/TestData_256kb.dat" 1991
"C:/Users/Moonlord/AppData/Roaming/Unreal Engine/UnrealBuildTool/BuildConfiguration.xml" 1992
"E:/Unreal Projects New/Sparks/Intermediate/ShaderAutogen/PCD3D_SM6/AutogenShaderHeaders.ush" 1993
"../../../Engine/Shaders/Private/HairStrands/HairStrandsVertexFactory.ush" 1994
"../../../Engine/Shaders/Private/VertexFactoryCommon.ush" 1995
"../../../Engine/Shaders/Private/Common.ush" 1996
"../../../Engine/Shaders/Public/Platform.ush" 1997
"../../../Engine/Shaders/Public/FP16Math.ush" 1998
"../../../Engine/Shaders/Public/Platform/D3D/D3DCommon.ush" 1999
"../../../Engine/Shaders/Shared/HLSLReservedSpaces.h" 2000
"../../../Engine/Shaders/Public/BindlessResources.ush" 2001
"../../../Engine/Shaders/Public/Platform/D3D/PlatformBindlessResources.ush" 2002
"../../../Engine/Shaders/Shared/RayTracingBuiltInResources.h" 2003
"../../../Engine/Shaders/Shared/RayTracingDefinitions.h" 2004
"../../../Engine/Shaders/Public/OverloadMacros.ush" 2005
"../../../Engine/Shaders/Public/ShaderVersion.ush" 2006
"../../../Engine/Shaders/Shared/ThirdParty/NVIDIA/nvHLSLExtns.h" 2007
"../../../Engine/Shaders/Shared/ThirdParty/NVIDIA/nvHLSLExtnsInternal.h" 2008
"../../../Engine/Shaders/Shared/ThirdParty/NVIDIA/nvShaderExtnEnums.h" 2009
"../../../Engine/Shaders/Private/PackUnpack.ush" 2010
"../../../Engine/Shaders/Private/GeneratedUniformBufferTypes.ush" 2011
"../../../Engine/Shaders/Private/Nanite/NanitePackedNaniteView.ush" 2012
"../../../Engine/Shaders/Private/HairStrands/HairStrandsVisibilityCommonStruct.ush" 2013
"../../../Engine/Shaders/Private/HairStrands/HairStrandsVoxelPageCommonStruct.ush" 2014
"../../../Engine/Shaders/Private/HairStrands/HairStrandsDeepShadowCommonStruct.ush" 2015
"../../../Engine/Shaders/Shared/LightSceneData.h" 2016
"../../../Engine/Shaders/Shared/HLSLTypeAliases.h" 2017
"../../../Engine/Shaders/Private/LargeWorldCoordinates.ush" 2018
"../../../Engine/Shaders/Private/DoubleFloat.ush" 2019
"../../../Engine/Shaders/Private/RandomPCG.ush" 2020
"../../../Engine/Shaders/Private/DoubleFloatOperations.ush" 2021
"../../../Engine/Shaders/Private/DoubleFloatVectorDefinition.ush" 2022
"../../../Engine/Shaders/Private/LWCOperations.ush" 2023
"../../../Engine/Shaders/Shared/LightViewData.h" 2024
"../../../Engine/Shaders/Shared/RayTracingTypes.h" 2025
"../../../Engine/Shaders/Shared/HLSLStaticAssert.h" 2026
"../../../Engine/Shaders/Private/CommonViewUniformBuffer.ush" 2027
"../../../Engine/Shaders/Private/InstancedStereo.ush" 2028
"../../../Engine/Shaders/Private/Definitions.usf" 2029
"../../../Engine/Shaders/Private/AssertionMacros.ush" 2030
"../../../Engine/Shaders/Private/FastMath.ush" 2031
"../../../Engine/Shaders/Private/FastMathThirdParty.ush" 2032
"../../../Engine/Shaders/Private/Random.ush" 2033
"../../../Engine/Shaders/Private/RandomInterleavedGradientNoise.ush" 2034
"../../../Engine/Shaders/Private/SceneData.ush" 2035
"../../../Engine/Shaders/Private/OctahedralCommon.ush" 2036
"../../../Engine/Shaders/Private/WaveOpUtil.ush" 2037
"../../../Engine/Shaders/Private/ByteBuffer.ush" 2038
"../../../Engine/Shaders/Shared/SceneDefinitions.h" 2039
"../../../Engine/Shaders/Private/SceneDataMobileLoader.ush" 2040
"../../../Engine/Shaders/Private/LocalVertexFactoryCommon.ush" 2041
"../../../Engine/Shaders/Private/HairStrands/HairStrandsVisibilityCommon.ush" 2042
"../../../Engine/Shaders/Shared/HairStrandsDefinitions.h" 2043
"../../../Engine/Shaders/Private/HairStrands/HairStrandsVertexFactoryCommon.ush" 2044
"../../../Engine/Shaders/Private/HairStrands/HairStrandsPack.ush" 2045
"../../../Engine/Shaders/Private/HairStrands/HairStrandsAttributeCommon.ush" 2046
"../../../Engine/Shaders/Private/HairStrands/HairStrandsAttributeTemplate.ush" 2047
"../../../Engine/Shaders/Private/VertexFactoryDefaultInterface.ush" 2048
"../../../Engine/Shaders/Private/HairStrands/HairCardsVertexFactory.ush" 2049
"../../../Engine/Shaders/Private/HairStrands/HairCardsAttributeCommon.ush" 2050
"../../../Engine/Shaders/Private/RayTracing/RayTracingCommon.ush" 2051
"../../../Engine/Shaders/Private/ShadingCommon.ush" 2052
"../../../Engine/Shaders/Shared/RayTracingPayloadType.h" 2053
"../../../Engine/Shaders/Private/RayTracing/RayTracingRayCone.ush" 2054
"../../../Engine/Shaders/Private/Substrate/Substrate.ush" 2055
"../../../Engine/Shaders/Private/ShadingEnergyConservation.ush" 2056
"../../../Engine/Shaders/Private/ShadingEnergyConservationTemplate.ush" 2057
"../../../Engine/Shaders/Private/BRDF.ush" 2058
"../../../Engine/Shaders/Private/ColorSpace.ush" 2059
"../../../Engine/Shaders/Private/DeferredShadingCommon.ush" 2060
"../../../Engine/Shaders/Private/LightAccumulator.ush" 2061
"../../../Engine/Shaders/Private/SceneTexturesCommon.ush" 2062
"../../../Engine/Shaders/Private/MonteCarlo.ush" 2063
"../../../Engine/Shaders/Private/GBufferHelpers.ush" 2064
"../../../Engine/Shaders/Private/SceneTextureParameters.ush" 2065
"../../../Engine/Shaders/Private/ParticipatingMediaCommon.ush" 2066
"../../../Engine/Shaders/Private/ThinFilmBSDF.ush" 2067
"../../../Engine/Shaders/Private/MortonCode.ush" 2068
"../../../Engine/Shaders/Private/SubsurfaceProfileCommon.ush" 2069
"../../../Engine/Shaders/Private/BurleyNormalizedSSSCommon.ush" 2070
"../../../Engine/Shaders/Private/GammaCorrectionCommon.ush" 2071
"../../../Engine/Shaders/Shared/SubstrateDefinitions.h" 2072
"../../../Engine/Shaders/Private/Substrate/SubstrateStatisticalOperators.ush" 2073
"../../../Engine/Shaders/Private/Substrate/SubstrateSubsurface.ush" 2074
"../../../Engine/Shaders/Private/TransmissionCommon.ush" 2075
"../../../Engine/Shaders/Private/Substrate/SubstrateExportCommon.ush" 2076
"../../../Engine/Shaders/Private/SpecularProfileCommon.ush" 2077
"../../../Engine/Shaders/Private/RayTracing/RayTracingCommonMetal.ush" 2078
"../../../Engine/Shaders/Private/PositionReconstructionCommon.ush" 2079
"../../../Engine/Shaders/Private/RayTracing/TraceRayInline.ush" 2080
"../../../Engine/Shaders/Private/RayTracing/TraceRayInlineCommon.ush" 2081
"../../../Engine/Shaders/Private/RayTracing/TraceRayInlineVulkan.ush" 2082
"../../../Engine/Shaders/Private/RayTracing/TraceRayInlineMetal.ush" 2083
"../../../Engine/Shaders/Private/RayTracing/TraceRayInlineD3D12.ush" 2084
"../../../Engine/Shaders/Private/RayTracing/RayTracingHitGroupCommon.ush" 2085
"../../../Engine/Shaders/Private/Nanite/NaniteRayTrace.ush" 2086
"../../../Engine/Shaders/Private/Nanite/NaniteDataDecode.ush" 2087
"../../../Engine/Shaders/Private/BitPacking.ush" 2088
"../../../Engine/Shaders/Private/BitStreamReaderImplementation.ush" 2089
"../../../Engine/Shaders/Private/BoneTransform.ush" 2090
"../../../Engine/Shaders/Private/Quaternion.ush" 2091
"../../../Engine/Shaders/Shared/NaniteDefinitions.h" 2092
"../../../Engine/Shaders/Shared/SkinningDefinitions.h" 2093
"../../../Engine/Shaders/Private/Nanite/NaniteAttributeDecode.ush" 2094
"../../../Engine/Shaders/Private/Barycentrics.ush" 2095
"../../../Engine/Shaders/Private/DualNumber.ush" 2096
"../../../Engine/Shaders/Shared/ThirdParty/RayTriangleIntersection.h" 2097
"../../../Engine/Shaders/Private/Nanite/NaniteVertexFetch.ush" 2098
"../../../Engine/Shaders/Private/Nanite/NaniteSceneCommon.ush" 2099
"../../../Engine/Plugins/FX/Niagara/Shaders/Private/NiagaraSpriteVertexFactory.ush" 2100
"../../../Engine/Shaders/Private/ParticleVertexFactoryCommon.ush" 2101
"../../../Engine/Plugins/FX/Niagara/Shaders/Private/NiagaraVFCommon.usf" 2102
"../../../Engine/Plugins/FX/Niagara/Shaders/Private/NiagaraVFParticleAccess.usf" 2103
"../../../Engine/Plugins/FX/Niagara/Shaders/Private/NiagaraParticleAccess.ush" 2104
"../../../Engine/Plugins/FX/Niagara/Shaders/Private/NiagaraRibbonVertexFactory.ush" 2105
"../../../Engine/Plugins/FX/Niagara/Shaders/Private/NiagaraMeshVertexFactory.ush" 2106
"../../../Engine/Plugins/FX/Niagara/Shaders/Private/NiagaraCommon.ush" 2107
"../../../Engine/Plugins/FX/Niagara/Shaders/Private/NiagaraMeshParticleUtils.ush" 2108
"../../../Engine/Shaders/Private/VectorFieldVisualizationVertexFactory.ush" 2109
"../../../Engine/Shaders/Private/Nanite/NaniteVertexFactory.ush" 2110
"../../../Engine/Shaders/Private/LightmapData.ush" 2111
"../../../Engine/Shaders/Private/SplineMeshCommon.ush" 2112
"../../../Engine/Shaders/Shared/SplineMeshShaderParams.h" 2113
"../../../Engine/Shaders/Private/ShaderPrint.ush" 2114
"../../../Engine/Shaders/Private/ShaderPrintCommon.ush" 2115
"../../../Engine/Shaders/Private/MiniFontCommon.ush" 2116
"../../../Engine/Shaders/Private/MaterialCache/MaterialCacheCommon.ush" 2117
"../../../Engine/Shaders/Shared/MaterialCacheDefinitions.h" 2118
"../../../Engine/Shaders/Private/Nanite/NaniteVertexDeformation.ush" 2119
"../../../Engine/Shaders/Private/ViewData.ush" 2120
"../../../Engine/Shaders/Shared/ViewDefinitions.h" 2121
"../../../Engine/Shaders/Private/Matrices.ush" 2122
"../../../Engine/Shaders/Private/ParticleSpriteVertexFactory.ush" 2123
"../../../Engine/Shaders/Private/ParticleGPUSpriteVertexFactory.ush" 2124
"../../../Engine/Shaders/Private/ParticleSimulationCommon.ush" 2125
"../../../Engine/Shaders/Private/ParticleBeamTrailVertexFactory.ush" 2126
"../../../Engine/Shaders/Private/MeshParticleVertexFactory.ush" 2127
"../../../Engine/Shaders/Private/LocalVertexFactory.ush" 2128
"../../../Engine/Shaders/Private/GpuSkinCommon.ush" 2129
"../../../Engine/Shaders/Private/GpuSkinVertexFactory.ush" 2130
"../../../Engine/Shaders/Private/GeometryCollectionVertexFactory.ush" 2131
"../../../Engine/Shaders/Private/GeometryCacheVertexFactory.ush" 2132
"../../../Engine/Shaders/Private/LandscapeVertexFactory.ush" 2133
"../../../Engine/Plugins/Experimental/Compositing/CompositeCore/Shaders/Private/CompositeCoreMerge.usf" 2134
"../../../Engine/Shaders/Private/ScreenPass.ush" 2135
"../../../Engine/Shaders/Private/LensDistortion.ush" 2136
"../../../Engine/Plugins/Experimental/Compositing/CompositeCore/Shaders/Private/CompositeCoreDisplayTransform.usf" 2137
"../../../Engine/Plugins/Experimental/Compositing/CompositeCore/Shaders/Private/CompositeCoreDilate.usf" 2138
"../../../Engine/Plugins/VirtualProduction/CameraCalibrationCore/Shaders/Private/CrosshairOverlay.usf" 2139
"../../../Engine/Plugins/VirtualProduction/CameraCalibrationCore/Shaders/Private/DisplacementMapBlending.usf" 2140
"../../../Engine/Plugins/VirtualProduction/CameraCalibrationCore/Shaders/Private/RecenterSTDisplacementMaps.usf" 2141
"../../../Engine/Plugins/VirtualProduction/CameraCalibrationCore/Shaders/Private/FillSTDisplacementMap.usf" 2142
"../../../Engine/Plugins/VirtualProduction/CameraCalibrationCore/Shaders/Private/InvertDisplacementMap.usf" 2143
"../../../Engine/Plugins/VirtualProduction/CameraCalibrationCore/Shaders/Private/CropDisplacementMap.usf" 2144
"../../../Engine/Plugins/VirtualProduction/CameraCalibrationCore/Shaders/Private/BlendDisplacementMaps.usf" 2145
"../../../Engine/Plugins/VirtualProduction/CameraCalibrationCore/Shaders/Private/DrawDisplacementMaps.usf" 2146
"../../../Engine/Plugins/VirtualProduction/CameraCalibrationCore/Shaders/Private/UndistortImagePoints.usf" 2147
"../../../Engine/Plugins/VirtualProduction/CameraCalibrationCore/Shaders/Private/DistortionSTMapProcessor.usf" 2148
"../../../Engine/Plugins/Media/WmfMedia/Shaders/Private/MediaHardwareVideoDecoding.usf" 2149
"../../../Engine/Shaders/Private/ColorUtils.ush" 2150
"../../../Engine/Plugins/Media/ImgMedia/Shaders/Private/ExrSwizzler.usf" 2151
"../../../Engine/Plugins/Enterprise/GLTFExporter/Shaders/Private/SimpleTexture2DPS.usf" 2152
"../../../Engine/Shaders/Private/SimpleElementNormalMapPixelShader.usf" 2153
"../../../Engine/Plugins/Runtime/HairStrands/Shaders/Private/NiagaraCopyVelocityGrid.usf" 2154
"../../../Engine/Plugins/Runtime/HairStrands/Shaders/Private/NiagaraClearVelocityGrid.usf" 2155
"../../../Engine/Plugins/Runtime/HairStrands/Shaders/Private/NiagaraClearPressureGrid.usf" 2156
"../../../Engine/Plugins/Runtime/HairStrands/Shaders/Private/NiagaraInterpolateGroomGuides.usf" 2157
"../../../Engine/Plugins/Runtime/HairStrands/Shaders/Private/NiagaraGroomInterpolationUtils.ush" 2158
"../../../Engine/Plugins/FX/Niagara/Shaders/Private/NiagaraQuaternionUtils.ush" 2159
"../../../Engine/Shaders/Private/HairStrands/HairStrandsMesh.usf" 2160
"../../../Engine/Shaders/Private/HairStrands/HairStrandsBindingCommon.ush" 2161
"../../../Engine/Shaders/Private/HairStrands/HairStrandsFollicleMask.usf" 2162
"../../../Engine/Shaders/Private/HairStrands/HairStrandsSkinUpdate.usf" 2163
"../../../Engine/Shaders/Private/HairStrands/HairStrandsClusterCulling.usf" 2164
"../../../Engine/Shaders/Private/ColorMap.ush" 2165
"../../../Engine/Shaders/Private/HairStrands/HairStrandsAABBCommon.ush" 2166
"../../../Engine/Shaders/Private/HairStrands/HairStrandsClusterCommon.ush" 2167
"../../../Engine/Shaders/Private/ThreadGroupPrefixSum.ush" 2168
"../../../Engine/Shaders/Private/HairStrands/HairStrandsRaytracingGeometry.usf" 2169
"../../../Engine/Shaders/Private/HairStrands/HairStrandsTangent.usf" 2170
"../../../Engine/Shaders/Private/HairStrands/HairCardsDeformation.usf" 2171
"../../../Engine/Shaders/Private/HairStrands/HairStrandsInterpolation.usf" 2172
"../../../Engine/Shaders/Private/HairStrands/HairStrandsGuideDeform.usf" 2173
"../../../Engine/Shaders/Private/HairStrands/HairStrandsTexturesGeneration.usf" 2174
"../../../Engine/Shaders/Private/HairStrands/HairCardsTextureCommon.ush" 2175
"../../../Engine/Shaders/Private/HairStrands/HairStrandsTranscode.usf" 2176
"../../../Engine/Shaders/Private/HairStrands/HairStrandsDebug.usf" 2177
"../../../Engine/Shaders/Private/HairShadingCommon.ush" 2178
"../../../Engine/Shaders/Private/PostProcessCommon.ush" 2179
"../../../Engine/Shaders/Private/ShadingModels.ush" 2180
"../../../Engine/Shaders/Private/CapsuleLight.ush" 2181
"../../../Engine/Shaders/Private/RectLight.ush" 2182
"../../../Engine/Shaders/Private/LightData.ush" 2183
"../../../Engine/Shaders/Shared/LightDefinitions.h" 2184
"../../../Engine/Shaders/Private/AreaLightCommon.ush" 2185
"../../../Engine/Shaders/Private/HairBsdf.ush" 2186
"../../../Engine/Shaders/Private/MobileGGX.ush" 2187
"../../../Engine/Shaders/Private/HairStrands/HairStrandsCommon.ush" 2188
"../../../Engine/Shaders/Private/HairStrands/HairStrandsEnvironmentLightingCommon.ush" 2189
"../../../Engine/Shaders/Private/HairStrands/HairStrandsDeepTransmittanceCommon.ush" 2190
"../../../Engine/Shaders/Private/HairStrands/HairStrandsDeepTransmittanceDualScattering.ush" 2191
"../../../Engine/Shaders/Private/HairStrands/HairStrandsDeepShadowCommon.ush" 2192
"../../../Engine/Shaders/Private/HairStrands/HairStrandsDebugCommonStruct.ush" 2193
"../../../Engine/Plugins/FX/Niagara/Shaders/Private/NiagaraVertexFactoryExport.usf" 2194
"../../../Engine/Shaders/Private/ComputeShaderUtils.ush" 2195
"../../../Engine/Shaders/Private/MaterialTemplate.ush" 2196
"../../../Engine/Shaders/Private/WorldSpaceMath.ush" 2197
"../../../Engine/Shaders/Private/EyeAdaptationCommon.ush" 2198
"../../../Engine/Shaders/Private/SobolRandom.ush" 2199
"../../../Engine/Shaders/Private/DepthOfFieldCommon.ush" 2200
"../../../Engine/Shaders/Private/CircleDOFCommon.ush" 2201
"../../../Engine/Shaders/Private/DistanceField/GlobalDistanceFieldShared.ush" 2202
"../../../Engine/Shaders/Private/PhysicsFieldSampler.ush" 2203
"../../../Engine/Shaders/Private/PhysicsFieldShared.ush" 2204
"../../../Engine/Shaders/Private/SparseVolumeTexture/SparseVolumeTextureCommon.ush" 2205
"../../../Engine/Shaders/Shared/EnvironmentComponentsFlags.h" 2206
"../../../Engine/Shaders/Private/MeshPaintTextureCommon.ush" 2207
"../../../Engine/Shaders/Private/VirtualTextureMaterial.ush" 2208
"../../../Engine/Shaders/Private/MaterialCache/MaterialCacheMaterialCommon.ush" 2209
"../../../Engine/Shaders/Private/MaterialCache/MaterialCacheABuffer.ush" 2210
"../../../Engine/Shaders/Private/SpeedTreeCommon.ush" 2211
"../../../Engine/Shaders/Private/VirtualTextureCommon.ush" 2212
"../../../Engine/Shaders/Private/MaterialTexture.ush" 2213
"../../../Engine/Shaders/Private/MinMaterialTexCoords.ush" 2214
"../../../Engine/Shaders/Private/SkyAtmosphereCommon.ush" 2215
"../../../Engine/Shaders/Private/SingleLayerWaterCommon.ush" 2216
"../../../Engine/Shaders/Private/TextureSampling.ush" 2217
"../../../Engine/Shaders/Private/PaniniProjection.ush" 2218
"../../../Engine/Shaders/Private/DBufferNormalReprojection.ush" 2219
"../../../Engine/Shaders/Public/SubstratePublic.ush" 2220
"../../../Engine/Shaders/Private/Substrate/SubstrateTree.ush" 2221
"../../../Engine/Shaders/Private/Substrate/SubstrateEvaluation.ush" 2222
"../../../Engine/Shaders/Private/Substrate/Glint/GlintThirdParty.ush" 2223
"../../../Engine/Shaders/Private/BlueNoise.ush" 2224
"../../../Engine/Shaders/Private/SHCommon.ush" 2225
"../../../Engine/Shaders/Private/ShadingModelsSampling.ush" 2226
"../../../Engine/Shaders/Private/HairStrands/HairBsdfSample.ush" 2227
"../../../Engine/Shaders/Private/Substrate/SubstrateLegacyConversion.ush" 2228
"../../../Engine/Shaders/Private/DBufferDecalShared.ush" 2229
"../../../Engine/Plugins/FX/Niagara/Shaders/Private/NiagaraSortKeyGen.usf" 2230
"../../../Engine/Plugins/FX/Niagara/Shaders/Private/NiagaraGPURayTracingTransforms.usf" 2231
"../../../Engine/Plugins/FX/Niagara/Shaders/Private/NiagaraDrawIndirectArgsGen.usf" 2232
"../../../Engine/Plugins/FX/Niagara/Shaders/Private/NiagaraDispatchIndirectArgsGen.usf" 2233
"../../../Engine/Plugins/FX/Niagara/Shaders/Private/Stateless/NiagaraStatelessSimulationDefault.usf" 2234
"../../../Engine/Plugins/FX/Niagara/Shaders/Private/Stateless/NiagaraStatelessSimulationTemplate.ush" 2235
"../../../Engine/Plugins/FX/Niagara/Shaders/Private/Stateless/NiagaraStatelessCommon.ush" 2236
"../../../Engine/Plugins/FX/Niagara/Shaders/Shared/NiagaraStatelessDefinitions.h" 2237
"../../../Engine/Plugins/FX/Niagara/Shaders/Shared/NiagaraStatelessBuiltDistribution.h" 2238
"../../../Engine/Plugins/FX/Niagara/Shaders/Private/Stateless/NiagaraStatelessDistribution.ush" 2239
"../../../Engine/Plugins/FX/Niagara/Shaders/Private/Stateless/Modules/NiagaraStatelessModule_CalculateAccurateVelocity.ush" 2240
"../../../Engine/Plugins/FX/Niagara/Shaders/Private/Stateless/Modules/NiagaraStatelessModule_CameraOffset.ush" 2241
"../../../Engine/Plugins/FX/Niagara/Shaders/Private/Stateless/Modules/NiagaraStatelessModule_DynamicMaterialParameters.ush" 2242
"../../../Engine/Plugins/FX/Niagara/Shaders/Private/Stateless/Modules/NiagaraStatelessModule_InitializeParticle.ush" 2243
"../../../Engine/Plugins/FX/Niagara/Shaders/Private/Stateless/Modules/NiagaraStatelessModule_InitialMeshOrientation.ush" 2244
"../../../Engine/Plugins/FX/Niagara/Shaders/Private/Stateless/Modules/NiagaraStatelessModule_MeshIndex.ush" 2245
"../../../Engine/Plugins/FX/Niagara/Shaders/Private/Stateless/Modules/NiagaraStatelessModule_MeshRotationRate.ush" 2246
"../../../Engine/Plugins/FX/Niagara/Shaders/Private/Stateless/Modules/NiagaraStatelessModule_RotateAroundPoint.ush" 2247
"../../../Engine/Plugins/FX/Niagara/Shaders/Private/Stateless/Modules/NiagaraStatelessModule_ShapeLocation.ush" 2248
"../../../Engine/Plugins/FX/Niagara/Shaders/Private/Stateless/Modules/NiagaraStatelessModule_ScaleColor.ush" 2249
"../../../Engine/Plugins/FX/Niagara/Shaders/Private/Stateless/Modules/NiagaraStatelessModule_ScaleRibbonWidth.ush" 2250
"../../../Engine/Plugins/FX/Niagara/Shaders/Private/Stateless/Modules/NiagaraStatelessModule_ScaleSpriteSize.ush" 2251
"../../../Engine/Plugins/FX/Niagara/Shaders/Private/Stateless/Modules/NiagaraStatelessModule_ScaleSpriteSizeBySpeed.ush" 2252
"../../../Engine/Plugins/FX/Niagara/Shaders/Private/Stateless/Modules/NiagaraStatelessModule_ScaleMeshSize.ush" 2253
"../../../Engine/Plugins/FX/Niagara/Shaders/Private/Stateless/Modules/NiagaraStatelessModule_ScaleMeshSizebySpeed.ush" 2254
"../../../Engine/Plugins/FX/Niagara/Shaders/Private/Stateless/Modules/NiagaraStatelessModule_SolveVelocitiesAndForces.ush" 2255
"../../../Engine/Plugins/FX/Niagara/Shaders/Private/Stateless/Modules/NiagaraStatelessModule_SpriteFacingAndAlignment.ush" 2256
"../../../Engine/Plugins/FX/Niagara/Shaders/Private/Stateless/Modules/NiagaraStatelessModule_SpriteRotationRate.ush" 2257
"../../../Engine/Plugins/FX/Niagara/Shaders/Private/Stateless/Modules/NiagaraStatelessModule_SubUVAnimation.ush" 2258
"../../../Engine/Plugins/FX/Niagara/Shaders/Private/NiagaraBlendSVTsToDenseBuffer.usf" 2259
"../../../Engine/Plugins/FX/Niagara/Shaders/Private/NiagaraSVTToDenseBuffer.usf" 2260
"../../../Engine/Plugins/FX/Niagara/Shaders/Private/NiagaraFillIntBuffer.usf" 2261
"../../../Engine/Plugins/FX/Niagara/Shaders/Private/NiagaraComputeFreeIDs.usf" 2262
"../../../Engine/Plugins/FX/Niagara/Shaders/Private/NiagaraInitFreeIDBuffer.usf" 2263
"../../../Engine/Plugins/FX/Niagara/Shaders/Private/NiagaraEmitterInstanceShader.usf" 2264
"../../../Engine/Plugins/FX/Niagara/Shaders/Private/NiagaraShaderVersion.ush" 2265
"../../../Engine/Plugins/FX/Niagara/Shaders/Private/NiagaraPhysicsCommon.ush" 2266
"../../../Engine/Plugins/FX/Niagara/Shaders/Private/Ribbons/NiagaraRibbonAggregationApply.usf" 2267
"../../../Engine/Plugins/FX/Niagara/Shaders/Private/Ribbons/NiagaraRibbonCommon.ush" 2268
"../../../Engine/Plugins/FX/Niagara/Shaders/Private/Ribbons/NiagaraRibbonAggregationStep.usf" 2269
"../../../Engine/Plugins/FX/Niagara/Shaders/Private/Ribbons/NiagaraRibbonGenerateIndices.usf" 2270
"../../../Engine/Plugins/FX/Niagara/Shaders/Private/Ribbons/NiagaraRibbonInitializeIndices.usf" 2271
"../../../Engine/Plugins/FX/Niagara/Shaders/Private/Ribbons/NiagaraRibbonRibbonUVParamCalculation.usf" 2272
"../../../Engine/Plugins/FX/Niagara/Shaders/Private/Ribbons/NiagaraRibbonVertexReductionFinalization.usf" 2273
"../../../Engine/Plugins/FX/Niagara/Shaders/Private/Ribbons/NiagaraRibbonVertexReductionInitialization.usf" 2274
"../../../Engine/Plugins/FX/Niagara/Shaders/Private/Ribbons/NiagaraRibbonSortParticles.usf" 2275
"../../../Engine/Plugins/FX/Niagara/Shaders/Private/NiagaraLWCHelper.usf" 2276
"../../../Engine/Plugins/FX/Niagara/Shaders/Private/NiagaraUpdateMeshGPUSceneInstances.usf" 2277
"../../../Engine/Shaders/Private/GPUScene/GPUSceneWriter.ush" 2278
"../../../Engine/Plugins/FX/Niagara/Shaders/Private/NiagaraGenerateMips.usf" 2279
"../../../Engine/Plugins/FX/Niagara/Shaders/Private/NiagaraDebugDraw.usf" 2280
"../../../Engine/Plugins/FX/Niagara/Shaders/Private/NiagaraDebugDraw.ush" 2281
"../../../Engine/Plugins/FX/Niagara/Shaders/Private/NiagaraVisualizeTexture.usf" 2282
"../../../Engine/Plugins/FX/Niagara/Shaders/Private/NiagaraClearCounts.usf" 2283
"../../../Engine/Plugins/FX/Niagara/Shaders/Private/NiagaraBatchedElements.usf" 2284
"../../../Engine/Plugins/FX/Niagara/Shaders/Private/NiagaraRayTracingShaders.usf" 2285
"../../../Engine/Plugins/FX/Niagara/Shaders/Private/NiagaraAsyncGpuTraceCommon.ush" 2286
"../../../Engine/Shaders/Private/HashTable.ush" 2287
"../../../Engine/Shaders/Private/Hash.ush" 2288
"../../../Engine/Shaders/Private/RayTracing/VFXTraceRay.ush" 2289
"../../../Engine/Plugins/FX/Niagara/Shaders/Private/NiagaraRayMarchingShaders.usf" 2290
"../../../Engine/Plugins/FX/Niagara/Shaders/Private/NiagaraRayTraceCollisionGroupShaders.usf" 2291
"../../../Engine/Plugins/FX/Niagara/Shaders/Private/NiagaraAsyncGpuTraceUtils.usf" 2292
"../../../Engine/Plugins/Runtime/ComputeFramework/Shaders/Private/ComputeKernel.usf" 2293
"../../../Engine/Plugins/Runtime/ComputeFramework/Shaders/Private/ComputeKernelCommon.ush" 2294
"../../../Engine/Plugins/NNE/NNEDenoiser/Shaders/NNEDenoiserShadersTransferFunctionOidn.usf" 2295
"../../../Engine/Plugins/NNE/NNEDenoiser/Shaders/NNEDenoiserShadersMappedCopy.usf" 2296
"../../../Engine/Plugins/NNE/NNEDenoiser/Shaders/NNEDenoiserShadersDefaultIOProcess.usf" 2297
"../../../Engine/Plugins/NNE/NNEDenoiser/Shaders/NNEDenoiserShadersAutoExposureReduceFinal.usf" 2298
"../../../Engine/Plugins/NNE/NNEDenoiser/Shaders/NNEDenoiserShadersAutoExposureReduce.usf" 2299
"../../../Engine/Plugins/NNE/NNEDenoiser/Shaders/NNEDenoiserShadersAutoExposureDownsample.usf" 2300
"../../../Engine/Plugins/Experimental/NFORDenoise/Shaders/NFORDenoise.usf" 2301
"../../../Engine/Plugins/Experimental/NFORDenoise/Shaders/NFORRegressionCommon.ush" 2302
"../../../Engine/Plugins/Experimental/NFORDenoise/Shaders/NFORRegression.ush" 2303
"../../../Engine/Shaders/Private/VirtualTextureAdapter.usf" 2304
"../../../Engine/Shaders/Private/BlockCompressionCommon.ush" 2305
"../../../Engine/Shaders/Private/BCCompressionCommon.ush" 2306
"../../../Engine/Shaders/Private/TranslucentLightingShaders.usf" 2307
"../../../Engine/Shaders/Private/CubemapCommon.ush" 2308
"../../../Engine/Shaders/Private/VectorFieldCompositeShaders.usf" 2309
"../../../Engine/Shaders/Private/UpdateTextureShaders.usf" 2310
"../../../Engine/Shaders/Private/StereoLayerShader.usf" 2311
"../../../Engine/Shaders/Private/SparseVolumeTexture/UpdateSparseVolumeTexture.usf" 2312
"../../../Engine/Shaders/Private/MorphTargets.usf" 2313
"../../../Engine/Shaders/Private/SimpleElementColorChannelMaskPixelShader.usf" 2314
"../../../Engine/Shaders/Private/SimpleElementHitProxyPixelShader.usf" 2315
"../../../Engine/Shaders/Private/SimpleElementPixelShader.usf" 2316
"../../../Engine/Shaders/Private/IESLightProfilesCommon.ush" 2317
"../../../Engine/Shaders/Private/SimpleElementVertexShader.usf" 2318
"../../../Engine/Shaders/Private/ScreenPixelShaderOES.usf" 2319
"../../../Engine/Shaders/Private/ScreenVertexShader.usf" 2320
"../../../Engine/Shaders/Private/ScreenPixelShader.usf" 2321
"../../../Engine/Shaders/Private/SSProfilePreIntegratedMobile.usf" 2322
"../../../Engine/Shaders/Private/SpecularProfile.usf" 2323
"../../../Engine/Shaders/Private/Nanite/NaniteStreaming.usf" 2324
"../../../Engine/Shaders/Private/Nanite/NaniteStreaming.ush" 2325
"../../../Engine/Shaders/Private/Nanite/NaniteTranscode.usf" 2326
"../../../Engine/Shaders/Private/VolumetricLightmapStreaming.usf" 2327
"../../../Engine/Shaders/Private/PhysicsFieldReset.usf" 2328
"../../../Engine/Shaders/Private/PhysicsFieldBuilder.usf" 2329
"../../../Engine/Shaders/Private/PhysicsFieldEval.ush" 2330
"../../../Engine/Shaders/Private/ParticleSortKeyGen.usf" 2331
"../../../Engine/Shaders/Private/ParticleBoundsShader.usf" 2332
"../../../Engine/Shaders/Private/ParticleSimVisualizeShader.usf" 2333
"../../../Engine/Shaders/Private/ParticleInjectionShader.usf" 2334
"../../../Engine/Shaders/Private/ParticleSimulationShader.usf" 2335
"../../../Engine/Shaders/Private/ParticleCurveInjectionShader.usf" 2336
"../../../Engine/Shaders/Private/CopyUIntBuffer.usf" 2337
"../../../Engine/Shaders/Private/RadixSortShaders.usf" 2338
"../../../Engine/Shaders/Private/RecomputeTangentsPerVertexPass.usf" 2339
"../../../Engine/Shaders/Private/RecomputeTangentsCommon.ush" 2340
"../../../Engine/Shaders/Private/RecomputeTangentsPerTrianglePass.usf" 2341
"../../../Engine/Shaders/Private/GpuSkinCacheComputeShader.usf" 2342
"../../../Engine/Shaders/Private/HeightFieldAtlasManagement.usf" 2343
"../../../Engine/Shaders/Private/Landscape/LandscapeEditLayersUtils.usf" 2344
"../../../Engine/Shaders/Private/Landscape/LandscapeCommon.ush" 2345
"../../../Engine/Shaders/Private/Landscape/LandscapeEditLayersWeightmaps.usf" 2346
"../../../Engine/Shaders/Private/Landscape/LandscapeEditLayersHeightmaps.usf" 2347
"../../../Engine/Shaders/Private/Landscape/LandscapeLayersWeightmapsPS.usf" 2348
"../../../Engine/Shaders/Private/Landscape/LandscapeLayersHeightmapsPS.usf" 2349
"../../../Engine/Shaders/Private/LandscapeLayersCS.usf" 2350
"../../../Engine/Shaders/Private/LandscapeLayersPS.usf" 2351
"../../../Engine/Shaders/Private/LandscapeLayersVS.usf" 2352
"../../../Engine/Shaders/Private/LandscapePhysicalMaterial.usf" 2353
"../../../Engine/Shaders/Private/LandscapeGrassWeight.usf" 2354
"../../../Engine/Shaders/Private/Landscape/LandscapeCulling.usf" 2355
"../../../Engine/Shaders/Private/Nanite/NaniteHZBCull.ush" 2356
"../../../Engine/Shaders/Private/HZB.ush" 2357
"../../../Engine/Shaders/Private/Landscape/LandscapeMergeTexturesPS.usf" 2358
"../../../Engine/Shaders/Private/WideCustomResolveShaders.usf" 2359
"../../../Engine/Shaders/Private/WideCustomResolve_Wide.ush" 2360
"../../../Engine/Shaders/Private/WideCustomResolve_Wider.ush" 2361
"../../../Engine/Shaders/Private/WideCustomResolve_Widest.ush" 2362
"../../../Engine/Shaders/Private/WaterInfoTextureBlur.usf" 2363
"../../../Engine/Shaders/Private/WaterInfoTextureMerge.usf" 2364
"../../../Engine/Shaders/Private/PageTableUpdate.usf" 2365
"../../../Engine/Shaders/Private/VirtualTextureCompress.usf" 2366
"../../../Engine/Shaders/Private/ASTCCompressionCommon.ush" 2367
"../../../Engine/Shaders/Private/IntegerSequenceEncoding.ush" 2368
"../../../Engine/Shaders/Private/ETCCompressionCommon.ush" 2369
"../../../Engine/Shaders/Private/VirtualTextureMaterial.usf" 2370
"../../../Engine/Shaders/Private/PixelShaderOutputCommon.ush" 2371
"../../../Engine/Shaders/Private/ShaderOutputCommon.ush" 2372
"../../../Engine/Shaders/Private/VolumetricRenderTarget.usf" 2373
"../../../Engine/Shaders/Private/HeightFogCommon.ush" 2374
"../../../Engine/Shaders/Private/LocalFogVolumes/LocalFogVolumeCommon.ush" 2375
"../../../Engine/Shaders/Private/ReflectionEnvironmentShared.ush" 2376
"../../../Engine/Shaders/Private/VolumetricFogVoxelization.usf" 2377
"../../../Engine/Shaders/Private/VolumetricCloudMaterialPixelCommon.ush" 2378
"../../../Engine/Shaders/Private/VolumetricFogLightFunction.usf" 2379
"../../../Engine/Shaders/Private/LightFunctionCommon.ush" 2380
"../../../Engine/Shaders/Private/VolumetricFog.usf" 2381
"../../../Engine/Shaders/Private/DeferredLightingCommon.ush" 2382
"../../../Engine/Shaders/Private/DynamicLightingCommon.ush" 2383
"../../../Engine/Shaders/Private/CapsuleLightIntegrate.ush" 2384
"../../../Engine/Shaders/Private/CapsuleLightSampling.ush" 2385
"../../../Engine/Shaders/Private/RectLightIntegrate.ush" 2386
"../../../Engine/Shaders/Private/ScreenSpaceShadowRayCast.ush" 2387
"../../../Engine/Shaders/Private/LightFunctionAtlas/LightFunctionAtlasCommon.usf" 2388
"../../../Engine/Shaders/Private/HeterogeneousVolumes/HeterogeneousVolumesAdaptiveVolumetricShadowMapSampling.ush" 2389
"../../../Engine/Shaders/Private/HeterogeneousVolumes/HeterogeneousVolumesAdaptiveVolumetricShadowMapUtils.ush" 2390
"../../../Engine/Shaders/Private/HeterogeneousVolumes/HeterogeneousVolumesRayMarchingUtils.ush" 2391
"../../../Engine/Shaders/Private/HeterogeneousVolumes/HeterogeneousVolumesRayMarchingTypes.ush" 2392
"../../../Engine/Shaders/Private/PathTracing/Utilities/PathTracingRandomSequence.ush" 2393
"../../../Engine/Shaders/Private/HeterogeneousVolumes/HeterogeneousVolumesTracingUtils.ush" 2394
"../../../Engine/Shaders/Private/VelocityCommon.ush" 2395
"../../../Engine/Shaders/Private/HeterogeneousVolumes/HeterogeneousVolumesTransmittanceVolumeUtils.ush" 2396
"../../../Engine/Shaders/Private/ForwardShadowingCommon.ush" 2397
"../../../Engine/Shaders/Private/ShadowFilteringCommon.ush" 2398
"../../../Engine/Shaders/Private/PixelQuadMessagePassing.ush" 2399
"../../../Engine/Shaders/Private/VolumeLightingCommon.ush" 2400
"../../../Engine/Shaders/Private/ShadowProjectionCommon.ush" 2401
"../../../Engine/Shaders/Private/VolumeLightingCommonSampling.ush" 2402
"../../../Engine/Shaders/Private/Lumen/LumenTranslucencyVolumeShared.ush" 2403
"../../../Engine/Shaders/Private/Lumen/LumenRadianceCacheInterpolation.ush" 2404
"../../../Engine/Shaders/Private/HeterogeneousVolumes/HeterogeneousVolumesAdaptiveVolumetricShadowMapSampler.ush" 2405
"../../../Engine/Shaders/Private/LightGridCommon.ush" 2406
"../../../Engine/Shaders/Private/DistanceFieldAOShared.ush" 2407
"../../../Engine/Shaders/Private/IntersectionUtils.ush" 2408
"../../../Engine/Shaders/Private/VolumetricLightmapShared.ush" 2409
"../../../Engine/Shaders/Private/LightDataUniforms.ush" 2410
"../../../Engine/Shaders/Private/VirtualShadowMaps/VirtualShadowMapProjectionCommon.ush" 2411
"../../../Engine/Shaders/Private/VirtualShadowMaps/VirtualShadowMapPageAccessCommon.ush" 2412
"../../../Engine/Shaders/Shared/VirtualShadowMapDefinitions.h" 2413
"../../../Engine/Shaders/Shared/HLSLMathAliases.h" 2414
"../../../Engine/Shaders/Private/VirtualShadowMaps/VirtualShadowMapProjectionStructs.ush" 2415
"../../../Engine/Shaders/Private/VolumetricCloudCommon.ush" 2416
"../../../Engine/Shaders/Private/VolumetricCloud.usf" 2417
"../../../Engine/Shaders/Private/VisualizeVolumetricLightmap.usf" 2418
"../../../Engine/Shaders/Private/VirtualShadowMaps/VirtualShadowMapProjectionComposite.usf" 2419
"../../../Engine/Shaders/Private/LightShaderParameters.ush" 2420
"../../../Engine/Shaders/Private/VirtualShadowMaps/VirtualShadowMapMaskBitsCommon.ush" 2421
"../../../Engine/Shaders/Private/VirtualShadowMaps/VirtualShadowMapLightGrid.ush" 2422
"../../../Engine/Shaders/Private/VirtualShadowMaps/VirtualShadowMapProjection.usf" 2423
"../../../Engine/Shaders/Private/Visualization.ush" 2424
"../../../Engine/Shaders/Private/VirtualShadowMaps/VirtualShadowMapProjectionFilter.ush" 2425
"../../../Engine/Shaders/Private/VirtualShadowMaps/VirtualShadowMapProjectionDirectional.ush" 2426
"../../../Engine/Shaders/Private/VirtualShadowMaps/VirtualShadowMapSMRTCommon.ush" 2427
"../../../Engine/Shaders/Private/VirtualShadowMaps/VirtualShadowMapSMRTTemplate.ush" 2428
"../../../Engine/Shaders/Private/VirtualShadowMaps/VirtualShadowMapProjectionSpot.ush" 2429
"../../../Engine/Shaders/Private/VirtualShadowMaps/VirtualShadowMapTransmissionCommon.ush" 2430
"../../../Engine/Shaders/Private/VirtualShadowMaps/VirtualShadowMapScreenRayTrace.ush" 2431
"../../../Engine/Shaders/Private/VirtualShadowMaps/VirtualShadowMapStats.ush" 2432
"../../../Engine/Shaders/Private/HairStrands/HairStrandsVoxelPageCommon.ush" 2433
"../../../Engine/Shaders/Private/HairStrands/HairStrandsVoxelPageTraversal.ush" 2434
"../../../Engine/Shaders/Private/VirtualShadowMaps/VirtualShadowMapCacheGPUInvalidation.usf" 2435
"../../../Engine/Shaders/Private/VirtualShadowMaps/VirtualShadowMapPageCacheCommon.ush" 2436
"../../../Engine/Shaders/Private/VirtualShadowMaps/VirtualShadowMapCacheInvalidation.ush" 2437
"../../../Engine/Shaders/Private/VirtualShadowMaps/VirtualShadowMapPageOverlap.ush" 2438
"../../../Engine/Shaders/Private/ScreenSpaceDenoise/SSDDefinitions.ush" 2439
"../../../Engine/Shaders/Private/InstanceCulling/InstanceCullingLoadBalancer.ush" 2440
"../../../Engine/Shaders/Private/VirtualShadowMaps/VirtualShadowMapCacheLoadBalancer.usf" 2441
"../../../Engine/Shaders/Private/VirtualShadowMaps/VirtualShadowMapCopyStats.usf" 2442
"../../../Engine/Shaders/Private/VirtualShadowMaps/VirtualShadowMapDebug.usf" 2443
"../../../Engine/Shaders/Private/VirtualShadowMaps/Desaturate.usf" 2444
"../../../Engine/Shaders/Private/VirtualShadowMaps/VirtualShadowMapPhysicalPageManagement.usf" 2445
"../../../Engine/Shaders/Private/ReductionCommon.ush" 2446
"../../../Engine/Shaders/Private/GPUMessaging.ush" 2447
"../../../Engine/Shaders/Private/VirtualShadowMaps/VirtualShadowMapPerPageDispatch.ush" 2448
"../../../Engine/Shaders/Private/VirtualShadowMaps/VirtualShadowMapCompactViews.usf" 2449
"../../../Engine/Shaders/Shared/SceneCullingDefinitions.h" 2450
"../../../Engine/Shaders/Private/VirtualShadowMaps/VirtualShadowMapBuildPerPageDrawCommands.usf" 2451
"../../../Engine/Shaders/Private/Nanite/NaniteCullingCommon.ush" 2452
"../../../Engine/Shaders/Private/Nanite/NaniteCulling.ush" 2453
"../../../Engine/Shaders/Private/Nanite/NaniteHierarchyTraversalCommon.ush" 2454
"../../../Engine/Shaders/Private/InstanceCulling/InstanceCullingCommon.ush" 2455
"../../../Engine/Shaders/Shared/InstanceCullingDefinitions.h" 2456
"../../../Engine/Shaders/Private/VirtualShadowMaps/VirtualShadowMapPrintStats.usf" 2457
"../../../Engine/Shaders/Private/VirtualShadowMaps/VirtualShadowMapPageManagement.usf" 2458
"../../../Engine/Shaders/Private/VirtualShadowMaps/VirtualShadowMapPageMarking.usf" 2459
"../../../Engine/Shaders/Shared/SingleLayerWaterDefinitions.h" 2460
"../../../Engine/Shaders/Private/HairStrands/HairStrandsTileCommon.ush" 2461
"../../../Engine/Shaders/Private/Froxel/Froxel.ush" 2462
"../../../Engine/Shaders/Shared/FroxelDefinitions.h" 2463
"../../../Engine/Shaders/Private/DiaphragmDOF/DOFCommon.ush" 2464
"../../../Engine/Shaders/Private/VariableRateShading/VRSShadingRatePreview.usf" 2465
"../../../Engine/Shaders/Private/VariableRateShading/VRSShadingRateCommon.ush" 2466
"../../../Engine/Shaders/Private/VariableRateShading/VRSShadingRateCombine.usf" 2467
"../../../Engine/Shaders/Private/VariableRateShading/VRSShadingRateFoveated.usf" 2468
"../../../Engine/Shaders/Private/VariableRateShading/VRSShadingRateReproject.usf" 2469
"../../../Engine/Shaders/Private/VariableRateShading/VRSShadingRateCalculate.usf" 2470
"../../../Engine/Shaders/Private/TranslucencyUpsampling.usf" 2471
"../../../Engine/Shaders/Private/ComposeSeparateTranslucency.usf" 2472
"../../../Engine/Shaders/Private/SeparateTranslucency.ush" 2473
"../../../Engine/Shaders/Private/TranslucentLightInjectionShaders.usf" 2474
"../../../Engine/Shaders/Private/TranslucentShadowDepthShaders.usf" 2475
"../../../Engine/Shaders/Private/ShadowDepthCommon.ush" 2476
"../../../Engine/Shaders/Private/RayTracing/RayTracingTest.usf" 2477
"../../../Engine/Shaders/Private/PostprocessSubsurfaceTile.usf" 2478
"../../../Engine/Shaders/Private/PostProcessSubsurfaceCommon.ush" 2479
"../../../Engine/Shaders/Private/Substrate/SubstrateVisualize.usf" 2480
"../../../Engine/Shaders/Private/Substrate/SubstrateTile.ush" 2481
"../../../Engine/Shaders/Shared/SubstrateVisualizeDefinitions.h" 2482
"../../../Engine/Shaders/Private/Substrate/SubstrateVisualizeCommon.ush" 2483
"../../../Engine/Shaders/Private/SkyLightingDiffuseShared.ush" 2484
"../../../Engine/Shaders/Private/SkyLightingShared.ush" 2485
"../../../Engine/Shaders/Private/ClearCoatCommon.ush" 2486
"../../../Engine/Shaders/Private/ReflectionEnvironmentComposite.ush" 2487
"../../../Engine/Shaders/Private/Substrate/SubstrateLightingCommon.ush" 2488
"../../../Engine/Shaders/Private/Substrate/SubstrateRoughRefraction.usf" 2489
"../../../Engine/Shaders/Private/PathTracing/Material/PathTracingFresnel.ush" 2490
"../../../Engine/Shaders/Private/PathTracing/Material/PathTracingGlossy.ush" 2491
"../../../Engine/Shaders/Private/Substrate/SubstrateMaterialSampling.usf" 2492
"../../../Engine/Shaders/Private/Substrate/SubstrateMaterialSampling.ush" 2493
"../../../Engine/Shaders/Private/Lumen/LumenPosition.ush" 2494
"../../../Engine/Shaders/Private/Substrate/SubstrateTile.usf" 2495
"../../../Engine/Shaders/Private/Substrate/SubstrateMaterialClassification.usf" 2496
"../../../Engine/Shaders/Private/Substrate/SubstrateDBuffer.usf" 2497
"../../../Engine/Shaders/Private/StochasticLighting/StochasticLightingDenoising.usf" 2498
"../../../Engine/Shaders/Private/Lumen/LumenMaterial.ush" 2499
"../../../Engine/Shaders/Private/StochasticLighting/StochasticLightingCommon.ush" 2500
"../../../Engine/Shaders/Private/SplineMeshSceneTexture.usf" 2501
"../../../Engine/Shaders/Private/SparseVolumeTexture/VisualizeSparseVolumeTexture.usf" 2502
"../../../Engine/Shaders/Private/SkyAtmosphere.usf" 2503
"../../../Engine/Shaders/Private/Skinning/SkinnedMeshDebug.usf" 2504
"../../../Engine/Shaders/Private/Skinning/AnimBankEval.usf" 2505
"../../../Engine/Shaders/Private/SingleLayerWaterComposite.usf" 2506
"../../../Engine/Shaders/Private/Froxel/FroxelBuild.ush" 2507
"../../../Engine/Shaders/Private/SingleLayerWaterRefractionCulling.usf" 2508
"../../../Engine/Shaders/Private/ScreenSpaceShadows.usf" 2509
"../../../Engine/Shaders/Private/bend_sss_gpu.ush" 2510
"../../../Engine/Shaders/Private/ShadowFactorsUpsampleCommon.ush" 2511
"../../../Engine/Shaders/Private/FirstPersonSelfShadow.usf" 2512
"../../../Engine/Shaders/Private/HZBTracing.ush" 2513
"../../../Engine/Shaders/Private/ShadowProjectionVertexShader.usf" 2514
"../../../Engine/Shaders/Private/ShadowProjectionPixelShader.usf" 2515
"../../../Engine/Shaders/Private/MobileLightingCommon.ush" 2516
"../../../Engine/Shaders/Private/PlanarReflectionShared.ush" 2517
"../../../Engine/Shaders/Private/MobileSSR.ush" 2518
"../../../Engine/Shaders/Private/SSRT/SSRTRayCast.ush" 2519
"../../../Engine/Shaders/Private/ShadowPercentageCloserFiltering.ush" 2520
"../../../Engine/Shaders/Private/TransmissionThickness.ush" 2521
"../../../Engine/Shaders/Private/CopyShadowMaps.usf" 2522
"../../../Engine/Shaders/Private/ShadowDepthPixelShader.usf" 2523
"../../../Engine/Shaders/Private/ShadowDepthVertexShader.usf" 2524
"../../../Engine/Shaders/Private/ShadingEnergyConservationTable.usf" 2525
"../../../Engine/Shaders/Shared/PathTracingDefinitions.h" 2526
"../../../Engine/Shaders/Private/ShadingFurnaceTest.usf" 2527
"../../../Engine/Shaders/Private/Substrate/SubstrateDeferredLighting.ush" 2528
"../../../Engine/Shaders/Private/ShaderPrintDraw.usf" 2529
"../../../Engine/Shaders/Private/ShaderPrintDrawPrimitive.usf" 2530
"../../../Engine/Shaders/Private/DefaultSSRTiles.usf" 2531
"../../../Engine/Shaders/Private/ScreenSpaceReflectionTileCommons.ush" 2532
"../../../Engine/Shaders/Private/SSRT/SSRTDiffuseIndirect.usf" 2533
"../../../Engine/Shaders/Private/SSRT/SSRTTileClassificationBuffer.ush" 2534
"../../../Engine/Shaders/Private/SSRT/SSRTReflections.usf" 2535
"../../../Engine/Shaders/Private/ScreenSpaceDenoise/SSDPublic.ush" 2536
"../../../Engine/Shaders/Private/SSRT/SSRTTileClassification.usf" 2537
"../../../Engine/Shaders/Private/SSRT/SSRTPrevFrameReduction.usf" 2538
"../../../Engine/Shaders/Private/ScreenSpaceDenoise/SSDComposeHarmonics.usf" 2539
"../../../Engine/Shaders/Private/ScreenSpaceDenoise/SSDPublicHarmonics.ush" 2540
"../../../Engine/Shaders/Private/ScreenSpaceDenoise/SSDSignalFramework.ush" 2541
"../../../Engine/Shaders/Private/ScreenSpaceDenoise/SSDCommon.ush" 2542
"../../../Engine/Shaders/Private/SphericalGaussian.ush" 2543
"../../../Engine/Shaders/Public/WaveBroadcastIntrinsics.ush" 2544
"../../../Engine/Shaders/Private/ScreenSpaceDenoise/SSDMetadata.ush" 2545
"../../../Engine/Shaders/Private/ScreenSpaceDenoise/SSDSignalCore.ush" 2546
"../../../Engine/Shaders/Private/ScreenSpaceDenoise/DenoisingCommon.ush" 2547
"../../../Engine/Shaders/Private/ScreenSpaceDenoise/SSDSignalArray.ush" 2548
"../../../Engine/Shaders/Private/ScreenSpaceDenoise/SSDSignalBufferEncoding.ush" 2549
"../../../Engine/Shaders/Private/ScreenSpaceDenoise/SSDPublicBufferEncoding.ush" 2550
"../../../Engine/Shaders/Private/Lumen/LumenBufferEncoding.ush" 2551
"../../../Engine/Shaders/Private/ScreenSpaceDenoise/SSDTemporalAccumulation.usf" 2552
"../../../Engine/Shaders/Private/ScreenSpaceDenoise/SSDSpatialKernel.ush" 2553
"../../../Engine/Shaders/Private/ScreenSpaceDenoise/SSDSignalAccumulatorArray.ush" 2554
"../../../Engine/Shaders/Private/ScreenSpaceDenoise/SSDSignalAccumulator.ush" 2555
"../../../Engine/Shaders/Private/ScreenSpaceDenoise/SSDSignalCompression.ush" 2556
"../../../Engine/Shaders/Private/ScreenSpaceDenoise/SSDSpatialAccumulation.usf" 2557
"../../../Engine/Shaders/Private/ScreenSpaceDenoise/SSDInjest.usf" 2558
"../../../Engine/Shaders/Private/ScreenSpaceDenoise/SSDCompressMetadata.usf" 2559
"../../../Engine/Shaders/Private/DownsampleDepthPixelShader.usf" 2560
"../../../Engine/Shaders/Private/ScreenPass.usf" 2561
"../../../Engine/Shaders/Private/HZB.usf" 2562
"../../../Engine/Shaders/Private/OcclusionFeedbackShaders.usf" 2563
"../../../Engine/Shaders/Private/HZBOcclusion.usf" 2564
"../../../Engine/Shaders/Private/OcclusionQueryPixelShader.usf" 2565
"../../../Engine/Shaders/Private/OcclusionQueryVertexShader.usf" 2566
"../../../Engine/Shaders/Private/HitProxyCopy.usf" 2567
"../../../Engine/Shaders/Private/HitProxyPixelShader.usf" 2568
"../../../Engine/Shaders/Private/HitProxyVertexShader.usf" 2569
"../../../Engine/Shaders/Private/SceneCulling/SceneCullingDebugRender.usf" 2570
"../../../Engine/Shaders/Private/SceneCulling/SceneCulling.ush" 2571
"../../../Engine/Shaders/Private/SceneCulling/SceneCullingBuildExplicitBounds.usf" 2572
"../../../Engine/Shaders/Private/SceneCapturePixelShader.usf" 2573
"../../../Engine/Shaders/Private/RendererUtils.usf" 2574
"../../../Engine/Shaders/Private/RTWriteMaskDecode.usf" 2575
"../../../Engine/Shaders/Private/ReflectionEnvironmentShaders.usf" 2576
"../../../Engine/Shaders/Private/RectLightAtlas.usf" 2577
"../../../Engine/Shaders/Private/RayTracing/TraceRayInlineStatistics.usf" 2578
"../../../Engine/Shaders/Private/RayTracing/CompositeSkyLightPS.usf" 2579
"../../../Engine/Shaders/Private/RayTracing/GenerateSkyLightVisibilityRaysCS.usf" 2580
"../../../Engine/Shaders/Private/RayTracing/RayTracingSkyLightCommon.ush" 2581
"../../../Engine/Shaders/Private/RayTracing/SkyLightVisibilityRaysData.ush" 2582
"../../../Engine/Shaders/Private/Raytracing/RaytracingSkylightRGS.usf" 2583
"../../../Engine/Shaders/Private/HairStrands/HairStrandsRaytracing.ush" 2584
"../../../Engine/Shaders/Private/Raytracing/RayTracingSkyLightEvaluation.ush" 2585
"../../../Engine/Shaders/Private/Raytracing/RayTracingDeferredShadingCommon.ush" 2586
"../../../Engine/Shaders/Private/RayTracing/RayTracingOcclusionRGS.usf" 2587
"../../../Engine/Shaders/Private/RayTracing/RayTracingDirectionalLight.ush" 2588
"../../../Engine/Shaders/Private/RayTracing/RayTracingRectLight.ush" 2589
"../../../Engine/Shaders/Private/RayTracing/RayTracingSphereLight.ush" 2590
"../../../Engine/Shaders/Private/RayTracing/RayTracingCapsuleLight.ush" 2591
"../../../Engine/Shaders/Private/Raytracing/RayTracingFeedback.usf" 2592
"../../../Engine/Shaders/Shared/RayTracingDebugTypes.h" 2593
"../../../Engine/Shaders/Private/RayTracing/RayTracingPrimaryRays.usf" 2594
"../../../Engine/Shaders/Private/RayTracing/RayTracingLightingCommon.ush" 2595
"../../../Engine/Shaders/Private/RayTracing/RayTracingLightCullingCommon.ush" 2596
"../../../Engine/Shaders/Private/RayTracing/RayTracingMaterialDefaultHitShaders.usf" 2597
"../../../Engine/Shaders/Private/RayTracing/RayTracingMaterialHitShaders.usf" 2598
"../../../Engine/Shaders/Private/RayTracing/RayTracingShaderUtils.ush" 2599
"../../../Engine/Shaders/Private/RayTracing/RayTracingCalcInterpolants.ush" 2600
"../../../Engine/Shaders/Private/LightmapCommon.ush" 2601
"../../../Engine/Shaders/Private/Lumen/LumenHardwareRayTracingPayloadCommon.ush" 2602
"../../../Engine/Shaders/Shared/LumenDefinitions.h" 2603
"../../../Engine/Shaders/Private/Substrate/SubstrateExport.ush" 2604
"../../../Engine/Shaders/Private/RayTracing/RayTracingLightingMS.usf" 2605
"../../../Engine/Shaders/Private/Lumen/LumenDiffuseColorBoost.ush" 2606
"../../../Engine/Shaders/Private/RayTracing/RayTracingLightFunctionCommon.ush" 2607
"../../../Engine/Shaders/Private/RayTracing/RayTracingBuildLightGrid.usf" 2608
"../../../Engine/Shaders/Private/Raytracing/RayTracingInstanceBufferUtil.usf" 2609
"../../../Engine/Shaders/Private/RayTracing/RayTracingDynamicMesh.usf" 2610
"../../../Engine/Shaders/Private/RayTracing/RayTracingDefaultDecalHitShader.usf" 2611
"../../../Engine/Shaders/Private/RayTracing/RayTracingDecalMaterialShader.usf" 2612
"../../../Engine/Shaders/Private/PathTracing/PathTracingShaderUtils.ush" 2613
"../../../Engine/Shaders/Private/PathTracing/PathTracingCommon.ush" 2614
"../../../Engine/Shaders/Private/PathTracing/Material/PathTracingMaterialCommon.ush" 2615
"../../../Engine/Shaders/Private/PathTracing/Utilities/PathTracingRIS.ush" 2616
"../../../Engine/Shaders/Private/RayTracing/RayTracingBuildDecalGrid.usf" 2617
"../../../Engine/Shaders/Private/RayTracing/RayTracingDebugHitStatsUtils.usf" 2618
"../../../Engine/Shaders/Private/RayTracing/RayTracingDebugInstanceOverlap.usf" 2619
"../../../Engine/Shaders/Private/RayTracing/RayTracingDebugPicking.usf" 2620
"../../../Engine/Shaders/Private/RayTracing/RayTracingDebugUtils.ush" 2621
"../../../Engine/Shaders/Private/RayTracing/RayTracingDebugTraversal.usf" 2622
"../../../Engine/Shaders/Private/RayTracing/RayTracingDeferredMaterials.ush" 2623
"../../../Engine/Shaders/Shared/ThirdParty/AMD/ags_shader_intrinsics_dx12.h" 2624
"../../../Engine/Shaders/Shared/RayTracingDebugDefinitions.h" 2625
"../../../Engine/Shaders/Private/RayTracing/RayTracingDebugHitStatsCHS.usf" 2626
"../../../Engine/Shaders/Private/RayTracing/RayTracingDebugHitStats.usf" 2627
"../../../Engine/Shaders/Private/RayTracing/RayTracingDebugMS.usf" 2628
"../../../Engine/Shaders/Private/RayTracing/RayTracingDebugCHS.usf" 2629
"../../../Engine/Shaders/Private/RayTracing/RayTracingDebug.usf" 2630
"../../../Engine/Shaders/Private/RayTracing/RayTracingBuiltInShaders.usf" 2631
"../../../Engine/Shaders/Private/RayTracing/RayTracingBarycentrics.usf" 2632
"../../../Engine/Shaders/Private/RayTracing/RayTracingAmbientOcclusionRGS.usf" 2633
"../../../Engine/Shaders/Private/VisualizeShadingModels.usf" 2634
"../../../Engine/Shaders/Private/MotionBlur/VisualizeMotionVectors.usf" 2635
"../../../Engine/Shaders/Private/TemporalSuperResolution/TSRVisualize.usf" 2636
"../../../Engine/Shaders/Private/TemporalSuperResolution/TSRColorSpace.ush" 2637
"../../../Engine/Shaders/Private/TemporalSuperResolution/TSRCommon.ush" 2638
"../../../Engine/Shaders/Public/DualPixelVectorization.ush" 2639
"../../../Engine/Shaders/Private/TemporalSuperResolution/TSRReprojectionField.ush" 2640
"../../../Engine/Shaders/Private/TemporalSuperResolution/TSRResolveHistory.usf" 2641
"../../../Engine/Shaders/Private/TemporalSuperResolution/TSRConvolutionNetwork.ush" 2642
"../../../Engine/Shaders/Private/TemporalSuperResolution/TSRKernels.ush" 2643
"../../../Engine/Shaders/Public/LaneVectorization.ush" 2644
"../../../Engine/Shaders/Private/TemporalSuperResolution/TSRUpdateHistory.usf" 2645
"../../../Engine/Shaders/Private/TemporalSuperResolution/TSRSpatialAntiAliasing.ush" 2646
"../../../Engine/Shaders/Private/TemporalSuperResolution/TSRSpatialAntiAliasing.usf" 2647
"../../../Engine/Shaders/Private/TemporalSuperResolution/TSRRejectShading.usf" 2648
"../../../Engine/Shaders/Private/TemporalSuperResolution/TSRShadingAnalysis.ush" 2649
"../../../Engine/Shaders/Private/TemporalSuperResolution/TSRConvolutionNetworkPass.ush" 2650
"../../../Engine/Shaders/Private/TemporalSuperResolution/TSRDecimateHistory.usf" 2651
"../../../Engine/Shaders/Private/TemporalSuperResolution/TSRDepthVelocityAnalysis.ush" 2652
"../../../Engine/Shaders/Private/TemporalSuperResolution/TSRClosestOccluder.ush" 2653
"../../../Engine/Shaders/Private/TemporalSuperResolution/TSRWeightRelaxation.usf" 2654
"../../../Engine/Shaders/Private/TemporalSuperResolution/TSRThinGeometryCommon.ush" 2655
"../../../Engine/Shaders/Private/TemporalSuperResolution/TSRDetectThinGeometry.usf" 2656
"../../../Engine/Shaders/Private/TemporalSuperResolution/TSRDilateVelocity.usf" 2657
"../../../Engine/Shaders/Private/MotionBlur/MotionBlurVelocityFlatten.ush" 2658
"../../../Engine/Shaders/Private/MotionBlur/MotionBlurCommon.ush" 2659
"../../../Engine/Shaders/Private/TemporalSuperResolution/TSRClearPrevTextures.usf" 2660
"../../../Engine/Shaders/Private/TemporalSuperResolution/TSRMeasureCoverage.usf" 2661
"../../../Engine/Shaders/Private/TemporalSuperResolution/TSRMeasureFlickeringLuma.usf" 2662
"../../../Engine/Shaders/Private/TemporalAA.usf" 2663
"../../../Engine/Shaders/Private/FilterPixelShader.usf" 2664
"../../../Engine/Shaders/Private/FilterVertexShader.usf" 2665
"../../../Engine/Shaders/Private/VisualizeVirtualTexture.usf" 2666
"../../../Engine/Shaders/Private/PostProcessVisualizeBuffer.usf" 2667
"../../../Engine/Shaders/Private/PostProcessVisualizeLocalExposure.usf" 2668
"../../../Engine/Shaders/Private/PostProcessHistogramCommon.ush" 2669
"../../../Engine/Shaders/Private/TonemapCommon.ush" 2670
"../../../Engine/Shaders/Private/ACES/ACESCommon.ush" 2671
"../../../Engine/Shaders/Private/ACES/ACESOutputTransform.ush" 2672
"../../../Engine/Shaders/Private/ACES/ACESUtilities.ush" 2673
"../../../Engine/Shaders/Private/ACES/ACESTonescale.ush" 2674
"../../../Engine/Shaders/Private/ACES/ACESDisplayEncoding.ush" 2675
"../../../Engine/Shaders/Private/ACES/ACES_v1.3.ush" 2676
"../../../Engine/Shaders/Private/PostProcessVisualizeLevelInstance.usf" 2677
"../../../Engine/Shaders/Private/PostProcessVisualizeHDR.usf" 2678
"../../../Engine/Shaders/Private/ShaderComplexityApplyPixelShader.usf" 2679
"../../../Engine/Shaders/Private/QuadOverdraw.ush" 2680
"../../../Engine/Shaders/Private/PostProcessUpscale.usf" 2681
"../../../Engine/Shaders/Private/PostProcessTonemap.usf" 2682
"../../../Engine/Shaders/Private/PostProcessing/FilmGrainPackConstants.usf" 2683
"../../../Engine/Shaders/Private/PostProcessing/FilmGrainReduce.usf" 2684
"../../../Engine/Shaders/Private/PostProcessTestImage.usf" 2685
"../../../Engine/Shaders/Private/PostProcessSubsurface.usf" 2686
"../../../Engine/Shaders/Private/SeparableSSS.ush" 2687
"../../../Engine/Shaders/Private/SubsurfaceBurleyNormalized.ush" 2688
"../../../Engine/Shaders/Private/PostProcessSelectionOutline.usf" 2689
"../../../Engine/Shaders/Private/MotionBlur/MotionBlurVisualize.usf" 2690
"../../../Engine/Shaders/Private/MotionBlur/MotionBlurApply.usf" 2691
"../../../Engine/Shaders/Private/MotionBlur/MotionBlurFilterTileClassify.usf" 2692
"../../../Engine/Shaders/Private/MotionBlur/MotionBlurTileScatter.usf" 2693
"../../../Engine/Shaders/Private/MotionBlur/MotionBlurTileGather.usf" 2694
"../../../Engine/Shaders/Private/MotionBlur/MotionBlurVelocityFlatten.usf" 2695
"../../../Engine/Shaders/Private/PostProcessMobile.usf" 2696
"../../../Engine/Shaders/Private/PostProcessMitchellNetravali.usf" 2697
"../../../Engine/Shaders/Private/PostProcessMaterialShaders.usf" 2698
"../../../Engine/Shaders/Private/NeuralPostProcessCommon.usf" 2699
"../../../Engine/Shaders/Private/PostProcessLocalExposure.usf" 2700
"../../../Engine/Shaders/Private/PostProcessLensFlares.usf" 2701
"../../../Engine/Shaders/Private/PostProcessGBufferHints.usf" 2702
"../../../Engine/Shaders/Private/PostProcessHMD.usf" 2703
"../../../Engine/Shaders/Private/Histogram.usf" 2704
"../../../Engine/Shaders/Private/PostProcessHistogramReduce.usf" 2705
"../../../Engine/Shaders/Private/PostProcessHistogram.usf" 2706
"../../../Engine/Shaders/Private/Bloom/BloomFinalizeApplyConstants.usf" 2707
"../../../Engine/Shaders/Private/Bloom/BloomCommon.ush" 2708
"../../../Engine/Shaders/Private/Bloom/BloomResizeKernel.usf" 2709
"../../../Engine/Shaders/Private/Bloom/BloomDownsampleKernel.usf" 2710
"../../../Engine/Shaders/Private/Bloom/BloomClampKernel.usf" 2711
"../../../Engine/Shaders/Private/Bloom/BloomPackKernelConstants.usf" 2712
"../../../Engine/Shaders/Private/Bloom/BloomSumScatterDispersionEnergy.usf" 2713
"../../../Engine/Shaders/Private/Bloom/BloomReduceKernelSurvey.usf" 2714
"../../../Engine/Shaders/Private/Bloom/BloomSurveyKernelCenterEnergy.usf" 2715
"../../../Engine/Shaders/Private/Bloom/BloomSurveyMaxScatterDispersion.usf" 2716
"../../../Engine/Shaders/Private/Bloom/BloomFindKernelCenter.usf" 2717
"../../../Engine/Shaders/Private/PostProcessEyeAdaptation.usf" 2718
"../../../Engine/Shaders/Private/TranslucencyVolumeCommon.ush" 2719
"../../../Engine/Shaders/Private/PostProcessEyeAdaptationUtils.usf" 2720
"../../../Engine/Shaders/Private/PostProcessDownsample.usf" 2721
"../../../Engine/Shaders/Private/PostProcessDOF.usf" 2722
"../../../Engine/Shaders/Private/PostProcessDeviceEncodingOnly.usf" 2723
"../../../Engine/Shaders/Private/PostProcessCompositePrimitives.usf" 2724
"../../../Engine/Shaders/Private/PostProcessCombineLUTs.usf" 2725
"../../../Engine/Shaders/Private/PostProcessVisualizeDOF.usf" 2726
"../../../Engine/Shaders/Private/PostProcessBloom.usf" 2727
"../../../Engine/Shaders/Private/PostProcessAmbientOcclusionMobile.usf" 2728
"../../../Engine/Shaders/Private/PostProcessAmbientOcclusionCommon.ush" 2729
"../../../Engine/Shaders/Private/FXAAShader.usf" 2730
"../../../Engine/Shaders/Private/Fxaa3_11.ush" 2731
"../../../Engine/Shaders/Private/PaniniProjection.usf" 2732
"../../../Engine/Shaders/Private/DiaphragmDOF/DOFRecombine.usf" 2733
"../../../Engine/Shaders/Private/DiaphragmDOF/DOFHybridScatterPixelShader.usf" 2734
"../../../Engine/Shaders/Private/DiaphragmDOF/DOFHybridScatterCommon.ush" 2735
"../../../Engine/Shaders/Private/DiaphragmDOF/DOFVignetteCommon.ush" 2736
"../../../Engine/Shaders/Private/DiaphragmDOF/DOFHybridScatterVertexShader.usf" 2737
"../../../Engine/Shaders/Private/DiaphragmDOF/DOFPostfiltering.usf" 2738
"../../../Engine/Shaders/Private/DiaphragmDOF/DOFGatherTileSuggest.ush" 2739
"../../../Engine/Shaders/Private/DiaphragmDOF/DOFCocTileCommon.ush" 2740
"../../../Engine/Shaders/Private/DiaphragmDOF/DOFGatherPass.usf" 2741
"../../../Engine/Shaders/Private/DiaphragmDOF/DOFGatherCommon.ush" 2742
"../../../Engine/Shaders/Private/DiaphragmDOF/DOFGatherAccumulator.ush" 2743
"../../../Engine/Shaders/Private/DiaphragmDOF/DOFGatherKernel.ush" 2744
"../../../Engine/Shaders/Private/DiaphragmDOF/DOFBokehLUT.usf" 2745
"../../../Engine/Shaders/Private/DiaphragmDOF/DOFHybridScatterCompilation.usf" 2746
"../../../Engine/Shaders/Private/DiaphragmDOF/DOFReduce.usf" 2747
"../../../Engine/Shaders/Private/DiaphragmDOF/DOFDownsample.ush" 2748
"../../../Engine/Shaders/Private/DiaphragmDOF/DOFHybridScatterCompilation.ush" 2749
"../../../Engine/Shaders/Private/DiaphragmDOF/DOFDownsample.usf" 2750
"../../../Engine/Shaders/Private/DiaphragmDOF/DOFCocTileDilate.usf" 2751
"../../../Engine/Shaders/Private/DiaphragmDOF/DOFCocTileFlatten.usf" 2752
"../../../Engine/Shaders/Private/DiaphragmDOF/DOFSetup.usf" 2753
"../../../Engine/Shaders/Private/Tools/DebugAlphaChannel.usf" 2754
"../../../Engine/Shaders/Private/PostProcessAlphaInvert.usf" 2755
"../../../Engine/Shaders/Private/PlanarReflectionShaders.usf" 2756
"../../../Engine/Shaders/Private/PhysicsFieldVisualizer.usf" 2757
"../../../Engine/Shaders/Private/PathTracing/PathTracingSpatialTemporalDenoising.usf" 2758
"../../../Engine/Shaders/Private/ColorDifference.ush" 2759
"../../../Engine/Shaders/Private/PathTracing/PathTracingCompositingPixelShader.usf" 2760
"../../../Engine/Shaders/Private/PathTracing/PathTracingAdaptiveUtils.ush" 2761
"../../../Engine/Shaders/Private/PathTracing/PathTracingDefaultHitShader.usf" 2762
"../../../Engine/Shaders/Private/PathTracing/PathTracingGPULightmassMaterialHitShader.usf" 2763
"../../../Engine/Shaders/Private/PathTracing/PathTracingMaterialHitShader.usf" 2764
"../../../Engine/Shaders/Private/PathTracing/Material/PathTracingSubstrateCommon.ush" 2765
"../../../Engine/Shaders/Private/PathTracing/PathTracingLightingMissShader.usf" 2766
"../../../Engine/Shaders/Private/PathTracing/PathTracingMissShader.usf" 2767
"../../../Engine/Shaders/Private/PathTracing/PathTracingAdaptiveStart.usf" 2768
"../../../Engine/Shaders/Private/PathTracing/PathTracingBuildAdaptiveError.usf" 2769
"../../../Engine/Shaders/Private/PathTracing/PathTracingVolumetricCloudMaterialShader.usf" 2770
"../../../Engine/Shaders/Private/PathTracing/Volume/PathTracingCloudsMaterialCommon.ush" 2771
"../../../Engine/Shaders/Private/PathTracing/Volume/PathTracingVolumeCommon.ush" 2772
"../../../Engine/Shaders/Private/PathTracing/Volume/PathTracingCloudsCommon.ush" 2773
"../../../Engine/Shaders/Private/PathTracing/Volume/PathTracingFog.ush" 2774
"../../../Engine/Shaders/Private/PathTracing/Volume/PathTracingAtmosphere.ush" 2775
"../../../Engine/Shaders/Private/PathTracing/Volume/PathTracingAtmosphereCommon.ush" 2776
"../../../Engine/Shaders/Private/PathTracing/Volume/PathTracingVolumeSampling.ush" 2777
"../../../Engine/Shaders/Private/PathTracing/PathTracingBuildCloudAccelerationMap.usf" 2778
"../../../Engine/Shaders/Private/PathTracing/PathTracingBuildAtmosphereLUT.usf" 2779
"../../../Engine/Shaders/Private/PathTracing/PathTracingSwizzleScanlines.usf" 2780
"../../../Engine/Shaders/Private/PathTracing/PathTracingInitExtinctionCoefficient.usf" 2781
"../../../Engine/Shaders/Private/PathTracing/PathTracingCopyDepth.usf" 2782
"../../../Engine/Shaders/Private/PathTracing/PathTracingDebug.usf" 2783
"../../../Engine/Shaders/Private/RayTracing/RayTracingDecalGrid.ush" 2784
"../../../Engine/Shaders/Private/PathTracing/Material/PathTracingMaterialSampling.ush" 2785
"../../../Engine/Shaders/Private/PathTracing/Material/PathTracingLambert.ush" 2786
"../../../Engine/Shaders/Private/PathTracing/Material/PathTracingSubstrate.ush" 2787
"../../../Engine/Shaders/Private/PathTracing/Material/PathTracingSubstrateFoliage.ush" 2788
"../../../Engine/Shaders/Private/PathTracing/Material/PathTracingSubstrateSolidGlass.ush" 2789
"../../../Engine/Shaders/Private/PathTracing/Material/PathTracingSubstrateThinGlass.ush" 2790
"../../../Engine/Shaders/Private/PathTracing/Material/PathTracingSolidGlass.ush" 2791
"../../../Engine/Shaders/Private/PathTracing/Material/PathTracingEnergyConservation.ush" 2792
"../../../Engine/Shaders/Private/PathTracing/Material/PathTracingThinGlass.ush" 2793
"../../../Engine/Shaders/Private/PathTracing/Material/PathTracingDefaultLit.ush" 2794
"../../../Engine/Shaders/Private/PathTracing/Material/PathTracingClearCoat.ush" 2795
"../../../Engine/Shaders/Private/PathTracing/Material/PathTracingTwoSidedFoliage.ush" 2796
"../../../Engine/Shaders/Private/PathTracing/Material/PathTracingCloth.ush" 2797
"../../../Engine/Shaders/Private/PathTracing/Material/PathTracingSubsurfaceProfile.ush" 2798
"../../../Engine/Shaders/Private/PathTracing/Material/PathTracingEye.ush" 2799
"../../../Engine/Shaders/Private/PathTracing/Material/PathTracingHair.ush" 2800
"../../../Engine/Shaders/Private/PathTracing/Material/PathTracingMedium.ush" 2801
"../../../Engine/Shaders/Private/PathTracing/Light/PathTracingLightSampling.ush" 2802
"../../../Engine/Shaders/Private/PathTracing/Light/PathTracingLightCommon.ush" 2803
"../../../Engine/Shaders/Private/PathTracing/Light/PathTracingDirectionalLight.ush" 2804
"../../../Engine/Shaders/Private/PathTracing/Light/PathTracingPointLight.ush" 2805
"../../../Engine/Shaders/Private/PathTracing/Light/PathTracingCapsuleLight.ush" 2806
"../../../Engine/Shaders/Private/PathTracing/Light/PathTracingRectLight.ush" 2807
"../../../Engine/Shaders/Private/PathTracing/Light/PathTracingSkyLight.ush" 2808
"../../../Engine/Shaders/Private/PathTracing/Light/PathTracingLightGrid.ush" 2809
"../../../Engine/Shaders/Private/PathTracing/PathTracing.usf" 2810
"../../../Engine/Shaders/Private/PathTracing/PathTracingCore.ush" 2811
"../../../Engine/Shaders/Private/HeterogeneousVolumes/HeterogeneousVolumesVoxelGridTypes.ush" 2812
"../../../Engine/Shaders/Private/PathTracing/Volume/PathTracingVolume.ush" 2813
"../../../Engine/Shaders/Private/PathTracing/Volume/PathTracingClouds.ush" 2814
"../../../Engine/Shaders/Private/PathTracing/Volume/PathTracingHeterogeneousVolumes.ush" 2815
"../../../Engine/Shaders/Private/HeterogeneousVolumes/HeterogeneousVolumesVoxelGridTraversal.ush" 2816
"../../../Engine/Shaders/Private/HeterogeneousVolumes/HeterogeneousVolumesVoxelGridUtils.ush" 2817
"../../../Engine/Shaders/Private/HeterogeneousVolumes/HeterogeneousVolumesFrustumVoxelGridUtils.ush" 2818
"../../../Engine/Shaders/Private/PathTracing/PathTracingBuildLightGrid.usf" 2819
"../../../Engine/Shaders/Private/PathTracing/PathTracingSkylightMISCompensation.usf" 2820
"../../../Engine/Shaders/Private/PathTracing/PathTracingSkylightPrepare.usf" 2821
"../../../Engine/Shaders/Private/OIT/OITSorting.usf" 2822
"../../../Engine/Shaders/Private/OITCombine.usf" 2823
"../../../Engine/Shaders/Private/OITCommon.ush" 2824
"../../../Engine/Shaders/Private/Nanite/Voxel/RasterizeBricks.usf" 2825
"../../../Engine/Shaders/Private/Nanite/Voxel/Brick.ush" 2826
"../../../Engine/Shaders/Private/Nanite/Voxel/Voxel.ush" 2827
"../../../Engine/Shaders/Private/Nanite/Voxel/ScatterBricks.usf" 2828
"../../../Engine/Shaders/Private/Nanite/Voxel/TileBricks.usf" 2829
"../../../Engine/Shaders/Private/Nanite/Voxel/AutoVoxel.usf" 2830
"../../../Engine/Shaders/Private/Nanite/NaniteDebugViews.usf" 2831
"../../../Engine/Shaders/Private/Nanite/NaniteEditorCommon.ush" 2832
"../../../Engine/Shaders/Private/BinarySearch.ush" 2833
"../../../Engine/Shaders/Private/Nanite/NaniteDepthDecode.usf" 2834
"../../../Engine/Shaders/Private/HTileEncoding.ush" 2835
"../../../Engine/Shaders/Private/Nanite/NaniteVisualize.usf" 2836
"../../../Engine/Shaders/Private/Nanite/NaniteStreamOut.usf" 2837
"../../../Engine/Shaders/Private/Nanite/NaniteHierarchyTraversal.ush" 2838
"../../../Engine/Shaders/Private/Nanite/NaniteSkinningUpdateViewData.usf" 2839
"../../../Engine/Shaders/Private/Skinning/TransformProviders.usf" 2840
"../../../Engine/Shaders/Private/Nanite/NaniteShadeBinning.usf" 2841
"../../../Engine/Shaders/Private/Nanite/NaniteShadeCommon.ush" 2842
"../../../Engine/Shaders/Private/Nanite/NaniteFastClear.usf" 2843
"../../../Engine/Shaders/Private/Nanite/NaniteExportGBuffer.usf" 2844
"../../../Engine/Shaders/Private/Nanite/NaniteClusterCulling.usf" 2845
"../../../Engine/Shaders/Private/Nanite/NanitePrintStats.usf" 2846
"../../../Engine/Shaders/Private/Nanite/NaniteRasterizer.usf" 2847
"../../../Engine/Shaders/Private/Nanite/NaniteRasterizationCommon.ush" 2848
"../../../Engine/Shaders/Private/Nanite/NaniteRasterizer.ush" 2849
"../../../Engine/Shaders/Private/Nanite/NaniteWritePixel.ush" 2850
"../../../Engine/Shaders/Private/Nanite/NaniteTessellation.ush" 2851
"../../../Engine/Shaders/Private/WorkDistribution.ush" 2852
"../../../Engine/Shaders/Private/Nanite/NaniteDice.ush" 2853
"../../../Engine/Shaders/Private/ShaderBundleWorkGraphCommon.ush" 2854
"../../../Engine/Shaders/Public/RootConstants.ush" 2855
"../../../Engine/Shaders/Public/Platform/D3D/D3DRootConstants.ush" 2856
"../../../Engine/Shaders/Private/Nanite/NaniteSplit.usf" 2857
"../../../Engine/Shaders/Private/Nanite/NaniteRasterBinning.usf" 2858
"../../../Engine/Shaders/Private/Nanite/NaniteInstanceCulling.usf" 2859
"../../../Engine/Shaders/Private/Nanite/NaniteImposter.ush" 2860
"../../../Engine/Shaders/Private/Nanite/NaniteInstanceHierarchyCulling.usf" 2861
"../../../Engine/Shaders/Private/WorkGroupLoadBalancer.ush" 2862
"../../../Engine/Shaders/Private/Nanite/NanitePrimitiveFilter.usf" 2863
"../../../Engine/Shaders/Private/Nanite/NaniteRasterClear.usf" 2864
"../../../Engine/Shaders/Private/Nanite/NaniteDepthExport.usf" 2865
"../../../Engine/Shaders/Private/Nanite/NaniteEmitShadow.usf" 2866
"../../../Engine/Shaders/Private/MobileDeferredUtils.usf" 2867
"../../../Engine/Shaders/Private/MobileLocalLightsBuffer.usf" 2868
"../../../Engine/Shaders/Private/MobileFog.usf" 2869
"../../../Engine/Shaders/Private/DistortApplyScreenPS.usf" 2870
"../../../Engine/Shaders/Private/MobileDeferredShading.usf" 2871
"../../../Engine/Shaders/Private/MobileBasePassPixelShader.usf" 2872
"../../../Engine/Shaders/Private/MobileBasePassCommon.ush" 2873
"../../../Engine/Shaders/Private/BasePassCommon.ush" 2874
"../../../Engine/Shaders/Private/ShadingModelsMaterial.ush" 2875
"../../../Engine/Shaders/Private/ThinTranslucentCommon.ush" 2876
"../../../Engine/Shaders/Private/SingleLayerWaterShading.ush" 2877
"../../../Engine/Shaders/Private/DistortionCommon.ush" 2878
"../../../Engine/Shaders/Private/Substrate/SubstrateMobileForwardLighting.ush" 2879
"../../../Engine/Shaders/Private/MobileBasePassVertexShader.usf" 2880
"../../../Engine/Shaders/Private/MeshEdges.usf" 2881
"../../../Engine/Shaders/Private/MegaLights/MegaLightsVSMTracing.usf" 2882
"../../../Engine/Shaders/Private/MegaLights/MegaLights.ush" 2883
"../../../Engine/Shaders/Shared/MegaLightsDefinitions.h" 2884
"../../../Engine/Shaders/Private/HairStrands/HairStrandsVisibilityUtils.ush" 2885
"../../../Engine/Shaders/Private/MegaLights/MegaLightsRayTracing.ush" 2886
"../../../Engine/Shaders/Private/MegaLights/MegaLightsRayTracing.usf" 2887
"../../../Engine/Shaders/Private/DistanceField/GlobalDistanceFieldUtils.ush" 2888
"../../../Engine/Shaders/Private/Lumen/LumenScreenTracing.ush" 2889
"../../../Engine/Shaders/Private/MegaLights/MegaLightsVolumeRayTracing.usf" 2890
"../../../Engine/Shaders/Private/MegaLights/MegaLightsVolume.ush" 2891
"../../../Engine/Shaders/Private/MegaLights/MegaLightsVolumeHardwareRayTracing.usf" 2892
"../../../Engine/Shaders/Private/Lumen/LumenHardwareRayTracingCommon.ush" 2893
"../../../Engine/Shaders/Private/RayTracing/RayTracingReflectionEnvironment.ush" 2894
"../../../Engine/Shaders/Private/Lumen/LumenHardwareRayTracingPlatformCommon.ush" 2895
"../../../Engine/Shaders/Private/Lumen/LumenReflectionsCombine.ush" 2896
"../../../Engine/Shaders/Private/Lumen/LumenTracingCommon.ush" 2897
"../../../Engine/Shaders/Private/Lumen/SurfaceCache/LumenSurfaceCacheSampling.ush" 2898
"../../../Engine/Shaders/Private/Lumen/SurfaceCache/LumenSurfaceCache.ush" 2899
"../../../Engine/Shaders/Private/Lumen/LumenCardCommon.ush" 2900
"../../../Engine/Shaders/Private/Lumen/LumenCardTileShadowDownsampleFactor.ush" 2901
"../../../Engine/Shaders/Private/MegaLights/MegaLightsHardwareRayTracing.usf" 2902
"../../../Engine/Shaders/Private/MegaLights/MegaLights.usf" 2903
"../../../Engine/Shaders/Private/MegaLights/MegaLightsShading.ush" 2904
"../../../Engine/Shaders/Private/MegaLights/MegaLightsFilterVisibleLightHash.usf" 2905
"../../../Engine/Shaders/Private/MegaLights/MegaLightsDenoiserSpatial.usf" 2906
"../../../Engine/Shaders/Private/Lumen/LumenReflectionDenoiserCommon.ush" 2907
"../../../Engine/Shaders/Private/MegaLights/MegaLightsDenoiserTemporal.usf" 2908
"../../../Engine/Shaders/Private/MegaLights/MegaLightsShading.usf" 2909
"../../../Engine/Shaders/Private/StochasticLighting/StochasticLightingUpsample.ush" 2910
"../../../Engine/Shaders/Private/MegaLights/MegaLightsVisibleLightHash.usf" 2911
"../../../Engine/Shaders/Private/MegaLights/MegaLightsVolumeShading.usf" 2912
"../../../Engine/Shaders/Private/MegaLights/MegaLightsSampling.usf" 2913
"../../../Engine/Shaders/Private/MegaLights/MegaLightsSampling.ush" 2914
"../../../Engine/Shaders/Private/MegaLights/MegaLightsVolumeSampling.usf" 2915
"../../../Engine/Shaders/Private/MaterialCache/MaterialCacheABufferPages.usf" 2916
"../../../Engine/Shaders/Private/MaterialCache/MaterialCacheShade.usf" 2917
"../../../Engine/Shaders/Private/MaterialCache/MaterialCacheUnwrapNaniteShade.usf" 2918
"../../../Engine/Shaders/Private/MaterialCache/MaterialCacheUnwrapPixelShader.usf" 2919
"../../../Engine/Shaders/Private/MaterialCache/MaterialCacheUnwrapVertexShader.usf" 2920
"../../../Engine/Shaders/Private/Lumen/LumenVisualizeRadianceCache.usf" 2921
"../../../Engine/Shaders/Private/Lumen/LumenRadianceCacheCommon.ush" 2922
"../../../Engine/Shaders/Private/Lumen/LumenVisualizeHardwareRayTracing.usf" 2923
"../../../Engine/Shaders/Private/Lumen/LumenVisualize.ush" 2924
"../../../Engine/Shaders/Private/Lumen/LumenHairTracing.ush" 2925
"../../../Engine/Shaders/Private/Lumen/LumenVisualize.usf" 2926
"../../../Engine/Shaders/Private/Lumen/LumenSoftwareRayTracing.ush" 2927
"../../../Engine/Shaders/Private/DistanceField/GlobalDistanceFieldObjectGrid.ush" 2928
"../../../Engine/Shaders/Private/DistanceFieldLightingShared.ush" 2929
"../../../Engine/Shaders/Private/Lumen/LumenVisualizeTraces.ush" 2930
"../../../Engine/Shaders/Private/Lumen/LumenTranslucencyVolumeLighting.usf" 2931
"../../../Engine/Shaders/Private/Lumen/LumenRadianceCacheMarkCommon.ush" 2932
"../../../Engine/Shaders/Private/Lumen/LumenTranslucencyVolumeLightingShared.ush" 2933
"../../../Engine/Shaders/Private/Lumen/LumenScreenProbeCommon.ush" 2934
"../../../Engine/Shaders/Private/RayTracing/RayGenUtils.ush" 2935
"../../../Engine/Shaders/Private/Lumen/LumenRadianceCacheTracingCommon.ush" 2936
"../../../Engine/Shaders/Private/Lumen/LumenTranslucencyVolumeHardwareRayTracing.usf" 2937
"../../../Engine/Shaders/Private/Lumen/LumenTranslucencyRadianceCacheMarkShaders.usf" 2938
"../../../Engine/Shaders/Private/Lumen/SurfaceCache/LumenSurfaceCache.usf" 2939
"../../../Engine/Shaders/Private/Lumen/LumenShortRangeAOHardwareRayTracing.usf" 2940
"../../../Engine/Shaders/Private/Lumen/LumenScreenSpaceBentNormal.ush" 2941
"../../../Engine/Shaders/Private/Lumen/LumenScreenSpaceBentNormal.usf" 2942
"../../../Engine/Shaders/Private/Lumen/LumenScreenProbeTracing.usf" 2943
"../../../Engine/Shaders/Private/Lumen/LumenScreenProbeTracingCommon.ush" 2944
"../../../Engine/Shaders/Private/Lumen/LumenFloatQuantization.ush" 2945
"../../../Engine/Shaders/Private/Lumen/LumenScreenProbeImportanceSampling.usf" 2946
"../../../Engine/Shaders/Private/Lumen/LumenScreenProbeImportanceSamplingShared.ush" 2947
"../../../Engine/Shaders/Private/Lumen/LumenScreenProbeHardwareRayTracing.usf" 2948
"../../../Engine/Shaders/Private/Lumen/LumenScreenProbeDebug.usf" 2949
"../../../Engine/Shaders/Private/Lumen/LumenScreenProbeGather.usf" 2950
"../../../Engine/Shaders/Private/Lumen/LumenScreenProbeGatherTemporal.usf" 2951
"../../../Engine/Shaders/Private/Lumen/LumenScreenProbeFiltering.usf" 2952
"../../../Engine/Shaders/Private/Lumen/LumenSceneLighting.usf" 2953
"../../../Engine/Shaders/Private/Lumen/LumenCardTile.ush" 2954
"../../../Engine/Shaders/Private/Lumen/LumenSceneLighting.ush" 2955
"../../../Engine/Shaders/Private/Lumen/Radiosity/LumenRadiosity.ush" 2956
"../../../Engine/Shaders/Private/Lumen/LumenSceneLightingDebug.usf" 2957
"../../../Engine/Shaders/Private/Lumen/LumenScene.usf" 2958
"../../../Engine/Shaders/Private/Lumen/LumenSceneDirectLightingHardwareRayTracing.usf" 2959
"../../../Engine/Shaders/Private/Lumen/LumenSceneDirectLightingStochastic.ush" 2960
"../../../Engine/Shaders/Private/Lumen/LumenReflectionCommon.ush" 2961
"../../../Engine/Shaders/Private/Lumen/LumenSceneDirectLighting.ush" 2962
"../../../Engine/Shaders/Private/Lumen/LumenSceneDebugHardwareRayTracing.usf" 2963
"../../../Engine/Shaders/Private/Lumen/LumenSceneDirectLightingStochastic.usf" 2964
"../../../Engine/Shaders/Private/Lumen/LumenSceneDirectLightingSoftwareRayTracing.usf" 2965
"../../../Engine/Shaders/Private/DistanceFieldShadowingShared.ush" 2966
"../../../Engine/Shaders/Private/Lumen/LumenSceneDirectLightingPerLightShadowCommon.ush" 2967
"../../../Engine/Shaders/Private/Lumen/LumenSceneDirectLightingShadowMask.usf" 2968
"../../../Engine/Shaders/Private/Lumen/LumenSceneDirectLighting.usf" 2969
"../../../Engine/Shaders/Private/Lumen/LumenSceneDirectLightingCulling.usf" 2970
"../../../Engine/Shaders/Private/Lumen/LumenCardComputeShader.usf" 2971
"../../../Engine/Shaders/Private/Lumen/LumenCardBasePass.ush" 2972
"../../../Engine/Shaders/Private/Lumen/LumenCardPixelShader.usf" 2973
"../../../Engine/Shaders/Private/Lumen/LumenCardVertexShader.usf" 2974
"../../../Engine/Shaders/Private/Lumen/LumenReSTIRGather.usf" 2975
"../../../Engine/Shaders/Private/Lumen/LumenReflectionTracing.usf" 2976
"../../../Engine/Shaders/Private/Lumen/LumenReflectionDenoiserSpatial.usf" 2977
"../../../Engine/Shaders/Private/Lumen/LumenReflectionDenoiserClear.usf" 2978
"../../../Engine/Shaders/Private/Lumen/LumenReflectionDenoiserTemporal.usf" 2979
"../../../Engine/Shaders/Private/Lumen/LumenReflectionResolve.usf" 2980
"../../../Engine/Shaders/Private/Lumen/LumenReflections.usf" 2981
"../../../Engine/Shaders/Private/Lumen/RayTracedTranslucency.usf" 2982
"../../../Engine/Shaders/Private/Lumen/LumenReflectionHardwareRayTracing.usf" 2983
"../../../Engine/Shaders/Private/Lumen/Radiosity/LumenVisualizeRadiosityProbes.usf" 2984
"../../../Engine/Shaders/Private/Lumen/Radiosity/LumenRadiosity.usf" 2985
"../../../Engine/Shaders/Private/Lumen/Radiosity/LumenRadiosityHardwareRayTracing.usf" 2986
"../../../Engine/Shaders/Private/Lumen/Radiosity/LumenRadiosityCulling.usf" 2987
"../../../Engine/Shaders/Private/Lumen/LumenRadianceCacheHardwareRayTracing.usf" 2988
"../../../Engine/Shaders/Private/Lumen/LumenRadianceCache.usf" 2989
"../../../Engine/Shaders/Private/Lumen/LumenRadianceCacheUpdate.ush" 2990
"../../../Engine/Shaders/Private/Lumen/LumenRadianceCacheDebug.usf" 2991
"../../../Engine/Shaders/Private/Lumen/LumenRadianceCacheUpdate.usf" 2992
"../../../Engine/Shaders/Private/Lumen/LumenMeshSDFCulling.usf" 2993
"../../../Engine/Shaders/Private/HybridIndirectLighting.ush" 2994
"../../../Engine/Shaders/Private/MeshDistanceFieldCommon.ush" 2995
"../../../Engine/Shaders/Private/Lumen/LumenIrradianceFieldGather.usf" 2996
"../../../Engine/Shaders/Private/Lumen/LumenHardwareRayTracingMaterials.usf" 2997
"../../../Engine/Shaders/Private/Lumen/LumenFrontLayerTranslucency.usf" 2998
"../../../Engine/Shaders/Private/LocalFogVolumes/LocalFogVolumeSplat.usf" 2999
"../../../Engine/Shaders/Private/LocalFogVolumes/LocalFogVolumeTiledCulling.usf" 3000
"../../../Engine/Shaders/Private/LightShaftShader.usf" 3001
"../../../Engine/Shaders/Private/StationaryLightOverlapShaders.usf" 3002
"../../../Engine/Shaders/Private/DeferredLightPixelShaders.usf" 3003
"../../../Engine/Shaders/Private/DeferredLightVertexShaders.usf" 3004
"../../../Engine/Shaders/Private/LightMapDensityShader.usf" 3005
"../../../Engine/Shaders/Private/LightGridInjection.usf" 3006
"../../../Engine/Shaders/Shared/LightGridDefinitions.h" 3007
"../../../Engine/Shaders/Private/LightFunctionPixelShader.usf" 3008
"../../../Engine/Shaders/Private/LightFunctionVertexShader.usf" 3009
"../../../Engine/Shaders/Private/LightFunctionAtlas/LightFunctionAtlasRender.usf" 3010
"../../../Engine/Shaders/Private/InstanceCulling/InstanceCullingOcclusionQuery.usf" 3011
"../../../Engine/Shaders/Private/InstanceCulling/InstanceCullingSetup.ush" 3012
"../../../Engine/Shaders/Private/InstanceCulling/BuildInstanceDrawCommands.usf" 3013
"../../../Engine/Shaders/Private/InstanceCulling/InstanceCompactionCommon.ush" 3014
"../../../Engine/Shaders/Private/SceneDataMobileWriter.ush" 3015
"../../../Engine/Shaders/Private/InstanceCulling/CompactVisibleInstances.usf" 3016
"../../../Engine/Shaders/Private/ReflectionEnvironmentPixelShader.usf" 3017
"../../../Engine/Shaders/Private/AmbientCubemapComposite.usf" 3018
"../../../Engine/Shaders/Private/DiffuseIndirectComposite.usf" 3019
"../../../Engine/Shaders/Private/IESAtlas.usf" 3020
"../../../Engine/Shaders/Private/HeterogeneousVolumes/HeterogeneousVolumesVoxelGridShadows.usf" 3021
"../../../Engine/Shaders/Private/HeterogeneousVolumes/HeterogeneousVolumesStochasticFiltering.ush" 3022
"../../../Engine/Shaders/Private/HeterogeneousVolumes/HeterogeneousVolumesVoxelGridRenderingUtils.ush" 3023
"../../../Engine/Shaders/Private/HeterogeneousVolumes/HeterogeneousVolumesLightingUtils.ush" 3024
"../../../Engine/Shaders/Private/HeterogeneousVolumes/HeterogeneousVolumesVoxelGridRendering.usf" 3025
"../../../Engine/Shaders/Private/HeterogeneousVolumes/HeterogeneousVolumesVoxelGridPipeline.usf" 3026
"../../../Engine/Shaders/Private/HeterogeneousVolumes/HeterogeneousVolumesMaterialBakingPipeline.usf" 3027
"../../../Engine/Shaders/Private/HeterogeneousVolumes/HeterogeneousVolumesLiveShadingUtils.ush" 3028
"../../../Engine/Shaders/Private/HeterogeneousVolumes/HeterogeneousVolumesFrustumVoxelGrid.usf" 3029
"../../../Engine/Shaders/Private/HeterogeneousVolumes/HeterogeneousVolumesSparseVoxelPipeline.usf" 3030
"../../../Engine/Shaders/Private/HeterogeneousVolumes/HeterogeneousVolumesSparseVoxelUtils.ush" 3031
"../../../Engine/Shaders/Private/HeterogeneousVolumes/HeterogeneousVolumesSparseVoxelUniformBufferUtils.ush" 3032
"../../../Engine/Shaders/Private/HeterogeneousVolumes/HeterogeneousVolumesPreshadingPipeline.usf" 3033
"../../../Engine/Shaders/Private/HeterogeneousVolumes/HeterogeneousVolumesLiveShadingShadows.usf" 3034
"../../../Engine/Shaders/Private/HeterogeneousVolumes/HeterogeneousVolumesLiveShadingGlobalPipeline.usf" 3035
"../../../Engine/Shaders/Private/HeterogeneousVolumes/HeterogeneousVolumesLiveShadingPipeline.usf" 3036
"../../../Engine/Shaders/Private/HeterogeneousVolumes/HeterogeneousVolumesHardwareRayTracing.usf" 3037
"../../../Engine/Shaders/Private/HeterogeneousVolumes/HeterogeneousVolumesAmbientOcclusionPipeline.usf" 3038
"../../../Engine/Shaders/Private/HeterogeneousVolumes/HeterogeneousVolumesComposite.usf" 3039
"../../../Engine/Shaders/Private/HdrCustomResolveShaders.usf" 3040
"../../../Engine/Shaders/Private/HairStrands/RenderCurveRaster.usf" 3041
"../../../Engine/Shaders/Private/HairStrands/HairStrandsVoxelRasterCompute.usf" 3042
"../../../Engine/Shaders/Private/HairStrands/HairStrandsHitProxy.usf" 3043
"../../../Engine/Shaders/Private/HairStrands/HairStrandsVisibilityRasterComputeNaive.usf" 3044
"../../../Engine/Shaders/Private/HairStrands/HairStrandsVisibilityRasterHW.usf" 3045
"../../../Engine/Shaders/Private/HairStrands/HairStrandsVisibilityRasterCompute.usf" 3046
"../../../Engine/Shaders/Private/HairStrands/HairStrandsVisibilityRasterClassification.usf" 3047
"../../../Engine/Shaders/Private/HairStrands/HairStrandsCoverage.usf" 3048
"../../../Engine/Shaders/Private/HairStrands/HairStrandsVisibilityDepthPS.usf" 3049
"../../../Engine/Shaders/Private/HairStrands/HairStrandsVisibilityTransmittanceDepthPS.usf" 3050
"../../../Engine/Shaders/Private/HairStrands/HairStrandsVisibilityFillOpaqueDepthPS.usf" 3051
"../../../Engine/Shaders/Private/HairStrands/HairStrandsVisibilityCompactionComputeRaster.usf" 3052
"../../../Engine/Shaders/Private/HairStrands/HairStrandsVisibilityCompaction.usf" 3053
"../../../Engine/Shaders/Private/HairStrands/HairStrandsVisibilityCopyIndirectArg.usf" 3054
"../../../Engine/Shaders/Private/HairStrands/HairStrandsVisibilityClearPS.usf" 3055
"../../../Engine/Shaders/Private/HairStrands/HairStrandsVisibilityPS.usf" 3056
"../../../Engine/Shaders/Private/HairStrands/HairStrandsVisibilityVS.usf" 3057
"../../../Engine/Shaders/Private/HairStrands/HairStrandsVelocity.usf" 3058
"../../../Engine/Shaders/Private/HairStrands/HairStrandsVisibilityComputeSampleCoverage.usf" 3059
"../../../Engine/Shaders/Private/HairStrands/HairStrandsMaterialPS.usf" 3060
"../../../Engine/Shaders/Private/HairStrands/HairStrandsMaterialCommon.ush" 3061
"../../../Engine/Shaders/Private/HairStrands/HairStrandsMaterialVS.usf" 3062
"../../../Engine/Shaders/Private/HairStrands/HairStrandsLightSample.usf" 3063
"../../../Engine/Shaders/Private/HairStrands/HairStrandsDeepShadowMask.usf" 3064
"../../../Engine/Shaders/Private/HairStrands/HairStrandsDeepTransmittanceMask.usf" 3065
"../../../Engine/Shaders/Private/HairStrands/HairStrandsVisibilityTile.usf" 3066
"../../../Engine/Shaders/Private/HairStrands/HairStrandsDeepShadowPS.usf" 3067
"../../../Engine/Shaders/Private/HairStrands/HairStrandsDeepShadowVS.usf" 3068
"../../../Engine/Shaders/Private/HairStrands/HairStrandsAABB.usf" 3069
"../../../Engine/Shaders/Private/HairStrands/HairStrandsLUT.usf" 3070
"../../../Engine/Shaders/Private/HairStrands/HairStrandsForwardRaster.usf" 3071
"../../../Engine/Shaders/Private/HairStrands/HairStrandsForwardCulling.usf" 3072
"../../../Engine/Shaders/Private/HairStrands/HairStrandsEnvironmentLighting.usf" 3073
"../../../Engine/Shaders/Private/HairStrands/HairStrandsEnvironmentAO.usf" 3074
"../../../Engine/Shaders/Private/HairStrands/HairStrandsDeepShadowAllocation.usf" 3075
"../../../Engine/Shaders/Private/HairStrands/HairStrandsVoxelDebug.usf" 3076
"../../../Engine/Shaders/Private/HairStrands/HairStrandsComposition.usf" 3077
"../../../Engine/Shaders/Private/HairStrands/HairStrandsGBufferCommon.ush" 3078
"../../../Engine/Shaders/Private/GPUScene/GPUSceneDataManagement.usf" 3079
"../../../Engine/Shaders/Private/GPUSceneDebugRender.usf" 3080
"../../../Engine/Shaders/Private/GPUFeedbackCompaction.usf" 3081
"../../../Engine/Shaders/Private/GPUFastFourierTransform.usf" 3082
"../../../Engine/Shaders/Private/GPUFastFourierTransform2DCore.ush" 3083
"../../../Engine/Shaders/Private/GPUFastFourierTransformCore.ush" 3084
"../../../Engine/Shaders/Private/GPUBenchmark.usf" 3085
"../../../Engine/Shaders/Private/DistanceField/GlobalDistanceFieldDebug.usf" 3086
"../../../Engine/Shaders/Private/DistanceField/GlobalDistanceFieldUpdate.ush" 3087
"../../../Engine/Shaders/Private/DistanceField/GlobalDistanceFieldMip.usf" 3088
"../../../Engine/Shaders/Private/DistanceField/GlobalDistanceField.usf" 3089
"../../../Engine/Shaders/Private/DistanceField/GlobalDistanceFieldCompositeObjects.usf" 3090
"../../../Engine/Shaders/Private/DistanceField/GlobalDistanceFieldHeightfields.usf" 3091
"../../../Engine/Shaders/Private/HeightfieldLightingShared.ush" 3092
"../../../Engine/Shaders/Private/GenerateConservativeDepth.usf" 3093
"../../../Engine/Shaders/Private/HeightFogPixelShader.usf" 3094
"../../../Engine/Shaders/Private/HeightFogVertexShader.usf" 3095
"../../../Engine/Shaders/Private/DistortFiltering.usf" 3096
"../../../Engine/Shaders/Private/DistortAccumulatePS.usf" 3097
"../../../Engine/Shaders/Private/DistortAccumulateVS.usf" 3098
"../../../Engine/Shaders/Private/DistanceFieldVisualization.usf" 3099
"../../../Engine/Shaders/Private/DistanceFieldStreaming.usf" 3100
"../../../Engine/Shaders/Private/DistanceFieldShadowing.usf" 3101
"../../../Engine/Shaders/Private/DistanceFieldScreenGridLighting.usf" 3102
"../../../Engine/Shaders/Private/DistanceFieldObjectCulling.usf" 3103
"../../../Engine/Shaders/Private/DistanceFieldLightingPost.usf" 3104
"../../../Engine/Shaders/Private/DitheredTransitionStencil.usf" 3105
"../../../Engine/Shaders/Private/CopyDepthTexture.usf" 3106
"../../../Engine/Shaders/Private/CopyDepthTextureCS.usf" 3107
"../../../Engine/Shaders/Private/DeferredDecal.usf" 3108
"../../../Engine/Shaders/Private/DecalCommon.ush" 3109
"../../../Engine/Shaders/Private/DebugViewModeVertexShader.usf" 3110
"../../../Engine/Shaders/Private/DebugViewModeCommon.ush" 3111
"../../../Engine/Shaders/Private/DebugViewModePixelShader.usf" 3112
"../../../Engine/Shaders/Private/DebugProbes.usf" 3113
"../../../Engine/Shaders/Private/MeshDecals.usf" 3114
"../../../Engine/Shaders/Private/PostProcessAmbientOcclusion.usf" 3115
"../../../Engine/Shaders/Private/ClusteredDeferredShadingPixelShader.usf" 3116
"../../../Engine/Shaders/Private/ClusteredDeferredShadingVertexShader.usf" 3117
"../../../Engine/Shaders/Private/CapsuleShadowShaders.usf" 3118
"../../../Engine/Shaders/Private/BasePassPixelShader.usf" 3119
"../../../Engine/Shaders/Private/ForwardLightingCommon.ush" 3120
"../../../Engine/Shaders/Private/Substrate/SubstrateForwardLighting.ush" 3121
"../../../Engine/Shaders/Private/ComputeShaderOutputCommon.ush" 3122
"../../../Engine/Shaders/Private/BasePassVertexShader.usf" 3123
"../../../Engine/Shaders/Private/BasePassVertexCommon.ush" 3124
"../../../Engine/Shaders/Private/SimpleElementVolumeTexturePreviewPixelShader.usf" 3125
"../../../Engine/Shaders/Private/SimpleElementTexture2DPreviewPixelShader.usf" 3126
"../../../Engine/Shaders/Private/meshpaintdilatepixelshader.usf" 3127
"../../../Engine/Shaders/Private/meshpaintdilatevertexshader.usf" 3128
"../../../Engine/Shaders/Private/MeshPaintPixelShader.usf" 3129
"../../../Engine/Shaders/Private/MeshPaintVertexShader.usf" 3130
"../../../Engine/Shaders/Private/SlateElementPixelShader.usf" 3131
"../../../Engine/Shaders/Private/SlateShaderCommon.ush" 3132
"../../../Engine/Shaders/Private/SlateMaskingShader.usf" 3133
"../../../Engine/Shaders/Private/SlateVertexShader.usf" 3134
"../../../Engine/Shaders/Private/CompositeUIPixelShader.usf" 3135
"../../../Engine/Shaders/Private/ColorDeficiency.ush" 3136
"../../../Engine/Shaders/Private/SlatePostProcessColorDeficiencyPixelShader.usf" 3137
"../../../Engine/Shaders/Private/SlatePostProcessPixelShader.usf" 3138
"../../../Engine/Shaders/Private/Tools/VisualizeTexture.usf" 3139
"../../../Engine/Shaders/Private/UpdateDescriptorHandle.usf" 3140
"../../../Engine/Shaders/Private/ByteBuffer.usf" 3141
"../../../Engine/Shaders/Private/ShaderBundleWorkGraphDispatch.usf" 3142
"../../../Engine/Shaders/Private/ShaderBundleDispatch.usf" 3143
"../../../Engine/Shaders/Private/ResolveVertexShader.usf" 3144
"../../../Engine/Shaders/Private/ResolvePixelShader.usf" 3145
"../../../Engine/Shaders/Private/Tools/SetupIndirectArgs.usf" 3146
"../../../Engine/Shaders/Private/ClearReplacementShaders.usf" 3147
"../../../Engine/Shaders/Private/Tools/DrawTexture.usf" 3148
"../../../Engine/Shaders/Private/RayTracing/RayTracingValidation.usf" 3149
"../../../Engine/Shaders/Private/RenderGraphUtilities.usf" 3150
"../../../Engine/Shaders/Private/OneColorShader.usf" 3151
"../../../Engine/Shaders/Private/OculusShaders.usf" 3152
"../../../Engine/Shaders/Private/MediaShaders.usf" 3153
"../../../Engine/Shaders/Private/GPUMessaging.usf" 3154
"../../../Engine/Shaders/Private/Tools/GPUDebugCrashUtils.usf" 3155
"../../../Engine/Shaders/Private/NullPixelShader.usf" 3156
"../../../Engine/Shaders/Private/ComputeGenerateMips.usf" 3157
"../../../Engine/Shaders/Private/Tools/DumpTexture.usf" 3158
"../../../Engine/Shaders/Private/CopyTextureShaders.usf" 3159
"../../../Engine/Shaders/Private/Tools/FullscreenVertexShader.usf" 3160
"../../../Engine/Shaders/Private/RayTracing/RayTracingDispatchDesc.usf" 3161
"../../../Engine/Shaders/Private/Bink.usf" 3162
"../../../Engine/Shaders/Private/VelocityShader.usf" 3163
"../../../Engine/Shaders/Private/DepthOnlyPixelShader.usf" 3164
"../../../Engine/Shaders/Private/PositionOnlyDepthVertexShader.usf" 3165
"../../../Engine/Shaders/Private/DepthOnlyVertexShader.usf" 3166
"../../../Engine/Shaders/Private/AnisotropyPassShader.usf" 3167
"E:/Unreal Projects New/Sparks/Content/Maps/LVL5.umap" 3168
"E:/Unreal Projects New/Sparks/Content/Maps/LVL3.umap" 3169
"E:/Unreal Projects New/Sparks/Content/Maps/LVL2.umap" 3170
"E:/Unreal Projects New/Sparks/Content/Maps/LVL1_Tutorial.umap" 3171
"E:/Unreal Projects New/Sparks/Content/Blueprints/UMG/WB_WinScreen.uasset" 3172
"E:/Unreal Projects New/Sparks/Content/Blueprints/UMG/WB_MainMenu.uasset" 3173
"E:/Unreal Projects New/Sparks/Content/Blueprints/Meshes/BP_Floor_Small.uasset" 3174
"E:/Unreal Projects New/Sparks/Content/Assets/Images/Scrollbar_Background.uasset" 3175
"E:/Unreal Projects New/Sparks/Content/Blueprints/DamagingActors/BP_DamageFloor.uasset" 3176
"E:/Unreal Projects New/Sparks/Content/Assets/Images/Scrollbar.uasset" 3177
"E:/Unreal Projects New/Sparks/Content/Assets/Images/LVL_5_Button_Pressed.uasset" 3178
"E:/Unreal Projects New/Sparks/Content/Assets/Images/LVL_5_Button.uasset" 3179
"/Engine/EngineResources/WhiteSquareTexture" 3180
"../../../Engine/Content/EngineResources/WhiteSquareTexture.uasset" 3181
"/Engine/EngineResources/GradientTexture0" 3182
"../../../Engine/Content/EngineResources/GradientTexture0.uasset" 3183
"/Engine/EngineResources/Black" 3184
"../../../Engine/Content/EngineResources/Black.uasset" 3185
"/Engine/EditorResources/S_Actor" 3186
"../../../Engine/Content/EditorResources/S_Actor.uasset" 3187
"/Engine/EngineFonts/RobotoDistanceField" 3188
"../../../Engine/Content/EngineFonts/RobotoDistanceField.uasset" 3189
"/Engine/EngineMaterials/DefaultTextMaterialOpaque" 3190
"../../../Engine/Content/EngineMaterials/DefaultTextMaterialOpaque.uasset" 3191
"/Engine/Functions/Engine_MaterialFunctions01/Shading/PowerToRoughness" 3192
"../../../Engine/Content/Functions/Engine_MaterialFunctions01/Shading/PowerToRoughness.uasset" 3193
"/Engine/Functions/Engine_MaterialFunctions01/Shading/ConvertFromDiffSpec" 3194
"../../../Engine/Content/Functions/Engine_MaterialFunctions01/Shading/ConvertFromDiffSpec.uasset" 3195
"/Engine/EngineMaterials/WorldGridMaterial" 3196
"../../../Engine/Content/EngineMaterials/WorldGridMaterial.uasset" 3197
"../../../Engine/Content/Functions/Engine_MaterialFunctions01/Opacity/CameraDepthFade.uasset" 3198
"../../../Engine/Content/EngineMaterials/T_Default_Material_Grid_M.uasset" 3199
"../../../Engine/Content/EngineMaterials/T_Default_Material_Grid_N.uasset" 3200
"/Engine/EngineMaterials/DefaultDeferredDecalMaterial" 3201
"../../../Engine/Content/EngineMaterials/DefaultDeferredDecalMaterial.uasset" 3202
"../../../Engine/Content/EngineMaterials/DefaultDiffuse.uasset" 3203
"/Engine/EngineMaterials/DefaultLightFunctionMaterial" 3204
"../../../Engine/Content/EngineMaterials/DefaultLightFunctionMaterial.uasset" 3205
"/Engine/EngineMaterials/DefaultPostProcessMaterial" 3206
"../../../Engine/Content/EngineMaterials/DefaultPostProcessMaterial.uasset" 3207
"../../../Engine/Content/Functions/Engine_MaterialFunctions02/Utility/BreakOutFloat2Components.uasset" 3208
"/Engine/EditorResources/S_Trigger" 3209
"../../../Engine/Content/EditorResources/S_Trigger.uasset" 3210
"/Engine/EditorResources/S_BoxReflectionCapture" 3211
"../../../Engine/Content/EditorResources/S_BoxReflectionCapture.uasset" 3212
"/Engine/EngineResources/DefaultTexture" 3213
"../../../Engine/Content/EngineResources/DefaultTexture.uasset" 3214
"/Engine/EditorResources/S_TriggerBox" 3215
"../../../Engine/Content/EditorResources/S_TriggerBox.uasset" 3216
"/Engine/EditorResources/S_TriggerCapsule" 3217
"../../../Engine/Content/EditorResources/S_TriggerCapsule.uasset" 3218
"/Engine/EditorResources/S_TriggerSphere" 3219
"../../../Engine/Content/EditorResources/S_TriggerSphere.uasset" 3220
"/Engine/EngineDamageTypes/DmgTypeBP_Environmental" 3221
"../../../Engine/Content/EngineDamageTypes/DmgTypeBP_Environmental.uasset" 3222
"/Engine/EngineMeshes/Sphere" 3223
"../../../Engine/Content/EngineMeshes/Sphere.uasset" 3224
"/Engine/EngineResources/DefaultTextureCube" 3225
"../../../Engine/Content/EngineResources/DefaultTextureCube.uasset" 3226
"/Engine/EngineResources/DefaultVolumeTexture" 3227
"../../../Engine/Content/EngineResources/DefaultVolumeTexture.uasset" 3228
"../../../Engine/Content/EngineResources/DefaultVolumeTexture2D.uasset" 3229
"/Engine/VREditor/TransformGizmo/SM_Sequencer_Node" 3230
"../../../Engine/Content/VREditor/TransformGizmo/SM_Sequencer_Node.uasset" 3231
"../../../Engine/Content/VREditor/TransformGizmo/Main.uasset" 3232
"../../../Engine/Content/VREditor/TransformGizmo/Xray.uasset" 3233
"/Engine/EditorResources/S_Solver" 3234
"../../../Engine/Content/EditorResources/S_Solver.uasset" 3235
"/Engine/EngineDebugMaterials/VolumeToRender" 3236
"../../../Engine/Content/EngineDebugMaterials/VolumeToRender.uasset" 3237
"/Engine/EngineDebugMaterials/M_VolumeRenderSphereTracePP" 3238
"../../../Engine/Content/EngineDebugMaterials/M_VolumeRenderSphereTracePP.uasset" 3239
"../../../Engine/Content/Functions/Engine_MaterialFunctions02/Utility/CameraDirectionVector.uasset" 3240
"/Engine/EditorMeshes/Camera/SM_CraneRig_Base" 3241
"../../../Engine/Content/EditorMeshes/Camera/SM_CraneRig_Base.uasset" 3242
"../../../Engine/Content/EditorMaterials/Camera/MI_CineMat_Rig.uasset" 3243
"../../../Engine/Content/EditorMaterials/Camera/CineMat.uasset" 3244
"/Engine/EditorMeshes/Camera/SM_CraneRig_Arm" 3245
"../../../Engine/Content/EditorMeshes/Camera/SM_CraneRig_Arm.uasset" 3246
"/Engine/EditorMeshes/Camera/SM_CraneRig_Mount" 3247
"../../../Engine/Content/EditorMeshes/Camera/SM_CraneRig_Mount.uasset" 3248
"/Engine/EditorMeshes/Camera/SM_CraneRig_Body" 3249
"../../../Engine/Content/EditorMeshes/Camera/SM_CraneRig_Body.uasset" 3250
"/Engine/EditorMeshes/Camera/SM_RailRig_Track" 3251
"../../../Engine/Content/EditorMeshes/Camera/SM_RailRig_Track.uasset" 3252
"/Engine/EditorMeshes/Camera/SM_RailRig_Mount" 3253
"../../../Engine/Content/EditorMeshes/Camera/SM_RailRig_Mount.uasset" 3254
"/Engine/EditorLandscapeResources/SplineEditorMesh" 3255
"../../../Engine/Content/EditorLandscapeResources/SplineEditorMesh.uasset" 3256
"../../../Engine/Content/EditorLandscapeResources/SplineEditorMeshMat.uasset" 3257
"/HairStrands/Materials/HairDebugMaterial" 3258
"../../Plugins/Runtime/HairStrands/Content/Materials/HairDebugMaterial.uasset" 3259
"../../../Engine/Content/Functions/Engine_MaterialFunctions02/Utility/MakeFloat2.uasset" 3260
"../../../Engine/Content/Functions/Engine_MaterialFunctions02/Utility/MakeFloat3.uasset" 3261
"../../../Engine/Content/EngineMaterials/HairColorMap.uasset" 3262
"../../../Engine/Content/EngineMaterials/HairDebugColor.uasset" 3263
"../../Plugins/Runtime/HairStrands/Content/Materials/HairGroupColors.uasset" 3264
"/HairStrands/Materials/HairDefaultMaterial" 3265
"../../Plugins/Runtime/HairStrands/Content/Materials/HairDefaultMaterial.uasset" 3266
"/HairStrands/Materials/HairCardsDefaultMaterial" 3267
"../../Plugins/Runtime/HairStrands/Content/Materials/HairCardsDefaultMaterial.uasset" 3268
"/HairStrands/Materials/HairMeshesDefaultMaterial" 3269
"../../Plugins/Runtime/HairStrands/Content/Materials/HairMeshesDefaultMaterial.uasset" 3270
"/Engine/BasicShapes/Cube" 3271
"../../../Engine/Content/BasicShapes/Cube.uasset" 3272
"/CameraCalibrationCore/Materials/M_DefaultOddSquare" 3273
"../../Plugins/VirtualProduction/CameraCalibrationCore/Content/Materials/M_DefaultOddSquare.uasset" 3274
"/CameraCalibrationCore/Materials/M_DefaultEvenSquare" 3275
"../../Plugins/VirtualProduction/CameraCalibrationCore/Content/Materials/M_DefaultEvenSquare.uasset" 3276
"/Engine/EngineMaterials/Widget3DPassThrough_Translucent" 3277
"../../../Engine/Content/EngineMaterials/Widget3DPassThrough_Translucent.uasset" 3278
"../../../Engine/Content/EngineMaterials/Widget3DPassThrough.uasset" 3279
"/Engine/EngineMaterials/Widget3DPassThrough_Translucent_OneSided" 3280
"../../../Engine/Content/EngineMaterials/Widget3DPassThrough_Translucent_OneSided.uasset" 3281
"/Engine/EngineMaterials/Widget3DPassThrough_Opaque" 3282
"../../../Engine/Content/EngineMaterials/Widget3DPassThrough_Opaque.uasset" 3283
"/Engine/EngineMaterials/Widget3DPassThrough_Opaque_OneSided" 3284
"../../../Engine/Content/EngineMaterials/Widget3DPassThrough_Opaque_OneSided.uasset" 3285
"/Engine/EngineMaterials/Widget3DPassThrough_Masked" 3286
"../../../Engine/Content/EngineMaterials/Widget3DPassThrough_Masked.uasset" 3287
"/Engine/EngineMaterials/Widget3DPassThrough_Masked_OneSided" 3288
"../../../Engine/Content/EngineMaterials/Widget3DPassThrough_Masked_OneSided.uasset" 3289
"/Engine/VREditor/ViewportInteractionAssetContainerData" 3290
"../../../Engine/Content/VREditor/ViewportInteractionAssetContainerData.uasset" 3291
"../../../Engine/Content/VREditor/SnapGrid/SnapGridMaterial.uasset" 3292
"../../../Engine/Content/VREditor/TransformGizmo/TransformGizmoMaterial_Inst.uasset" 3293
"../../../Engine/Content/VREditor/TransformGizmo/TranslucentTransformGizmoMaterial_Inst.uasset" 3294
"../../../Engine/Content/VREditor/SnapGrid/SnapGridPlaneMesh.uasset" 3295
"../../../Engine/Content/VREditor/Sounds/UI/Drop_Item_From_ContentBrowser.uasset" 3296
"../../../Engine/Content/VREditor/Sounds/UI/Gizmo_Handle_Clicked.uasset" 3297
"../../../Engine/Content/VREditor/Sounds/UI/Object_PickUp.uasset" 3298
"../../../Engine/Content/VREditor/Sounds/UI/Object_Snaps_To_Another_Actor.uasset" 3299
"../../../Engine/Content/VREditor/Sounds/UI/Object_Snaps_To_Grid.uasset" 3300
"../../../Engine/Content/VREditor/Sounds/UI/Scaling_Down.uasset" 3301
"../../../Engine/Content/VREditor/Sounds/UI/Scaling_Up.uasset" 3302
"../../../Engine/Content/VREditor/Sounds/UI/Selection_Changes.uasset" 3303
"../../../Engine/Content/VREditor/TransformGizmo/PlaneTranslationHandle.uasset" 3304
"../../../Engine/Content/VREditor/TransformGizmo/RotationHandleFull.uasset" 3305
"../../../Engine/Content/VREditor/TransformGizmo/RotationHandleIndicator.uasset" 3306
"../../../Engine/Content/VREditor/TransformGizmo/RotationHandleQuarter.uasset" 3307
"../../../Engine/Content/VREditor/TransformGizmo/StartRotationHandleIndicator.uasset" 3308
"../../../Engine/Content/VREditor/TransformGizmo/TransformGizmoFreeRotation.uasset" 3309
"../../../Engine/Content/VREditor/TransformGizmo/TranslateArrowHandle.uasset" 3310
"../../../Engine/Content/VREditor/TransformGizmo/UniformScaleHandle.uasset" 3311
"../../../Engine/Content/Functions/Engine_MaterialFunctions02/Math/Transform3x3Matrix.uasset" 3312
"../../../Engine/Content/Functions/Engine_MaterialFunctions02/SplitComponents.uasset" 3313
"../../../Engine/Content/VREditor/TransformGizmo/TransformGizmoMaterial.uasset" 3314
"../../../Engine/Content/VREditor/TransformGizmo/TranslucentTransformGizmoMaterial.uasset" 3315
"../../../Engine/Content/Functions/Engine_MaterialFunctions02/Utility/BreakOutFloat3Components.uasset" 3316
"../../../Engine/Content/VREditor/LaserPointer/VR_LaserPower_01.uasset" 3317
"/Engine/VREditor/TransformGizmo/BoundingBoxCorner" 3318
"../../../Engine/Content/VREditor/TransformGizmo/BoundingBoxCorner.uasset" 3319
"/Engine/VREditor/TransformGizmo/BoundingBoxEdge" 3320
"../../../Engine/Content/VREditor/TransformGizmo/BoundingBoxEdge.uasset" 3321
"/Engine/ArtTools/RenderToTexture/Meshes/S_1_Unit_Plane" 3322
"../../../Engine/Content/ArtTools/RenderToTexture/Meshes/S_1_Unit_Plane.uasset" 3323
"/Engine/EngineDebugMaterials/M_SimpleUnlitTranslucent" 3324
"../../../Engine/Content/EngineDebugMaterials/M_SimpleUnlitTranslucent.uasset" 3325
"/Engine/EngineFonts/Roboto" 3326
"../../../Engine/Content/EngineFonts/Roboto.uasset" 3327
"../../../Engine/Content/EngineFonts/Faces/DroidSansFallback.uasset" 3328
"../../../Engine/Content/EngineFonts/Faces/RobotoBold.uasset" 3329
"../../../Engine/Content/EngineFonts/Faces/RobotoBoldItalic.uasset" 3330
"../../../Engine/Content/EngineFonts/Faces/RobotoItalic.uasset" 3331
"../../../Engine/Content/EngineFonts/Faces/RobotoLight.uasset" 3332
"../../../Engine/Content/EngineFonts/Faces/RobotoRegular.uasset" 3333
"/Engine/EditorMaterials/ParticleSystems/PSysThumbnail_NoImage" 3334
"../../../Engine/Content/EditorMaterials/ParticleSystems/PSysThumbnail_NoImage.uasset" 3335
"/Engine/EditorMaterials/ParticleSystems/PSysThumbnail_OOD" 3336
"../../../Engine/Content/EditorMaterials/ParticleSystems/PSysThumbnail_OOD.uasset" 3337
"/Engine/EngineResources/LandscapeVisibilityLayerInfo" 3338
"../../../Engine/Content/EngineResources/LandscapeVisibilityLayerInfo.uasset" 3339
"/Game/Assets/Images/Loading_Throbber" 3340
"E:/Unreal Projects New/Sparks/Content/Assets/Images/Loading_Throbber.uasset" 3341
"/ACLPlugin/ACLAnimBoneCompressionSettings" 3342
"../../Plugins/Animation/ACLPlugin/Content/ACLAnimBoneCompressionSettings.uasset" 3343
"/Engine/Animation/DefaultRecorderBoneCompression" 3344
"../../../Engine/Content/Animation/DefaultRecorderBoneCompression.uasset" 3345
"/ACLPlugin/ACLAnimCurveCompressionSettings" 3346
"../../Plugins/Animation/ACLPlugin/Content/ACLAnimCurveCompressionSettings.uasset" 3347
"/Engine/Animation/DefaultVariableFrameStrippingSettings" 3348
"../../../Engine/Content/Animation/DefaultVariableFrameStrippingSettings.uasset" 3349
"/ControlRig/Controls/ControlRigXRayMaterial" 3350
"../../Plugins/Animation/ControlRig/Content/Controls/ControlRigXRayMaterial.uasset" 3351
"/ControlRig/Controls/DefaultGizmoLibraryNormalized" 3352
"../../Plugins/Animation/ControlRig/Content/Controls/DefaultGizmoLibraryNormalized.uasset" 3353
"/AudioWidgets/Resources/ScrubHandleDown_Clamped" 3354
"../../Plugins/Runtime/AudioWidgets/Content/Resources/ScrubHandleDown_Clamped.uasset" 3355
"/Paper2D/MaskedUnlitSpriteMaterial" 3356
"../../Plugins/2D/Paper2D/Content/MaskedUnlitSpriteMaterial.uasset" 3357
"../../Plugins/2D/Paper2D/Content/DefaultSpriteMaterial.uasset" 3358
"../../Plugins/2D/Paper2D/Content/PlaceholderTextures/DummySpriteTexture.uasset" 3359
"/Paper2D/OpaqueUnlitSpriteMaterial" 3360
"../../Plugins/2D/Paper2D/Content/OpaqueUnlitSpriteMaterial.uasset" 3361
"/Paper2D/DefaultPaperTerrainMaterial" 3362
"../../Plugins/2D/Paper2D/Content/DefaultPaperTerrainMaterial.uasset" 3363
"../../Plugins/2D/Paper2D/Content/DummySprite.uasset" 3364
"/ControlRig/M_Manip" 3365
"../../Plugins/Animation/ControlRig/Content/M_Manip.uasset" 3366
"../../../Engine/Content/Functions/Engine_MaterialFunctions02/WorldPositionOffset/CameraOffset.uasset" 3367
"/SpeedTreeImporter/SpeedTree9/SpeedTreeMaster" 3368
"../../Plugins/Editor/SpeedTreeImporter/Content/SpeedTree9/SpeedTreeMaster.uasset" 3369
"../../../Engine/Content/Functions/Engine_MaterialFunctions02/ObjectLocalBounds.uasset" 3370
"../../../Engine/Content/Functions/Engine_MaterialFunctions02/SafeNormalize.uasset" 3371
"../../../Engine/Content/Functions/Engine_MaterialFunctions02/Utility/VectorLength.uasset" 3372
"../../../Engine/Content/Functions/Engine_MaterialFunctions02/UVs/BoundingBoxBased_0-1_UVW.uasset" 3373
"../../../Engine/Content/Functions/Engine_MaterialFunctions02/WorldPositionOffset/ObjectScale.uasset" 3374
"../../Plugins/Editor/SpeedTreeImporter/Content/SpeedTree9/SpeedTreeBranchMotion.uasset" 3375
"../../Plugins/Editor/SpeedTreeImporter/Content/SpeedTree9/SpeedTreeCameraFacing.uasset" 3376
"../../Plugins/Editor/SpeedTreeImporter/Content/SpeedTree9/SpeedTreeWind.uasset" 3377
"../../Plugins/Editor/SpeedTreeImporter/Content/SpeedTree9/SpeedTreeWindMotion.uasset" 3378
"../../Plugins/Editor/SpeedTreeImporter/Content/SpeedTree9/UnpackDirection.uasset" 3379
"../../Plugins/Editor/SpeedTreeImporter/Content/SpeedTree9/UnpackInteger3.uasset" 3380
"../../Plugins/Editor/SpeedTreeImporter/Content/SpeedTree9/Empty.uasset" 3381
"../../Plugins/Editor/SpeedTreeImporter/Content/SpeedTree9/EmptyNormal.uasset" 3382
"../../Plugins/Editor/SpeedTreeImporter/Content/SpeedTree9/game_wind_noise.uasset" 3383
"/SpeedTreeImporter/SpeedTree9/SpeedTreeBillboardMaster" 3384
"../../Plugins/Editor/SpeedTreeImporter/Content/SpeedTree9/SpeedTreeBillboardMaster.uasset" 3385
"../../Plugins/Editor/SpeedTreeImporter/Content/SpeedTree9/SpeedTreeBillboard.uasset" 3386
"/MediaPlate/SM_MediaPlateScreen" 3387
"../../Plugins/Media/MediaPlate/Content/SM_MediaPlateScreen.uasset" 3388
"/Engine/BasicShapes/BasicShapeMaterial" 3389
"../../../Engine/Content/BasicShapes/BasicShapeMaterial.uasset" 3390
"/Engine/EditorMaterials/Dataflow/DataflowVertexMaterial" 3391
"../../../Engine/Content/EditorMaterials/Dataflow/DataflowVertexMaterial.uasset" 3392
"/Engine/EditorMaterials/Dataflow/DataflowTwoSidedVertexMaterial" 3393
"../../../Engine/Content/EditorMaterials/Dataflow/DataflowTwoSidedVertexMaterial.uasset" 3394
"/Engine/EditorLandscapeResources/LayerVisMaterial" 3395
"../../../Engine/Content/EditorLandscapeResources/LayerVisMaterial.uasset" 3396
"../../../Engine/Content/EditorLandscapeResources/WhiteSquareTexture.uasset" 3397
"/Engine/EditorLandscapeResources/SelectBrushMaterial_Selected" 3398
"../../../Engine/Content/EditorLandscapeResources/SelectBrushMaterial_Selected.uasset" 3399
"../../../Engine/Content/EditorLandscapeResources/SelectBrushMaterial.uasset" 3400
"../../../Engine/Content/Functions/Engine_MaterialFunctions03/Math/WithinRangeFloat2.uasset" 3401
"../../../Engine/Content/EditorLandscapeResources/DefaultAlphaTexture.uasset" 3402
"/Engine/EditorLandscapeResources/SelectBrushMaterial_SelectedRegion" 3403
"../../../Engine/Content/EditorLandscapeResources/SelectBrushMaterial_SelectedRegion.uasset" 3404
"/Engine/EditorLandscapeResources/MaskBrushMaterial_MaskedRegion" 3405
"../../../Engine/Content/EditorLandscapeResources/MaskBrushMaterial_MaskedRegion.uasset" 3406
"../../../Engine/Content/EditorLandscapeResources/MaskBrushMaterial.uasset" 3407
"/Engine/EditorLandscapeResources/ColorMaskBrushMaterial_MaskedRegion" 3408
"../../../Engine/Content/EditorLandscapeResources/ColorMaskBrushMaterial_MaskedRegion.uasset" 3409
"../../../Engine/Content/EditorLandscapeResources/ColorMaskBrushMaterial.uasset" 3410
"/Engine/EditorLandscapeResources/LandscapeDirtyMaterial" 3411
"../../../Engine/Content/EditorLandscapeResources/LandscapeDirtyMaterial.uasset" 3412
"/Engine/EditorLandscapeResources/LandscapeLayerUsageMaterial" 3413
"../../../Engine/Content/EditorLandscapeResources/LandscapeLayerUsageMaterial.uasset" 3414
"../../../Engine/Content/Functions/Engine_MaterialFunctions01/Debug/DebugIntValues.uasset" 3415
"../../../Engine/Content/Functions/Engine_MaterialFunctions01/Texturing/ScaleUVsByCenter.uasset" 3416
"../../../Engine/Content/Functions/Engine_MaterialFunctions02/WorldPositionOffset/LocalPosition.uasset" 3417
"../../../Engine/Content/Functions/Engine_MaterialFunctions01/Texturing/TextureCropping.uasset" 3418
"../../../Engine/Content/Functions/Engine_MaterialFunctions02/ExampleContent/DebugNumberStrip.uasset" 3419
"C:/Users/Moonlord/AppData/Local/UnrealEngine/Editor/UInteractiveToolsPresetCollectionAsset_DefaultCollection.json" 3420
"/Engine/EngineMaterials/NaniteHiddenSectionMaterial" 3421
"../../../Engine/Content/EngineMaterials/NaniteHiddenSectionMaterial.uasset" 3422
"/Engine/EngineMaterials/RemoveSurfaceMaterial" 3423
"../../../Engine/Content/EngineMaterials/RemoveSurfaceMaterial.uasset" 3424
"/Engine/EngineDebugMaterials/DebugMeshMaterial" 3425
"../../../Engine/Content/EngineDebugMaterials/DebugMeshMaterial.uasset" 3426
"/Engine/EngineMaterials/EmissiveMeshMaterial" 3427
"../../../Engine/Content/EngineMaterials/EmissiveMeshMaterial.uasset" 3428
"../../../Engine/Content/EngineMaterials/DefaultWhiteGrid_Low.uasset" 3429
"/Engine/EngineMaterials/M_InvalidLightmapSettings" 3430
"../../../Engine/Content/EngineMaterials/M_InvalidLightmapSettings.uasset" 3431
"../../../Engine/Content/EngineMaterials/InvalidLightmapSettings.uasset" 3432
"/Engine/EngineMaterials/GizmoMaterial" 3433
"../../../Engine/Content/EngineMaterials/GizmoMaterial.uasset" 3434
"/Engine/EngineMaterials/PhAT_JointLimitMaterial" 3435
"../../../Engine/Content/EngineMaterials/PhAT_JointLimitMaterial.uasset" 3436
"/Engine/EngineMaterials/FlattenMaterial" 3437
"../../../Engine/Content/EngineMaterials/FlattenMaterial.uasset" 3438
"../../../Engine/Content/EngineMaterials/BaseFlattenDiffuseMap.uasset" 3439
"../../../Engine/Content/EngineMaterials/BaseFlattenEmissiveMap.uasset" 3440
"../../../Engine/Content/EngineMaterials/BaseFlattenGrayscaleMap.uasset" 3441
"../../../Engine/Content/EngineMaterials/BaseFlattenLinearColor.uasset" 3442
"../../../Engine/Content/EngineMaterials/BaseFlattenNormalMap.uasset" 3443
"../../../Engine/Content/Functions/Engine_MaterialFunctions02/PivotPainter2/Black_1x1_EXR_Texture.uasset" 3444
"/Engine/EngineMaterials/FlattenMaterial_VT" 3445
"../../../Engine/Content/EngineMaterials/FlattenMaterial_VT.uasset" 3446
"../../../Engine/Content/EngineMaterials/BaseFlattenDiffuseMap_VT.uasset" 3447
"../../../Engine/Content/EngineMaterials/BaseFlattenEmissiveMap_VT.uasset" 3448
"../../../Engine/Content/EngineMaterials/BaseFlattenGrayscaleMap_VT.uasset" 3449
"../../../Engine/Content/EngineMaterials/BaseFlattenLinearColor_VT.uasset" 3450
"../../../Engine/Content/EngineMaterials/BaseFlattenNormalMap_VT.uasset" 3451
"../../../Engine/Content/EngineMaterials/Black_1x1_EXR_Texture_VT.uasset" 3452
"/Engine/EngineMaterials/FlattenMaterial_WS_Normal_VT" 3453
"../../../Engine/Content/EngineMaterials/FlattenMaterial_WS_Normal_VT.uasset" 3454
"/Engine/EngineMaterials/Good64x64TilingNoiseHighFreq" 3455
"../../../Engine/Content/EngineMaterials/Good64x64TilingNoiseHighFreq.uasset" 3456
"/Engine/EngineMaterials/DefaultBokeh" 3457
"../../../Engine/Content/EngineMaterials/DefaultBokeh.uasset" 3458
"/Engine/EngineMaterials/MiniFont" 3459
"../../../Engine/Content/EngineMaterials/MiniFont.uasset" 3460
"/Engine/EngineMaterials/WeightMapPlaceholderTexture" 3461
"../../../Engine/Content/EngineMaterials/WeightMapPlaceholderTexture.uasset" 3462
"/Engine/EngineMaterials/WeightMapArrayPlaceholderTexture" 3463
"../../../Engine/Content/EngineMaterials/WeightMapArrayPlaceholderTexture.uasset" 3464
"/Engine/EngineMaterials/DefaultWhiteGrid" 3465
"../../../Engine/Content/EngineMaterials/DefaultWhiteGrid.uasset" 3466
"/Engine/EngineMaterials/PreintegratedSkinBRDF" 3467
"../../../Engine/Content/EngineMaterials/PreintegratedSkinBRDF.uasset" 3468
"/Engine/EngineMaterials/LTC/GGX_LTCAmp" 3469
"../../../Engine/Content/EngineMaterials/LTC/GGX_LTCAmp.uasset" 3470
"/Engine/EngineMaterials/LTC/GGX_LTCMat" 3471
"../../../Engine/Content/EngineMaterials/LTC/GGX_LTCMat.uasset" 3472
"/Engine/EngineMaterials/EnergyConservation/GGX_ReflectionEnergy" 3473
"../../../Engine/Content/EngineMaterials/EnergyConservation/GGX_ReflectionEnergy.uasset" 3474
"/Engine/EngineMaterials/EnergyConservation/GGX_TransmissionEnergyArray" 3475
"../../../Engine/Content/EngineMaterials/EnergyConservation/GGX_TransmissionEnergyArray.uasset" 3476
"/Engine/EngineMaterials/EnergyConservation/SheenLegacy_Energy" 3477
"../../../Engine/Content/EngineMaterials/EnergyConservation/SheenLegacy_Energy.uasset" 3478
"/Engine/EngineMaterials/DefaultPhysicalMaterial" 3479
"../../../Engine/Content/EngineMaterials/DefaultPhysicalMaterial.uasset" 3480
"/Engine/EngineMaterials/DefaultDestructiblePhysicalMaterial" 3481
"../../../Engine/Content/EngineMaterials/DefaultDestructiblePhysicalMaterial.uasset" 3482
"C:/Users/Moonlord/AppData/Local/UnrealEngine/Editor/ProjectEditorRecords.json" 3483
"/Niagara/ParameterDefinitions/SpriteRenderer" 3484
"../../Plugins/FX/Niagara/Content/ParameterDefinitions/SpriteRenderer.uasset" 3485
"/Niagara/ParameterDefinitions/RibbonRenderer" 3486
"../../Plugins/FX/Niagara/Content/ParameterDefinitions/RibbonRenderer.uasset" 3487
"/Niagara/ParameterDefinitions/MeshRenderer" 3488
"../../Plugins/FX/Niagara/Content/ParameterDefinitions/MeshRenderer.uasset" 3489
"/Niagara/ParameterDefinitions/LightRenderer" 3490
"../../Plugins/FX/Niagara/Content/ParameterDefinitions/LightRenderer.uasset" 3491
"/Niagara/ParameterDefinitions/DecalRenderer" 3492
"../../Plugins/FX/Niagara/Content/ParameterDefinitions/DecalRenderer.uasset" 3493
"/Niagara/ParameterDefinitions/CoreParameters" 3494
"../../Plugins/FX/Niagara/Content/ParameterDefinitions/CoreParameters.uasset" 3495
"/DeformerGraph/Deformers/DG_LinearBlendSkin_Morph_Cloth" 3496
"../../Plugins/Animation/DeformerGraph/Content/Deformers/DG_LinearBlendSkin_Morph_Cloth.uasset" 3497
"../../Plugins/Animation/DeformerGraph/Content/DeformerFunctions/DG_Function_LinearBlendSkin_Morph_Cloth.uasset" 3498
"/DeformerGraph/Deformers/DG_LinearBlendSkin_Morph_Cloth_RecomputeNormals" 3499
"../../Plugins/Animation/DeformerGraph/Content/Deformers/DG_LinearBlendSkin_Morph_Cloth_RecomputeNormals.uasset" 3500
"../../Plugins/Animation/DeformerGraph/Content/DeformerFunctions/DG_Function_ComputeNormalsTangents.uasset" 3501
"../../Plugins/Animation/DeformerGraph/Content/DeformerFunctions/DG_Function_LinearBlendSkin_Morph_Cloth_PositionOnly.uasset" 3502
"/Engine/BasicShapes/Sphere" 3503
"../../../Engine/Content/BasicShapes/Sphere.uasset" 3504
"../../../Engine/Content/EngineMaterials/DefaultMaterial.uasset" 3505
"/Engine/BasicShapes/Cylinder" 3506
"../../../Engine/Content/BasicShapes/Cylinder.uasset" 3507
"/Engine/BasicShapes/Cone" 3508
"../../../Engine/Content/BasicShapes/Cone.uasset" 3509
"/Engine/BasicShapes/Plane" 3510
"../../../Engine/Content/BasicShapes/Plane.uasset" 3511
"/Engine/EngineFonts/DroidSansMono" 3512
"../../../Engine/Content/EngineFonts/DroidSansMono.uasset" 3513
"../../../Engine/Content/EngineFonts/Faces/DroidSansMono.uasset" 3514
"../../../Engine/Documentation/Source/Shared/Types/ABrush/ABrush.INT.udn" 3515
"../../../Engine/Content/Internationalization/icudt64l/brkitr/en_US.res" 3516
"../../../Engine/Content/Internationalization/icudt64l/brkitr/en.res" 3517
"../../../Engine/Content/Internationalization/icudt64l/brkitr/root.res" 3518
"../../../Engine/Content/Internationalization/icudt64l/brkitr/char.brk" 3519
"../../../Engine/Content/Internationalization/icudt64l/brkitr/word.brk" 3520
"/Engine/EditorResources/SequenceRecorder/Countdown" 3521
"../../../Engine/Content/EditorResources/SequenceRecorder/Countdown.uasset" 3522
"/Engine/EditorResources/SequenceRecorder/RecordingIndicator" 3523
"../../../Engine/Content/EditorResources/SequenceRecorder/RecordingIndicator.uasset" 3524
"/Engine/EditorMaterials/PhAT_UnselectedMaterial" 3525
"../../../Engine/Content/EditorMaterials/PhAT_UnselectedMaterial.uasset" 3526
"/Engine/EditorMaterials/PhAT_NoCollisionMaterial" 3527
"../../../Engine/Content/EditorMaterials/PhAT_NoCollisionMaterial.uasset" 3528
"/Engine/EditorResources/S_Terrain" 3529
"../../../Engine/Content/EditorResources/S_Terrain.uasset" 3530
"../../../Engine/Plugins/FX/Niagara/Shaders/Private/NiagaraDataInterfaceTexture2DArrayTemplate.ush" 3531
"../../../Engine/Plugins/FX/Niagara/Shaders/Private/NiagaraDataInterfaceActorComponentTemplate.ush" 3532
"../../../Engine/Plugins/FX/Niagara/Shaders/Private/NiagaraDataInterfaceArrayTemplate.ush" 3533
"../../../Engine/Plugins/FX/Niagara/Shaders/Private/NiagaraDataInterfaceArrayRWTemplate.ush" 3534
"../../../Engine/Plugins/FX/Niagara/Shaders/Private/NiagaraDataInterfaceAsyncGpuTrace.ush" 3535
"../../../Engine/Plugins/FX/Niagara/Shaders/Private/NiagaraDataInterfaceAsyncGpuTraceTemplate.ush" 3536
"../../../Engine/Plugins/FX/Niagara/Shaders/Private/NiagaraDataInterfaceCamera.ush" 3537
"../../../Engine/Plugins/Experimental/ChaosNiagara/Shaders/NiagaraDataInterfaceChaosDestruction.ush" 3538
"../../../Engine/Plugins/FX/Niagara/Shaders/Private/NiagaraDataInterfaceCollisionQuery.ush" 3539
"../../../Engine/Plugins/FX/Niagara/Shaders/Private/NiagaraDataInterfaceCollisionQueryTemplate.ush" 3540
"../../../Engine/Plugins/FX/Niagara/Shaders/Private/NiagaraDataInterfaceCurveTemplate.ush" 3541
"../../../Engine/Plugins/FX/Niagara/Shaders/Private/NiagaraDataInterfaceCubeTextureTemplate.ush" 3542
"../../../Engine/Plugins/FX/Niagara/Shaders/Private/DataChannel/NiagaraDataInterfaceDataChannelCommon.ush" 3543
"../../../Engine/Plugins/FX/Niagara/Shaders/Private/DataChannel/NiagaraDataInterfaceDataChannelTemplateCommon.ush" 3544
"../../../Engine/Plugins/FX/Niagara/Shaders/Private/DataChannel/NiagaraDataInterfaceDataChannelTemplateReadCommon.ush" 3545
"../../../Engine/Plugins/FX/Niagara/Shaders/Private/DataChannel/NiagaraDataInterfaceDataChannelTemplate_Read.ush" 3546
"../../../Engine/Plugins/FX/Niagara/Shaders/Private/DataChannel/NiagaraDataInterfaceDataChannelTemplate_Consume.ush" 3547
"../../../Engine/Plugins/FX/Niagara/Shaders/Private/DataChannel/NiagaraDataInterfaceDataChannelTemplateWriteCommon.ush" 3548
"../../../Engine/Plugins/FX/Niagara/Shaders/Private/DataChannel/NiagaraDataInterfaceDataChannelTemplate_Append.ush" 3549
"../../../Engine/Plugins/FX/Niagara/Shaders/Private/NiagaraDataInterfaceDataTableTemplate.ush" 3550
"../../../Engine/Plugins/FX/Niagara/Shaders/Private/NiagaraDataInterfaceDebugDraw.ush" 3551
"../../../Engine/Plugins/FX/Niagara/Shaders/Private/NiagaraDataInterfaceDebugDrawTemplate.ush" 3552
"../../../Engine/Plugins/FX/Niagara/Shaders/Private/NiagaraDataInterfaceDynamicMeshTemplate.ush" 3553
"../../../Engine/Plugins/FX/Niagara/Shaders/Private/NiagaraDataInterfaceEmitterPropertiesTemplate.ush" 3554
"../../../Engine/Plugins/FX/Niagara/Shaders/Private/NiagaraDataInterfaceExportTemplate.ush" 3555
"../../../Engine/Plugins/FX/Niagara/Shaders/Private/NiagaraDataInterfaceGBufferTemplate.ush" 3556
"../../../Engine/Plugins/Experimental/ChaosNiagara/Shaders/NiagaraDataInterfaceGeometryCollection.ush" 3557
"../../../Engine/Plugins/FX/Niagara/Shaders/Private/NiagaraTransformUtils.ush" 3558
"../../../Engine/Plugins/Runtime/HairStrands/Shaders/Private/NiagaraStrandsExternalForce.ush" 3559
"../../../Engine/Plugins/Runtime/HairStrands/Shaders/Private/NiagaraHookeSpringMaterial.ush" 3560
"../../../Engine/Plugins/Runtime/HairStrands/Shaders/Private/NiagaraAngularSpringMaterial.ush" 3561
"../../../Engine/Plugins/Runtime/HairStrands/Shaders/Private/NiagaraConstantVolumeMaterial.ush" 3562
"../../../Engine/Plugins/Runtime/HairStrands/Shaders/Private/NiagaraCosseratRodMaterial.ush" 3563
"../../../Engine/Plugins/Runtime/HairStrands/Shaders/Private/NiagaraStaticCollisionConstraint.ush" 3564
"../../../Engine/Plugins/Runtime/HairStrands/Shaders/Private/NiagaraDataInterfaceHairStrands.ush" 3565
"../../../Engine/Plugins/Runtime/HairStrands/Shaders/Private/NiagaraDataInterfaceHairStrandsTemplate.ush" 3566
"../../../Engine/Plugins/FX/Niagara/Shaders/Private/NiagaraDataInterfaceIntRenderTarget2D.ush" 3567
"../../../Engine/Plugins/FX/Niagara/Shaders/Private/NiagaraDataInterfaceLandscape.ush" 3568
"../../../Engine/Plugins/FX/Niagara/Shaders/Private/NiagaraDataInterfaceMemoryBufferTemplate.ush" 3569
"../../../Engine/Plugins/FX/Niagara/Shaders/Private/NiagaraDataInterfaceMeshRendererInfoTemplate.ush" 3570
"../../../Engine/Plugins/FX/Niagara/Shaders/Private/NiagaraDataInterfaceOcclusion.ush" 3571
"../../../Engine/Plugins/FX/Niagara/Shaders/Private/NiagaraDataInterfacePhysicsAsset.ush" 3572
"../../../Engine/Plugins/Experimental/ChaosNiagara/Shaders/NiagaraDataInterfacePhysicsField.ush" 3573
"../../../Engine/Plugins/FX/Niagara/Shaders/Private/NiagaraDataInterfacePlatformSetTemplate.ush" 3574
"../../../Engine/Plugins/Runtime/HairStrands/Shaders/Private/NiagaraDataInterfaceVelocityGrid.ush" 3575
"../../../Engine/Plugins/Runtime/HairStrands/Shaders/Private/NiagaraDataInterfaceVelocityGridTemplate.ush" 3576
"../../../Engine/Plugins/Runtime/HairStrands/Shaders/Private/NiagaraDataInterfacePressureGrid.ush" 3577
"../../../Engine/Plugins/Runtime/HairStrands/Shaders/Private/NiagaraDataInterfacePressureGridTemplate.ush" 3578
"../../../Engine/Plugins/FX/Niagara/Shaders/Private/NiagaraDataInterfaceRenderTarget2DTemplate.ush" 3579
"../../../Engine/Plugins/FX/Niagara/Shaders/Private/NiagaraDataInterfaceRenderTarget2DArrayTemplate.ush" 3580
"../../../Engine/Plugins/FX/Niagara/Shaders/Private/NiagaraDataInterfaceRenderTargetCubeTemplate.ush" 3581
"../../../Engine/Plugins/FX/Niagara/Shaders/Private/NiagaraDataInterfaceRenderTargetVolumeTemplate.ush" 3582
"../../../Engine/Plugins/FX/Niagara/Shaders/Private/NiagaraDataInterfaceRigidMeshCollisionQuery.ush" 3583
"../../../Engine/Plugins/FX/Niagara/Shaders/Private/NiagaraDistanceFieldQueries.ush" 3584
"../../../Engine/Plugins/FX/Niagara/Shaders/Private/NiagaraDataInterfaceSceneCapture2DTemplate.ush" 3585
"../../../Engine/Plugins/FX/Niagara/Shaders/Private/NiagaraDataInterfaceSimCacheReaderTemplate.ush" 3586
"../../../Engine/Plugins/FX/Niagara/Shaders/Private/NiagaraDataInterfaceSimpleCounterTemplate.ush" 3587
"../../../Engine/Plugins/FX/Niagara/Shaders/Private/NiagaraDataInterfaceSkeletalMesh.ush" 3588
"../../../Engine/Plugins/FX/Niagara/Shaders/Private/NiagaraBaryCentricUtils.ush" 3589
"../../../Engine/Plugins/FX/Niagara/Shaders/Private/NiagaraDataInterfaceSkeletalMeshTemplate.ush" 3590
"../../../Engine/Plugins/FX/Niagara/Shaders/Private/NiagaraDataInterfaceSocketReaderTemplate.ush" 3591
"../../../Engine/Plugins/FX/Niagara/Shaders/Private/NiagaraDataInterfaceSparseVolumeTextureTemplate.ush" 3592
"../../../Engine/Plugins/FX/Niagara/Shaders/Private/NiagaraDataInterfaceSplineTemplate.ush" 3593
"../../../Engine/Plugins/FX/Niagara/Shaders/Private/NiagaraDataInterfaceSpriteRendererInfoTemplate.ush" 3594
"../../../Engine/Plugins/FX/Niagara/Shaders/Private/NiagaraDataInterfaceStaticMeshTemplate.ush" 3595
"../../../Engine/Plugins/FX/Niagara/Shaders/Private/NiagaraDataInterfaceTextureTemplate.ush" 3596
"../../../Engine/Plugins/FX/Niagara/Shaders/Private/NiagaraDataInterfaceVirtualTexture.ush" 3597
"../../../Engine/Plugins/FX/Niagara/Shaders/Private/NiagaraDataInterfaceVirtualTextureTemplate.ush" 3598
"../../../Engine/Plugins/FX/Niagara/Shaders/Private/NiagaraDataInterfaceVolumeCache.ush" 3599
"../../../Engine/Plugins/FX/Niagara/Shaders/Private/NiagaraDataInterfaceVolumeTextureTemplate.ush" 3600
"../../../Engine/Shaders/Public/Platform/Vulkan/VulkanCommon.ush" 3601
"../../../Engine/Shaders/Public/Platform/Vulkan/VulkanSubpassSupport.ush" 3602
"C:/Users/Moonlord/AppData/Local/Temp/UnrealShaderWorkingDir/CFA6C306492B83747A863ABBAF72C5BB/0/WorkerOutputOnly.out" 3603
"C:/Users/Moonlord/AppData/Local/Temp/UnrealShaderWorkingDir/CFA6C306492B83747A863ABBAF72C5BB/1/WorkerOutputOnly.out" 3604
"C:/Users/Moonlord/AppData/Local/Temp/UnrealShaderWorkingDir/CFA6C306492B83747A863ABBAF72C5BB/2/WorkerOutputOnly.out" 3605
"C:/Users/Moonlord/AppData/Local/Temp/UnrealShaderWorkingDir/CFA6C306492B83747A863ABBAF72C5BB/3/WorkerOutputOnly.out" 3606
"C:/Users/Moonlord/AppData/Local/Temp/UnrealShaderWorkingDir/CFA6C306492B83747A863ABBAF72C5BB/4/WorkerOutputOnly.out" 3607
"C:/Users/Moonlord/AppData/Local/Temp/UnrealShaderWorkingDir/CFA6C306492B83747A863ABBAF72C5BB/20/WorkerOutputOnly.out" 3608
"C:/Users/Moonlord/AppData/Local/Temp/UnrealShaderWorkingDir/CFA6C306492B83747A863ABBAF72C5BB/5/WorkerOutputOnly.out" 3609
"C:/Users/Moonlord/AppData/Local/Temp/UnrealShaderWorkingDir/CFA6C306492B83747A863ABBAF72C5BB/9/WorkerOutputOnly.out" 3610
"C:/Users/Moonlord/AppData/Local/Temp/UnrealShaderWorkingDir/CFA6C306492B83747A863ABBAF72C5BB/12/WorkerOutputOnly.out" 3611
"C:/Users/Moonlord/AppData/Local/Temp/UnrealShaderWorkingDir/CFA6C306492B83747A863ABBAF72C5BB/19/WorkerOutputOnly.out" 3612
"C:/Users/Moonlord/AppData/Local/Temp/UnrealShaderWorkingDir/CFA6C306492B83747A863ABBAF72C5BB/6/WorkerOutputOnly.out" 3613
"C:/Users/Moonlord/AppData/Local/Temp/UnrealShaderWorkingDir/CFA6C306492B83747A863ABBAF72C5BB/16/WorkerOutputOnly.out" 3614
"C:/Users/Moonlord/AppData/Local/Temp/UnrealShaderWorkingDir/CFA6C306492B83747A863ABBAF72C5BB/7/WorkerOutputOnly.out" 3615
"C:/Users/Moonlord/AppData/Local/Temp/UnrealShaderWorkingDir/CFA6C306492B83747A863ABBAF72C5BB/8/WorkerOutputOnly.out" 3616
"C:/Users/Moonlord/AppData/Local/Temp/UnrealShaderWorkingDir/CFA6C306492B83747A863ABBAF72C5BB/13/WorkerOutputOnly.out" 3617
"C:/Users/Moonlord/AppData/Local/Temp/UnrealShaderWorkingDir/CFA6C306492B83747A863ABBAF72C5BB/14/WorkerOutputOnly.out" 3618
"C:/Users/Moonlord/AppData/Local/Temp/UnrealShaderWorkingDir/CFA6C306492B83747A863ABBAF72C5BB/15/WorkerOutputOnly.out" 3619
"C:/Users/Moonlord/AppData/Local/Temp/UnrealShaderWorkingDir/CFA6C306492B83747A863ABBAF72C5BB/18/WorkerOutputOnly.out" 3620
"C:/Users/Moonlord/AppData/Local/Temp/UnrealShaderWorkingDir/CFA6C306492B83747A863ABBAF72C5BB/10/WorkerOutputOnly.out" 3621
"C:/Users/Moonlord/AppData/Local/Temp/UnrealShaderWorkingDir/CFA6C306492B83747A863ABBAF72C5BB/11/WorkerOutputOnly.out" 3622
"C:/Users/Moonlord/AppData/Local/Temp/UnrealShaderWorkingDir/CFA6C306492B83747A863ABBAF72C5BB/17/WorkerOutputOnly.out" 3623
"../../../Engine/Shaders/Public/Platform/GL/GLCommon.ush" 3624
"../../../Engine/Shaders/Public/Platform/GL/GLSubpassSupport.ush" 3625
"E:/Unreal Projects New/Sparks/Content/Blueprints/UMG/BP_TutorialTexts.uasset" 3626
"/Game/Blueprints/UMG/BP_TutorialTexts" 3627
"../../../Engine/Plugins/FX/Niagara/Content/Enums/ENiagara_Float4Channel.uasset" 3628
"../../../Engine/Plugins/FX/Niagara/Content/Modules/Collision/SceneDepthTest.uasset" 3629
"../../../Engine/Plugins/FX/Niagara/Content/Functions/Collision/PlaneSphereCollisionDetection.uasset" 3630
"../../../Engine/Plugins/FX/Niagara/Content/Functions/DirectionAndLength.uasset" 3631
"../../../Engine/Plugins/FX/Niagara/Content/VectorFields/Assets/TilingCurl16.uasset" 3632
"../../../Engine/Plugins/FX/Niagara/Content/Modules/Update/Forces/WindForce.uasset" 3633
"../../../Engine/Plugins/FX/Niagara/Content/Modules/Collision/Collision.uasset" 3634
"E:/Unreal Projects New/Sparks/Content/Blueprints/Meshes/BP_Moving_Platform_Remote.uasset" 3635
"../../../Engine/Plugins/FX/Niagara/Content/Functions/Helpers/DoOnce_fn.uasset" 3636
"../../../Engine/Plugins/FX/Niagara/Content/Modules/Collision/NiagaraDistanceFieldCollisions.uasset" 3637
"../../../Engine/Plugins/FX/Niagara/Content/Functions/CalculateRadiusFromSpriteSize.uasset" 3638
"E:/Unreal Projects New/Sparks/Content/Blueprints/Interface/BI_HiddenHandler.uasset" 3639
"../../../Engine/Plugins/FX/Niagara/Content/Modules/Collision/CollisionQueryAndResponse.uasset" 3640
"../../../Engine/Plugins/FX/Niagara/Content/Functions/ProjectVectorOnPlane.uasset" 3641
"../../../Engine/Plugins/FX/Niagara/Content/Functions/ReflectVector.uasset" 3642
"../../../Engine/Plugins/FX/Niagara/Content/Functions/Collision/RandomizeCollisionNormals.uasset" 3643
"../../../Engine/Plugins/FX/Niagara/Content/Enums/Wind/ENiagaraWindTurbulenceFrequencyMode.uasset" 3644
"../../../Engine/Plugins/FX/Niagara/Content/Enums/Wind/ENiagaraWindTurbulenceMode.uasset" 3645
"../../../Engine/Plugins/FX/Niagara/Content/Modules/Update/Forces/AerodynamicDrag.uasset" 3646
"../../../Engine/Plugins/FX/Niagara/Content/Functions/CalculateMeshRadius.uasset" 3647
"../../../Engine/Plugins/FX/Niagara/Content/Functions/Textures/CalculateA_VolumeTexturesDistanceFieldGradient.uasset" 3648
"../../../Engine/Plugins/FX/Niagara/Content/Enums/Wind/ENiagaraWindFrictionDistanceMode.uasset" 3649
"../../../Engine/Plugins/FX/Niagara/Content/VectorFields/Assets/TilingCurl64.uasset" 3650
"../../../Engine/Plugins/FX/Niagara/Content/VectorFields/Assets/TilingCurl32.uasset" 3651
"../../../Engine/Plugins/FX/Niagara/Content/Enums/Wind/ENiagaraWindTurbulenceContributionMode.uasset" 3652
"E:/Unreal Projects New/Sparks/Content/Blueprints/Materials/M_EnemyMat_Inst.uasset" 3653
"../../../Engine/Plugins/FX/Niagara/Content/Enums/Wind/ENiagaraWindOffsetMode.uasset" 3654
"../../../Engine/Plugins/FX/Niagara/Content/Enums/Wind/ENiagaraWindFrictionMode.uasset" 3655
"../../../Engine/Plugins/FX/Niagara/Content/Enums/Wind/ENiagaraWindCombingMode.uasset" 3656
"E:/Unreal Projects New/Sparks/Content/Blueprints/Interface/BI_UMG_Calls.uasset" 3657
"../../../Engine/Plugins/FX/Niagara/Content/DynamicInputs/Lerp/Lerp_Float.uasset" 3658
"../../../Engine/Plugins/FX/Niagara/Content/Enums/Wind/ENiagaraWindGroundMaskMode.uasset" 3659
"../../../Engine/Plugins/FX/Niagara/Content/Enums/Collision/SceneDepthCollisionQueryMethod.uasset" 3660
"E:/Unreal Projects New/Sparks/Content/Blueprints/UMG/WB_TutorialText.uasset" 3661
"/Game/Blueprints/Meshes/BP_Moving_Platform_Remote" 3662
"../../../Engine/Plugins/FX/Niagara/Content/Enums/ENiagaraAerodynamicDragPivotMode.uasset" 3663
"E:/Unreal Projects New/Sparks/Content/Blueprints/Interface/BI_Interact.uasset" 3664
"E:/Unreal Projects New/Sparks/Content/Blueprints/Materials/MI_HighlightMat_Inst.uasset" 3665
"E:/Unreal Projects New/Sparks/Content/StarterBundle/ModularScifiHallways/Materials/MI_EnergyEmissive_A.uasset" 3666
"E:/Unreal Projects New/Sparks/Content/StarterBundle/ModularScifiHallways/Materials/MI_EnergyEmissive_B.uasset" 3667
"E:/Unreal Projects New/Sparks/Content/StarterBundle/ModularScifiProps/Materials/MI_Base_Dark.uasset" 3668
"E:/Unreal Projects New/Sparks/Content/Blueprints/VFX/NS_InteractParticles.uasset" 3669
"E:/Unreal Projects New/Sparks/Content/StarterBundle/ModularScifiHallways/Meshes/SM_EnergyCore_A.uasset" 3670
"E:/Unreal Projects New/Sparks/Content/Blueprints/Materials/M_HighlightMat.uasset" 3671
"E:/Unreal Projects New/Sparks/Content/StarterBundle/ModularScifiHallways/Materials/M_EnergyEmissive.uasset" 3672
"E:/Unreal Projects New/Sparks/Content/StarterBundle/ModularScifiProps/Materials/M_Base_3C.uasset" 3673
"E:/Unreal Projects New/Sparks/Content/StarterBundle/ModularScifiProps/Textures/T_Base_Diff.uasset" 3674
"E:/Unreal Projects New/Sparks/Content/StarterBundle/ModularScifiProps/Textures/T_Base_M.uasset" 3675
"E:/Unreal Projects New/Sparks/Content/StarterBundle/ModularScifiProps/Textures/T_Base_N_normals.uasset" 3676
"E:/Unreal Projects New/Sparks/Content/StarterBundle/ModularScifiProps/Textures/T_Metal_Scratches_M.uasset" 3677
"E:/Unreal Projects New/Sparks/Content/Assets/Basic_VFX/Materials/M_energy.uasset" 3678
"../../Plugins/FX/Niagara/Content/DynamicInputs/ValueFromCurve/FloatFromCurve.uasset" 3679
"../../Plugins/FX/Niagara/Content/DynamicInputs/ValueFromCurve/VectorFromCurve.uasset" 3680
"../../Plugins/FX/Niagara/Content/Modules/Emitter/EmitterState.uasset" 3681
"../../Plugins/FX/Niagara/Content/Modules/Emitter/SpawnRate.uasset" 3682
"../../Plugins/FX/Niagara/Content/Modules/Solvers/SolveForcesAndVelocity.uasset" 3683
"../../Plugins/FX/Niagara/Content/Modules/Spawn/Initialization/V2/InitializeParticle.uasset" 3684
"../../Plugins/FX/Niagara/Content/Modules/Spawn/Location/V2/SphereLocation.uasset" 3685
"../../Plugins/FX/Niagara/Content/Modules/Spawn/Velocity/AddVelocityFromPoint.uasset" 3686
"../../Plugins/FX/Niagara/Content/Modules/System/SystemState.uasset" 3687
"../../Plugins/FX/Niagara/Content/Modules/Update/Color/ScaleColor.uasset" 3688
"../../Plugins/FX/Niagara/Content/Modules/Update/Forces/Drag.uasset" 3689
"../../Plugins/FX/Niagara/Content/Modules/Update/Lifetime/ParticleState.uasset" 3690
"../../Plugins/FX/Niagara/Content/Modules/Update/Material/DynamicMaterialParameters.uasset" 3691
"../../Plugins/FX/Niagara/Content/Modules/Update/Size/ScaleMeshSize.uasset" 3692
"../../Plugins/FX/Niagara/Content/Modules/Update/Size/ScaleSpriteSize.uasset" 3693
"../../Plugins/FX/Niagara/Content/Enums/ENiagara_ColorInitializationMode.uasset" 3694
"../../Plugins/FX/Niagara/Content/Enums/ENiagara_EmitterStateOptions.uasset" 3695
"../../Plugins/FX/Niagara/Content/Enums/ENiagara_InfiniteLoopDuration.uasset" 3696
"../../Plugins/FX/Niagara/Content/Enums/ENiagara_LifetimeMode.uasset" 3697
"../../Plugins/FX/Niagara/Content/Enums/ENiagara_MassInitializationMode.uasset" 3698
"../../Plugins/FX/Niagara/Content/Enums/ENiagara_PositionInitializationMode.uasset" 3699
"../../Plugins/FX/Niagara/Content/Enums/ENiagara_SizeScaleMode.uasset" 3700
"../../Plugins/FX/Niagara/Content/Enums/ENiagara_SpriteRotationMode.uasset" 3701
"../../Plugins/FX/Niagara/Content/Enums/ENiagara_UVFlippingMode.uasset" 3702
"../../Plugins/FX/Niagara/Content/Enums/ENiagaraChannelCorrelation.uasset" 3703
"../../Plugins/FX/Niagara/Content/Enums/ENiagaraEmitterLifeCycleMode.uasset" 3704
"../../Plugins/FX/Niagara/Content/Enums/ENiagaraEmitterScalabilityMode_Limited.uasset" 3705
"../../Plugins/FX/Niagara/Content/Enums/ENiagaraInactiveMode.uasset" 3706
"../../Plugins/FX/Niagara/Content/Enums/ENiagaraRandomnessEvaluation.uasset" 3707
"../../Plugins/FX/Niagara/Content/Enums/ENiagaraRandomnessMode.uasset" 3708
"../../Plugins/FX/Niagara/Content/Enums/ENiagaraScaleColorMode.uasset" 3709
"../../Plugins/FX/Niagara/Content/Enums/ENiagaraSphereDistributionMode.uasset" 3710
"../../Plugins/FX/Niagara/Content/Enums/ENiagaraSystemInactiveMode.uasset" 3711
"../../Plugins/FX/Niagara/Content/Enums/Ribbons/ENiagara_UnsetDirectSet.uasset" 3712
"../../Plugins/FX/Niagara/Content/Enums/Ribbons/ENiagara_UnsetDirectSetRandom.uasset" 3713
"../../Plugins/FX/Niagara/Content/Enums/SpriteRenderer/ENiagara_ScaleSpriteSize.uasset" 3714
"../../Plugins/FX/Niagara/Content/Enums/Utility/ENiagara_DynamicMaterialParametersInputMode.uasset" 3715
"E:/Unreal Projects New/Sparks/Content/StarterBundle/ModularScifiHallways/Materials/MI_EnergyCore_A_M.uasset" 3716
"E:/Unreal Projects New/Sparks/Content/StarterBundle/ModularScifiHallways/Materials/MI_Pipes_ADark_M.uasset" 3717
"E:/Unreal Projects New/Sparks/Content/StarterBundle/ModularScifiHallways/Textures/T_EnergyCore_EM.uasset" 3718
"../../../Engine/Content/Functions/Engine_MaterialFunctions01/ImageAdjustment/CheapContrast_RGB.uasset" 3719
"../../../Engine/Content/EngineDebugMaterials/HeatmapGradient.uasset" 3720
"E:/Unreal Projects New/Sparks/Content/StarterBundle/ModularScifiProps/Textures/T_CardReader_Diff.uasset" 3721
"E:/Unreal Projects New/Sparks/Content/StarterBundle/ModularScifiProps/Textures/T_CardReader_M.uasset" 3722
"E:/Unreal Projects New/Sparks/Content/StarterBundle/ModularScifiProps/Textures/T_CardReader_N_normals.uasset" 3723
"E:/Unreal Projects New/Sparks/Content/StarterBundle/ModularScifiProps/Textures/T_LampEmissive.uasset" 3724
"E:/Unreal Projects New/Sparks/Content/StarterBundle/ModularScifiProps/Textures/T_Metal_Brushed_M.uasset" 3725
"E:/Unreal Projects New/Sparks/Content/StarterBundle/ModularScifiProps/Textures/T_Metal_Brushed_N.uasset" 3726
"../../../Engine/Content/Functions/Engine_MaterialFunctions01/Density/ExponentialDensity.uasset" 3727
"../../../Engine/Content/Functions/Engine_MaterialFunctions01/Gradient/RadialGradientExponential.uasset" 3728
"E:/Unreal Projects New/Sparks/Content/Assets/Basic_VFX/Texture/T_energy_nose.uasset" 3729
"../../Plugins/FX/Niagara/Content/Functions/Emitter/EmitterChangeState.uasset" 3730
"../../Plugins/FX/Niagara/Content/Icons/Modules/T_Icon_Scalability_Emitter.uasset" 3731
"../../Plugins/FX/Niagara/Content/Icons/Modules/T_Icon_Scalability_System.uasset" 3732
"../../Plugins/FX/Niagara/Content/Functions/RandomRangeFloat.uasset" 3733
"../../Plugins/FX/Niagara/Content/Functions/DirectionAndLengthSafe.uasset" 3734
"../../Plugins/FX/Niagara/Content/Functions/Drag/DragVelocity.uasset" 3735
"../../Plugins/FX/Niagara/Content/Functions/Math/CentimeterMeterConversion.uasset" 3736
"../../Plugins/FX/Niagara/Content/Functions/Rotation/MultiplyVectorWithQuaternion.uasset" 3737
"../../Plugins/FX/Niagara/Content/Modules/Solvers/ApplyRotationVector.uasset" 3738
"../../Plugins/FX/Niagara/Content/Icons/Modules/T_Icon_Solver_LimitAccel.uasset" 3739
"../../Plugins/FX/Niagara/Content/Icons/Modules/T_Icon_Solver_LimitSpeed.uasset" 3740
"../../Plugins/FX/Niagara/Content/Icons/Modules/T_Icon_Solver_RotationalSolve.uasset" 3741
"../../Plugins/FX/Niagara/Content/Functions/LinearColor/HueShiftLinearColor.uasset" 3742
"../../Plugins/FX/Niagara/Content/Functions/Localspace/SimulationPosition.uasset" 3743
"../../Plugins/FX/Niagara/Content/Functions/Localspace/TransformVector.uasset" 3744
"../../Plugins/FX/Niagara/Content/Functions/V2/CalculateRandomBool.uasset" 3745
"../../Plugins/FX/Niagara/Content/Functions/V2/CalculateRandomRange.uasset" 3746
"../../Plugins/FX/Niagara/Content/Functions/V2/CalculateRandomRangeFloat.uasset" 3747
"../../Plugins/FX/Niagara/Content/Functions/V2/CalculateRandomRangeInteger.uasset" 3748
"../../Plugins/FX/Niagara/Content/Functions/Localspace/PositionToVector.uasset" 3749
"../../Plugins/FX/Niagara/Content/Functions/Rotation/FindQuatBetween.uasset" 3750
"../../Plugins/FX/Niagara/Content/Functions/SphericalToCartesianCoordinates.uasset" 3751
"../../Plugins/FX/Niagara/Content/Functions/V2/CalculateRandomPointInSphere.uasset" 3752
"../../Plugins/FX/Niagara/Content/Enums/ENiagaraExpansionMode.uasset" 3753
"../../Plugins/FX/Niagara/Content/Functions/DistanceBasedFalloff.uasset" 3754
"../../Plugins/FX/Niagara/Content/Functions/RandomVector.uasset" 3755
"../../Plugins/FX/Niagara/Content/Functions/System/SystemChangeState.uasset" 3756
"../../Plugins/FX/Niagara/Content/Functions/Math/SaturateFloat.uasset" 3757
"../../Plugins/FX/Niagara/Content/Icons/Modules/T_Icon_Particle_InfiniteLife.uasset" 3758
"E:/Unreal Projects New/Sparks/Content/StarterBundle/ModularScifiHallways/Materials/M_Base_2C.uasset" 3759
"E:/Unreal Projects New/Sparks/Content/StarterBundle/ModularScifiHallways/Textures/T_EnergyCore_A_Diff.uasset" 3760
"E:/Unreal Projects New/Sparks/Content/StarterBundle/ModularScifiHallways/Textures/T_EnergyCore_A_M.uasset" 3761
"E:/Unreal Projects New/Sparks/Content/StarterBundle/ModularScifiHallways/Textures/T_EnergyCore_A_N_normals.uasset" 3762
"E:/Unreal Projects New/Sparks/Content/StarterBundle/ModularScifiHallways/Textures/T_Metal_Scratches_M.uasset" 3763
"E:/Unreal Projects New/Sparks/Content/StarterBundle/ModularScifiHallways/Textures/T_Pipes_A_Diff.uasset" 3764
"E:/Unreal Projects New/Sparks/Content/StarterBundle/ModularScifiHallways/Textures/T_Pipes_A_M.uasset" 3765
"E:/Unreal Projects New/Sparks/Content/StarterBundle/ModularScifiHallways/Textures/T_Pipes_A_N_normals.uasset" 3766
"../../Plugins/FX/Niagara/Content/Functions/GetRandomInfo.uasset" 3767
"../../Plugins/FX/Niagara/Content/Functions/Rotation/AxisAngleToQuaternion.uasset" 3768
"../../Plugins/FX/Niagara/Content/Functions/Rotation/MultiplyQuaternion.uasset" 3769
"../../Plugins/FX/Niagara/Content/Functions/Localspace/TransformBase.uasset" 3770
"../../Plugins/FX/Niagara/Content/Functions/ChannelMasks/SelectV4Channel.uasset" 3771
"../../Plugins/FX/Niagara/Content/Enums/ENiagaraVector4_Channels.uasset" 3772
"../../Plugins/FX/Niagara/Content/Functions/NormalizeDistanceRange.uasset" 3773
"../../Plugins/FX/Niagara/Content/Functions/RandomUnitVector.uasset" 3774
"E:/Unreal Projects New/Sparks/Content/StarterBundle/ModularScifiHallways/Textures/T_Ceiling_A_Buffer_Diff.uasset" 3775
"E:/Unreal Projects New/Sparks/Content/StarterBundle/ModularScifiHallways/Textures/T_Ceiling_A_Buffer_M.uasset" 3776
"E:/Unreal Projects New/Sparks/Content/StarterBundle/ModularScifiHallways/Textures/T_Ceiling_A_Buffer_N_normals.uasset" 3777
"E:/Unreal Projects New/Sparks/Content/StarterBundle/ModularScifiHallways/Textures/T_DefaultLight_S.uasset" 3778
"E:/Unreal Projects New/Sparks/Content/StarterBundle/ModularScifiHallways/Textures/T_Metal_Brushed_N.uasset" 3779
"/Niagara/VectorFields/Assets/TilingCurl16" 3780
"/Niagara/VectorFields/Assets/TilingCurl64" 3781
"/Niagara/Functions/DirectionAndLength" 3782
"/Niagara/VectorFields/Assets/TilingCurl32" 3783
"/Niagara/Modules/Update/Forces/WindForce" 3784
"../../Plugins/FX/Niagara/Content/Functions/V2/RemapRange.uasset" 3785
"../../Plugins/FX/Niagara/Content/Enums/ENiagaraCurlNoiseQuality.uasset" 3786
"/Niagara/Functions/Collision/PlaneSphereCollisionDetection" 3787
"/Niagara/Modules/Collision/NiagaraDistanceFieldCollisions" 3788
"/Niagara/Modules/Collision/SceneDepthTest" 3789
"/Niagara/Functions/Collision/RandomizeCollisionNormals" 3790
"/Niagara/Functions/Textures/CalculateA_VolumeTexturesDistanceFieldGradient" 3791
"/Niagara/Functions/ReflectVector" 3792
"/Niagara/Modules/Collision/CollisionQueryAndResponse" 3793
"../../Plugins/FX/Niagara/Content/Enums/ENiagara_CPUCollisionType.uasset" 3794
"../../Plugins/FX/Niagara/Content/Enums/ENiagara_GPUCollisionType.uasset" 3795
"../../Plugins/FX/Niagara/Content/Enums/ENiagaraFrictionMergeType.uasset" 3796
"../../Plugins/FX/Niagara/Content/Enums/ENiagaraRestitutionMergeType.uasset" 3797
"/Niagara/Functions/Helpers/DoOnce_fn" 3798
"/Niagara/Functions/CalculateMeshRadius" 3799
"../../Plugins/FX/Niagara/Content/Enums/ENiagaraCalculateRadiusOptions.uasset" 3800
"/Niagara/Functions/CalculateRadiusFromSpriteSize" 3801
"/Niagara/Modules/Collision/Collision" 3802
"../../Plugins/FX/Niagara/Content/Functions/Localspace/TransformPosition.uasset" 3803
"../../Plugins/FX/Niagara/Content/Enums/ENiagaraCollisionRadiusOptions.uasset" 3804
"/Niagara/DynamicInputs/Lerp/Lerp_Float" 3805
"/Game/Blueprints/Materials/M_EnemyMat_Inst" 3806
"E:/Unreal Projects New/Sparks/Content/Blueprints/Materials/M_SparkMat.uasset" 3807
"/Niagara/Enums/ENiagaraAerodynamicDragPivotMode" 3808
"E:/Unreal Projects New/Sparks/Content/Blueprints/Materials/M_Elevators.uasset" 3809
"E:/Unreal Projects New/Sparks/Content/Assets/Basic_VFX/Texture/T_glow_2.uasset" 3810
"E:/Unreal Projects New/Sparks/Content/Blueprints/Triggers/BP_HiddenTrigger.uasset" 3811
"E:/Unreal Projects New/Sparks/Content/Blueprints/Materials/MI_ForceField_Inst.uasset" 3812
"E:/Unreal Projects New/Sparks/Content/Blueprints/Meshes/BP_Finish_Pad.uasset" 3813
"E:/Unreal Projects New/Sparks/Content/Assets/Basic_VFX/Materials/M_light_2.uasset" 3814
"E:/Unreal Projects New/Sparks/Content/Assets/Basic_VFX/Materials/M_light.uasset" 3815
"../../../Engine/Plugins/FX/Niagara/Content/DynamicInputs/TypeConversions/MakeFloatFromVector2d.uasset" 3816
"E:/Unreal Projects New/Sparks/Content/Blueprints/VFX/NS_Triggers.uasset" 3817
"../../../Engine/Plugins/FX/Niagara/Content/Modules/Update/Orientation/SpriteRotationRate.uasset" 3818
"../../../Engine/Plugins/FX/Niagara/Content/Enums/ENiagaraVector2_Channels.uasset" 3819
"../../../Engine/Plugins/FX/Niagara/Content/DynamicInputs/TypeConversions/Vector2DFromFloat.uasset" 3820
"../../../Engine/Plugins/FX/Niagara/Content/Modules/Update/Orientation/AlignSpriteToMeshOrientation.uasset" 3821
"../../../Engine/Plugins/FX/Niagara/Content/Functions/ChannelMasks/SelectV2Channel.uasset" 3822
"../../../Engine/Plugins/FX/Niagara/Content/DynamicInputs/UniformRange/V2/RandomRangeVector2D.uasset" 3823
"../../../Engine/Plugins/FX/Niagara/Content/Enums/ENiagaraDragCoefficientShapeMode.uasset" 3824
"E:/Unreal Projects New/Sparks/Content/Blueprints/Materials/M_ForceField.uasset" 3825
"../../../Engine/Plugins/FX/Niagara/Content/Modules/Spawn/Location/CylinderLocation.uasset" 3826
"E:/Unreal Projects New/Sparks/Content/Assets/Basic_VFX/Texture/T_ring.uasset" 3827
"E:/Unreal Projects New/Sparks/Content/Assets/Audio/SC_ElectricForcefield.uasset" 3828
"../../../Engine/Plugins/FX/Niagara/Content/DynamicInputs/Helpers/SimulationPosition.uasset" 3829
"E:/Unreal Projects New/Sparks/Content/Blueprints/Materials/M_ElectricZaps.uasset" 3830
"../../../Engine/Plugins/FX/Niagara/Content/Modules/Beams/SpawnBeam.uasset" 3831
"E:/Unreal Projects New/Sparks/Content/Blueprints/Materials/MI_ElectricZaps_Inst.uasset" 3832
"../../../Engine/Plugins/FX/Niagara/Content/Modules/Beams/BeamWidth.uasset" 3833
"../../../Engine/Plugins/FX/Niagara/Content/DynamicInputs/Multiply/Multiply_VectorByFloat.uasset" 3834
"E:/Unreal Projects New/Sparks/Content/Blueprints/VFX/NS_Electrified.uasset" 3835
"../../../Engine/Plugins/FX/Niagara/Content/Modules/Ribbons/ScaleRibbonWidth.uasset" 3836
"E:/Unreal Projects New/Sparks/Content/Assets/Basic_VFX/Niagara/NS_Basic_13.uasset" 3837
"../../../Engine/Plugins/FX/Niagara/Content/Functions/Spline/FindPositionOnBezierSpline.uasset" 3838
"../../../Engine/Plugins/FX/Niagara/Content/Modules/Beams/BeamEmitterSetup.uasset" 3839
"/Game/Blueprints/Materials/M_ElectricZaps" 3840
"/Game/Blueprints/Materials/MI_ForceField_Inst" 3841
"/Game/Blueprints/VFX/NS_Electrified" 3842
"E:/Unreal Projects New/Sparks/Content/Blueprints/Materials/M_BeamMat.uasset" 3843
"../../Plugins/FX/Niagara/Content/DefaultAssets/DefaultSpriteMaterial.uasset" 3844
"E:/Unreal Projects New/Sparks/Content/Blueprints/VFX/RibbonEmitter.uasset" 3845
"../../Plugins/FX/Niagara/Content/DynamicInputs/Lerp/Lerp_Vector.uasset" 3846
"../../Plugins/FX/Niagara/Content/DynamicInputs/LinearColor/MultiplyLinearColor.uasset" 3847
"../../Plugins/FX/Niagara/Content/DynamicInputs/Multiply/Multiply_Vector4_ByFloat.uasset" 3848
"../../Plugins/FX/Niagara/Content/Modules/Emitter/SpawnBurst_Instantaneous.uasset" 3849
"../../Plugins/FX/Niagara/Content/Modules/Spawn/Velocity/AddVelocity.uasset" 3850
"../../Plugins/FX/Niagara/Content/Modules/Update/Color/Color.uasset" 3851
"../../Plugins/FX/Niagara/Content/Modules/Update/Forces/GravityForce.uasset" 3852
"../../Plugins/FX/Niagara/Content/Modules/Update/Position/JitterPosition.uasset" 3853
"../../Plugins/FX/Niagara/Content/Enums/Angles/ENiagara_AngleInput.uasset" 3854
"../../Plugins/FX/Niagara/Content/Enums/Transforms/ENiagara_RotationMode.uasset" 3855
"../../Plugins/FX/Niagara/Content/Enums/Utility/ENiagara_VelocityMode.uasset" 3856
"../../Plugins/FX/Niagara/Content/Functions/NormalizedExecutionIndex.uasset" 3857
"../../Plugins/FX/Niagara/Content/Functions/Math/CalculateRandomPointInConeSphereIntersection.uasset" 3858
"../../Plugins/FX/Niagara/Content/Functions/Rotation/AngleUnitConverter.uasset" 3859
"../../Plugins/FX/Niagara/Content/Functions/Rotation/InvertQuaternion.uasset" 3860
"../../Plugins/FX/Niagara/Content/Functions/Rotation/MakeQuaternionFrom3BasisVectors.uasset" 3861
"../../Plugins/FX/Niagara/Content/Functions/Rotation/TransformStack/TransformStack_Rotation.uasset" 3862
"../../Plugins/FX/Niagara/Content/Functions/Rotation/XYZRotationToQuaternion.uasset" 3863
"../../Plugins/FX/Niagara/Content/Functions/V2/CalculateRandomUnitVector.uasset" 3864
"../../Plugins/FX/Niagara/Content/Functions/V2/DistanceBasedFalloff.uasset" 3865
"../../Plugins/FX/Niagara/Content/Functions/Rotation/MatrixToQuaternion.uasset" 3866
"/Game/Assets/Audio/SC_ElectricForcefield" 3867
"E:/Unreal Projects New/Sparks/Content/Assets/Audio/electric-90746.uasset" 3868
"/Game/Blueprints/Materials/M_Elevators" 3869
"/Niagara/Modules/Update/Forces/AerodynamicDrag" 3870
"/Game/Blueprints/Meshes/BP_Finish_Pad" 3871
"E:/Unreal Projects New/Sparks/Content/Blueprints/Interface/BI_EndLevel.uasset" 3872
"E:/Unreal Projects New/Sparks/Content/StarterBundle/ModularSci_Comm/Materials/MI_Trims_C_Yellow.uasset" 3873
"E:/Unreal Projects New/Sparks/Content/StarterBundle/ModularSci_Comm/Meshes/SM_Floor_Center_A3.uasset" 3874
"E:/Unreal Projects New/Sparks/Content/StarterBundle/ModularSci_Comm/Materials/M_Base_Trim.uasset" 3875
"E:/Unreal Projects New/Sparks/Content/StarterBundle/ModularSci_Comm/Textures/T_Metal_Brushed_N.uasset" 3876
"../../Plugins/FX/Niagara/Content/DynamicInputs/UniformRange/V2/RandomRangeFloat.uasset" 3877
"../../Plugins/FX/Niagara/Content/Enums/ENiagara_AttributeSamplingApplyOutput.uasset" 3878
"../../Plugins/FX/Niagara/Content/Enums/Location/ENiagara_CylinderMode.uasset" 3879
"../../Plugins/FX/Niagara/Content/Enums/Transforms/ENiagara_OffsetMode.uasset" 3880
"../../Plugins/FX/Niagara/Content/Enums/Transforms/ENiagara_ScaleMode.uasset" 3881
"../../Plugins/FX/Niagara/Content/Enums/Transforms/ENiagara_TransformOrder.uasset" 3882
"../../Plugins/FX/Niagara/Content/Enums/Transforms/ENiagara_TransformType.uasset" 3883
"E:/Unreal Projects New/Sparks/Content/StarterBundle/ModularSci_Comm/Materials/MI_Solid_Black.uasset" 3884
"E:/Unreal Projects New/Sparks/Content/StarterBundle/ModularSci_Comm/Materials/MI_Trims_C_FloorBlack.uasset" 3885
"E:/Unreal Projects New/Sparks/Content/StarterBundle/ModularSci_Comm/Materials/MI_Trims_C_Gray.uasset" 3886
"E:/Unreal Projects New/Sparks/Content/StarterBundle/ModularSci_Comm/Materials/MI_Trims_C_Red.uasset" 3887
"E:/Unreal Projects New/Sparks/Content/StarterBundle/ModularSci_Comm/Textures/Base/T_Base.uasset" 3888
"E:/Unreal Projects New/Sparks/Content/StarterBundle/ModularSci_Comm/Textures/T_Metal_Brushed_M.uasset" 3889
"E:/Unreal Projects New/Sparks/Content/StarterBundle/ModularSci_Comm/Textures/T_Trim_C_diffuse.uasset" 3890
"E:/Unreal Projects New/Sparks/Content/StarterBundle/ModularSci_Comm/Textures/T_Trim_EdgeMask.uasset" 3891
"E:/Unreal Projects New/Sparks/Content/StarterBundle/ModularSci_Comm/Textures/T_Trims_C_normals.uasset" 3892
"../../Plugins/FX/Niagara/Content/Functions/PolarToCartesianCoordinates.uasset" 3893
"E:/Unreal Projects New/Sparks/Content/StarterBundle/ModularSci_Comm/Materials/M_SolidColor_Base.uasset" 3894
"E:/Unreal Projects New/Sparks/Content/StarterBundle/ModularSci_Comm/Textures/Base/T_Base_Dirt_2.uasset" 3895
"E:/Unreal Projects New/Sparks/Content/StarterBundle/ModularSci_Comm/Textures/T_Metal_Scratches_M.uasset" 3896
"E:/Unreal Projects New/Sparks/Content/StarterBundle/ModularSci_Comm/Textures/T_Hexagon.uasset" 3897
"/Game/Blueprints/Triggers/BP_HiddenTrigger" 3898
"../../../Engine/Content/EditorBlueprintResources/StandardMacros.uasset" 3899
"E:/Unreal Projects New/Sparks/Content/Blueprints/Pawn/BP_Sparky.uasset" 3900
"E:/Unreal Projects New/Sparks/Content/Assets/Interface_And_Item_Sounds/Cues/Special_Powerup_03_Cue.uasset" 3901
"E:/Unreal Projects New/Sparks/Content/Variant_SideScroller/Blueprints/BP_SideScrollingCharacter.uasset" 3902
"E:/Unreal Projects New/Sparks/Content/Blueprints/Interface/BI_GetData.uasset" 3903
"E:/Unreal Projects New/Sparks/Content/Blueprints/Interface/BI_PlayerProgress.uasset" 3904
"E:/Unreal Projects New/Sparks/Content/Blueprints/Interface/BI_SaveHandler.uasset" 3905
"E:/Unreal Projects New/Sparks/Content/Blueprints/Interface/BI_SaveSparks.uasset" 3906
"E:/Unreal Projects New/Sparks/Content/Blueprints/Interface/BI_StopAllMovement.uasset" 3907
"E:/Unreal Projects New/Sparks/Content/Blueprints/Interface/BI_StopDamage.uasset" 3908
"E:/Unreal Projects New/Sparks/Content/Blueprints/Interface/BI_Timer.uasset" 3909
"E:/Unreal Projects New/Sparks/Content/Saves/SavePlayerProgress.uasset" 3910
"E:/Unreal Projects New/Sparks/Content/Saves/SaveSparksAndBoost.uasset" 3911
"E:/Unreal Projects New/Sparks/Content/Variant_SideScroller/Input/Actions/IA_Interact.uasset" 3912
"E:/Unreal Projects New/Sparks/Content/Blueprints/VFX/NS_RibbonTrail.uasset" 3913
"E:/Unreal Projects New/Sparks/Content/Blueprints/VFX/NS_Sparky.uasset" 3914
"E:/Unreal Projects New/Sparks/Content/Blueprints/VFX/NS_Zap.uasset" 3915
"E:/Unreal Projects New/Sparks/Content/Assets/Audio/SCC_PlayerDamage.uasset" 3916
"E:/Unreal Projects New/Sparks/Content/Assets/Audio/Shocked_Cue.uasset" 3917
"E:/Unreal Projects New/Sparks/Content/Assets/Audio/Zap_Cue.uasset" 3918
"E:/Unreal Projects New/Sparks/Content/Assets/Interface_And_Item_Sounds/Cues/Gong_01_Cue.uasset" 3919
"E:/Unreal Projects New/Sparks/Content/Assets/Interface_And_Item_Sounds/Cues/Pop_10_Cue.uasset" 3920
"E:/Unreal Projects New/Sparks/Content/Assets/Interface_And_Item_Sounds/Cues/Special_Powerup_08_Cue.uasset" 3921
"E:/Unreal Projects New/Sparks/Content/Blueprints/UMG/WB_LoseScreen.uasset" 3922
"E:/Unreal Projects New/Sparks/Content/Blueprints/UMG/WB_LvlUp.uasset" 3923
"E:/Unreal Projects New/Sparks/Content/Blueprints/UMG/WB_Timer.uasset" 3924
"E:/Unreal Projects New/Sparks/Content/Blueprints/UMG/WB_UI_HUD.uasset" 3925
"../../Plugins/FX/Niagara/Content/DynamicInputs/UniformRange/V2/RandomRangeVector.uasset" 3926
"../../Plugins/FX/Niagara/Content/Modules/Spawn/Location/V2/ShapeLocation.uasset" 3927
"../../Plugins/FX/Niagara/Content/Modules/Update/Size/ScaleSpriteSizeBySpeed.uasset" 3928
"../../Plugins/FX/Niagara/Content/Enums/ENiagaraShapeTorusMode.uasset" 3929
"../../Plugins/FX/Niagara/Content/Enums/ENiagaraTorusDistributionMode.uasset" 3930
"../../Plugins/FX/Niagara/Content/Enums/Location/ENiagara_BoxPlaneMode.uasset" 3931
"../../Plugins/FX/Niagara/Content/Enums/Location/ENiagara_ConeMode.uasset" 3932
"../../Plugins/FX/Niagara/Content/Enums/Location/ENiagara_LocationShapes.uasset" 3933
"../../Plugins/FX/Niagara/Content/Enums/Location/ENiagaraRingDiscMode.uasset" 3934
"E:/Unreal Projects New/Sparks/Content/Assets/Interface_And_Item_Sounds/WAV/Special_Powerup_03.uasset" 3935
"E:/Unreal Projects New/Sparks/Content/Variant_SideScroller/Anims/ABP_Manny_SideScroller.uasset" 3936
"E:/Unreal Projects New/Sparks/Content/Blueprints/Enemy_AI/BP_EnemySpark.uasset" 3937
"E:/Unreal Projects New/Sparks/Content/Variant_SideScroller/Blueprints/BPI_SideScrolling.uasset" 3938
"E:/Unreal Projects New/Sparks/Content/Variant_SideScroller/Input/BPI_TouchInterface_SideScrolling.uasset" 3939
"E:/Unreal Projects New/Sparks/Content/Input/Actions/IA_Jump.uasset" 3940
"E:/Unreal Projects New/Sparks/Content/Input/Actions/IA_Move.uasset" 3941
"E:/Unreal Projects New/Sparks/Content/Variant_SideScroller/Input/Actions/IA_Drop.uasset" 3942
"E:/Unreal Projects New/Sparks/Content/Blueprints/Materials/M_SparkMat_Inst.uasset" 3943
"E:/Unreal Projects New/Sparks/Content/Blueprints/Materials/M_SparkiesMat_Inst.uasset" 3944
"../../Plugins/FX/Niagara/Content/DynamicInputs/Helpers/Waveform.uasset" 3945
"../../Plugins/FX/Niagara/Content/DynamicInputs/UniformRange/V2/RandomRangeVector4.uasset" 3946
"../../Plugins/FX/Niagara/Content/DynamicInputs/UniformRange/V3/RandomRangeLinearColor.uasset" 3947
"../../Plugins/FX/Niagara/Content/Modules/Math/FadeOverTime.uasset" 3948
"../../Plugins/FX/Niagara/Content/Modules/Update/Mass/CalculateSizeAndRotationalInertiaByMass.uasset" 3949
"../../Plugins/FX/Niagara/Content/Enums/ENiagara_FadeOperationType.uasset" 3950
"../../Plugins/FX/Niagara/Content/Enums/ENiagara_WaveformBlendMode.uasset" 3951
"../../Plugins/FX/Niagara/Content/Enums/ENiagara_WaveformCount.uasset" 3952
"../../Plugins/FX/Niagara/Content/Enums/ENiagara_Waveforms.uasset" 3953
"E:/Unreal Projects New/Sparks/Content/Assets/Audio/Zap.uasset" 3954
"E:/Unreal Projects New/Sparks/Content/Assets/Interface_And_Item_Sounds/WAV/Gong_01.uasset" 3955
"E:/Unreal Projects New/Sparks/Content/Assets/Interface_And_Item_Sounds/WAV/Pop_10.uasset" 3956
"E:/Unreal Projects New/Sparks/Content/Assets/Interface_And_Item_Sounds/WAV/Special_Powerup_08.uasset" 3957
"E:/Unreal Projects New/Sparks/Content/Assets/Images/GAME_OVER.uasset" 3958
"E:/Unreal Projects New/Sparks/Content/Assets/Images/Quit_Game_Button.uasset" 3959
"E:/Unreal Projects New/Sparks/Content/Assets/Images/Quit_Game_Pressed.uasset" 3960
"E:/Unreal Projects New/Sparks/Content/Assets/Images/RESTART_LEVEL.uasset" 3961
"E:/Unreal Projects New/Sparks/Content/Assets/Images/Restart_Level_Pressed.uasset" 3962
"E:/Unreal Projects New/Sparks/Content/Assets/Images/Agility_Button.uasset" 3963
"E:/Unreal Projects New/Sparks/Content/Assets/Images/Agility_Button_Pressed.uasset" 3964
"E:/Unreal Projects New/Sparks/Content/Assets/Images/Cancel_Button.uasset" 3965
"E:/Unreal Projects New/Sparks/Content/Assets/Images/Cancel_Button_Pressed.uasset" 3966
"E:/Unreal Projects New/Sparks/Content/Assets/Images/Confirm_Button.uasset" 3967
"E:/Unreal Projects New/Sparks/Content/Assets/Images/Confirm_Button_Pressed.uasset" 3968
"E:/Unreal Projects New/Sparks/Content/Assets/Images/Energy_LVL_Up_Button.uasset" 3969
"E:/Unreal Projects New/Sparks/Content/Assets/Images/Energy_LVL_Up_Button_Pressed.uasset" 3970
"E:/Unreal Projects New/Sparks/Content/Assets/Images/LVL_icon.uasset" 3971
"E:/Unreal Projects New/Sparks/Content/Assets/Images/LVL_UP_Background.uasset" 3972
"E:/Unreal Projects New/Sparks/Content/Assets/Images/Minus_Skill_Point.uasset" 3973
"E:/Unreal Projects New/Sparks/Content/Assets/Images/Minus_Skill_Point_Pressed.uasset" 3974
"E:/Unreal Projects New/Sparks/Content/Assets/Images/Plus_Skill_Point.uasset" 3975
"E:/Unreal Projects New/Sparks/Content/Assets/Images/Plus_Skill_Point_Pressed.uasset" 3976
"E:/Unreal Projects New/Sparks/Content/Assets/Images/Reset_Evolution_Button.uasset" 3977
"E:/Unreal Projects New/Sparks/Content/Assets/Images/Reset_Evolution_Button_Disabled.uasset" 3978
"E:/Unreal Projects New/Sparks/Content/Assets/Images/Reset_Evolution_Button_Pressed.uasset" 3979
"E:/Unreal Projects New/Sparks/Content/Assets/Images/ScrollBox_Background.uasset" 3980
"E:/Unreal Projects New/Sparks/Content/Assets/Images/Spark_Zap_LVL_Up_Button.uasset" 3981
"E:/Unreal Projects New/Sparks/Content/Assets/Images/Spark_Zap_LVL_Up_Button_Pressed.uasset" 3982
"E:/Unreal Projects New/Sparks/Content/Blueprints/UMG/WB_SparksCurrency.uasset" 3983
"E:/Unreal Projects New/Sparks/Content/Assets/Images/HP_Background.uasset" 3984
"E:/Unreal Projects New/Sparks/Content/Assets/Images/HP_Fill.uasset" 3985
"E:/Unreal Projects New/Sparks/Content/Assets/Images/HurtScreenYellow.uasset" 3986
"E:/Unreal Projects New/Sparks/Content/Assets/Images/Menu_Button.uasset" 3987
"E:/Unreal Projects New/Sparks/Content/Assets/Images/Menu_Button_Pressed.uasset" 3988
"E:/Unreal Projects New/Sparks/Content/Assets/Images/XP_Background.uasset" 3989
"E:/Unreal Projects New/Sparks/Content/Assets/Images/XP_Boost_Active.uasset" 3990
"E:/Unreal Projects New/Sparks/Content/Assets/Images/XP_Fill.uasset" 3991
"E:/Unreal Projects New/Sparks/Content/Blueprints/UMG/WB_MobileButtons.uasset" 3992
"E:/Unreal Projects New/Sparks/Content/Blueprints/UMG/WB_PauseScreen.uasset" 3993
"E:/Unreal Projects New/Sparks/Content/Saves/SaveLastPlayedLevel.uasset" 3994
"E:/Unreal Projects New/Sparks/Content/Assets/Images/Evolve_Button.uasset" 3995
"E:/Unreal Projects New/Sparks/Content/Assets/Images/Evolve_Button_Pressed.uasset" 3996
"E:/Unreal Projects New/Sparks/Content/Assets/Images/LEVEL_COMPLETE_TEXT.uasset" 3997
"E:/Unreal Projects New/Sparks/Content/Assets/Images/Restart_This_Level.uasset" 3998
"E:/Unreal Projects New/Sparks/Content/Assets/Images/Restart_This_Level_Pressed.uasset" 3999
"E:/Unreal Projects New/Sparks/Content/Assets/Images/Start_Next_Level.uasset" 4000
"E:/Unreal Projects New/Sparks/Content/Assets/Images/Start_Next_Level_Pressed.uasset" 4001
"../../Plugins/FX/Niagara/Content/Functions/ParametricTorus.uasset" 4002
"../../Plugins/FX/Niagara/Content/Functions/ParametricTorusKnot.uasset" 4003
"../../Plugins/FX/Niagara/Content/Functions/RandomPointInBox.uasset" 4004
"../../Plugins/FX/Niagara/Content/Functions/Rotation/RotateVector2D.uasset" 4005
"E:/Unreal Projects New/Sparks/Content/Characters/Mannequins/Anims/Unarmed/Jump/MM_Fall_Loop.uasset" 4006
"E:/Unreal Projects New/Sparks/Content/Characters/Mannequins/Anims/Unarmed/Jump/MM_Jump.uasset" 4007
"E:/Unreal Projects New/Sparks/Content/Characters/Mannequins/Anims/Unarmed/Jump/MM_Land.uasset" 4008
"E:/Unreal Projects New/Sparks/Content/Characters/Mannequins/Anims/Unarmed/Jump/MM_WallJump.uasset" 4009
"E:/Unreal Projects New/Sparks/Content/Characters/Mannequins/Anims/Unarmed/MM_Idle.uasset" 4010
"E:/Unreal Projects New/Sparks/Content/Characters/Mannequins/Anims/Unarmed/BS_Idle_Walk_Run.uasset" 4011
"E:/Unreal Projects New/Sparks/Content/Characters/Mannequins/Rigs/CR_Mannequin_FootIK.uasset" 4012
"E:/Unreal Projects New/Sparks/Content/Characters/Mannequins/Meshes/SK_Mannequin.uasset" 4013
"E:/Unreal Projects New/Sparks/Content/Blueprints/Interface/BI_EnemyAI.uasset" 4014
"E:/Unreal Projects New/Sparks/Content/Blueprints/VFX/NS_Enemy.uasset" 4015
"E:/Unreal Projects New/Sparks/Content/Assets/Interface_And_Item_Sounds/Cues/Special_Powerup_10_Cue.uasset" 4016
"../../Plugins/FX/Niagara/Content/Functions/Math/Waveforms/CalculateWaveform.uasset" 4017
"../../Plugins/FX/Niagara/Content/Functions/Helpers/FN_FirstFrame_Numeric.uasset" 4018
"../../Plugins/FX/Niagara/Content/Enums/ENiagaraMassByVolume.uasset" 4019
"E:/Unreal Projects New/Sparks/Content/Assets/Images/SparksCurrency.uasset" 4020
"E:/Unreal Projects New/Sparks/Content/Assets/Images/Interact_Button.uasset" 4021
"E:/Unreal Projects New/Sparks/Content/Assets/Images/Interact_Button_Pressed.uasset" 4022
"E:/Unreal Projects New/Sparks/Content/Assets/Images/Jump_Button.uasset" 4023
"E:/Unreal Projects New/Sparks/Content/Assets/Images/Jump_Button_Pressed.uasset" 4024
"E:/Unreal Projects New/Sparks/Content/Assets/Images/Continue_Button.uasset" 4025
"E:/Unreal Projects New/Sparks/Content/Assets/Images/Continue_Button_Pressed.uasset" 4026
"E:/Unreal Projects New/Sparks/Content/Assets/Images/GAME_PAUSED.uasset" 4027
"E:/Unreal Projects New/Sparks/Content/Assets/Images/Main_Menu_Button.uasset" 4028
"E:/Unreal Projects New/Sparks/Content/Assets/Images/Main_Menu_Pressed.uasset" 4029
"E:/Unreal Projects New/Sparks/Content/Blueprints/UMG/WB_GetSparksButton.uasset" 4030
"../../Plugins/FX/Niagara/Content/Functions/IsolateLongestVectorComponent.uasset" 4031
"../../../Engine/Content/Animation/DefaultAnimBoneCompressionSettings.uasset" 4032
"../../../Engine/Content/Animation/DefaultAnimCurveCompressionSettings.uasset" 4033
"E:/Unreal Projects New/Sparks/Content/Characters/Mannequins/Anims/Unarmed/Jog/MF_Unarmed_Jog_Bwd.uasset" 4034
"E:/Unreal Projects New/Sparks/Content/Characters/Mannequins/Anims/Unarmed/Jog/MF_Unarmed_Jog_Fwd.uasset" 4035
"E:/Unreal Projects New/Sparks/Content/Characters/Mannequins/Anims/Unarmed/Jog/MF_Unarmed_Jog_Left.uasset" 4036
"E:/Unreal Projects New/Sparks/Content/Characters/Mannequins/Anims/Unarmed/Jog/MF_Unarmed_Jog_Right.uasset" 4037
"E:/Unreal Projects New/Sparks/Content/Characters/Mannequins/Anims/Unarmed/Walk/MF_Unarmed_Walk_Bwd.uasset" 4038
"E:/Unreal Projects New/Sparks/Content/Characters/Mannequins/Anims/Unarmed/Walk/MF_Unarmed_Walk_Fwd.uasset" 4039
"E:/Unreal Projects New/Sparks/Content/Characters/Mannequins/Anims/Unarmed/Walk/MF_Unarmed_Walk_Left.uasset" 4040
"E:/Unreal Projects New/Sparks/Content/Characters/Mannequins/Anims/Unarmed/Walk/MF_Unarmed_Walk_Right.uasset" 4041
"E:/Unreal Projects New/Sparks/Content/Blueprints/Materials/MI_EnemySpark_Inst.uasset" 4042
"E:/Unreal Projects New/Sparks/Content/Assets/Interface_And_Item_Sounds/WAV/Special_Powerup_10.uasset" 4043
"E:/Unreal Projects New/Sparks/Content/Assets/Images/GetMoreSparksButtonPressed.uasset" 4044
"E:/Unreal Projects New/Sparks/Content/Assets/Images/GetSparksButton.uasset" 4045
"E:/Unreal Projects New/Sparks/Content/Blueprints/UMG/WB_Ads.uasset" 4046
"E:/Unreal Projects New/Sparks/Content/Blueprints/Materials/M_EnemySpark.uasset" 4047
"E:/Unreal Projects New/Sparks/Content/Saves/SaveAdLimitTimer.uasset" 4048
"E:/Unreal Projects New/Sparks/Content/Assets/Images/Watch_Ad_Background.uasset" 4049
"E:/Unreal Projects New/Sparks/Content/Assets/Images/Watch_Ad_Button.uasset" 4050
"E:/Unreal Projects New/Sparks/Content/Assets/Images/Watch_Ad_Button_Disabled.uasset" 4051
"E:/Unreal Projects New/Sparks/Content/Assets/Images/Watch_Ad_Button_Pressed.uasset" 4052
"E:/Unreal Projects New/Sparks/Content/Blueprints/VFX/NS_LightningBeam.uasset" 4053
"E:/Unreal Projects New/Sparks/Content/StarterBundle/ModularSci_Int/Textures/T_Hall_Door_L_M.uasset" 4054
"E:/Unreal Projects New/Sparks/Content/StarterBundle/ModularSci_Int/Textures/T_Hall_Door_Diff.uasset" 4055
"E:/Unreal Projects New/Sparks/Content/StarterBundle/ModularSci_Int/Textures/T_Hall_Door_L_N_normals.uasset" 4056
"E:/Unreal Projects New/Sparks/Content/StarterBundle/ModularSci_Int/Textures/T_Pipes_A_M.uasset" 4057
"E:/Unreal Projects New/Sparks/Content/StarterBundle/ModularSci_Int/Materials/M_Base_2C.uasset" 4058
"E:/Unreal Projects New/Sparks/Content/StarterBundle/ModularSci_Int/Textures/T_DefaultLight_S.uasset" 4059
"E:/Unreal Projects New/Sparks/Content/StarterBundle/ModularSci_Int/Textures/T_Pipes_A_N_normals.uasset" 4060
"E:/Unreal Projects New/Sparks/Content/Blueprints/UMG/BP_PassKeyDisplay.uasset" 4061
"E:/Unreal Projects New/Sparks/Content/Blueprints/UMG/WB_PasskeyInput.uasset" 4062
"E:/Unreal Projects New/Sparks/Content/Blueprints/UMG/BP_PassKey_Input.uasset" 4063
"E:/Unreal Projects New/Sparks/Content/StarterBundle/ModularSci_Int/Textures/T_Metal_Scratches_M.uasset" 4064
"E:/Unreal Projects New/Sparks/Content/StarterBundle/ModularSci_Int/Textures/T_Pipes_A_Diff.uasset" 4065
"E:/Unreal Projects New/Sparks/Content/StarterBundle/ModularSci_Int/Textures/T_Metal_Brushed_N.uasset" 4066
"E:/Unreal Projects New/Sparks/Content/StarterBundle/ModularSci_Int/Textures/T_Trims_B_M_B.uasset" 4067
"E:/Unreal Projects New/Sparks/Content/Blueprints/Meshes/BP_Start_Pad.uasset" 4068
"E:/Unreal Projects New/Sparks/Content/Blueprints/Triggers/BP_DeathTriggerBox.uasset" 4069
"E:/Unreal Projects New/Sparks/Content/Blueprints/Lights/BP_PointLight.uasset" 4070
"E:/Unreal Projects New/Sparks/Content/Blueprints/Meshes/BP_Floor_Dark.uasset" 4071
"E:/Unreal Projects New/Sparks/Content/SciFiUISFX/Wavs/Glitches/Glitch_14_Wav.uasset" 4072
"E:/Unreal Projects New/Sparks/Content/Blueprints/DamagingActors/BP_ForceField.uasset" 4073
"E:/Unreal Projects New/Sparks/Content/SciFiUISFX/Cues/Glitches/Glitch_14_Cue.uasset" 4074
"E:/Unreal Projects New/Sparks/Content/StarterBundle/ModularSci_Int/Materials/MI_Pipes_A.uasset" 4075
"E:/Unreal Projects New/Sparks/Content/StarterBundle/ModularScifiHallways/Textures/T_CustomerMessage.uasset" 4076
"E:/Unreal Projects New/Sparks/Content/StarterBundle/ModularSci_Int/Materials/MI_Trims_B_2.uasset" 4077
"E:/Unreal Projects New/Sparks/Content/StarterBundle/ModularSci_Int/Meshes/SM_Pipe_Div_B.uasset" 4078
"E:/Unreal Projects New/Sparks/Content/StarterBundle/ModularScifiHallways/Materials/M_CustomerMessage.uasset" 4079
"E:/Unreal Projects New/Sparks/Content/Blueprints/Interactables/BP_PasswordCore.uasset" 4080
"E:/Unreal Projects New/Sparks/Content/StarterBundle/ModularScifiHallways/Textures/T_Trims_A_Diff.uasset" 4081
"E:/Unreal Projects New/Sparks/Content/Blueprints/Meshes/BP_MovingWall.uasset" 4082
"E:/Unreal Projects New/Sparks/Content/StarterBundle/ModularSci_Int/Textures/T_Trims_B_Diff_B.uasset" 4083
"E:/Unreal Projects New/Sparks/Content/StarterBundle/ModularSci_Int/Textures/T_Trims_B_N_normals.uasset" 4084
"/Game/Blueprints/Meshes/BP_Floor_Dark" 4085
"/Game/Blueprints/Meshes/BP_MovingWall" 4086
"/Game/Blueprints/UMG/BP_PassKeyDisplay" 4087
"/Game/Blueprints/DamagingActors/BP_ForceField" 4088
"/Game/Blueprints/Triggers/BP_DeathTriggerBox" 4089
"/Game/Blueprints/Interactables/BP_PasswordCore" 4090
"E:/Unreal Projects New/Sparks/Content/Variant_SideScroller/Blueprints/BP_SideScrollingGameMode.uasset" 4091
"E:/Unreal Projects New/Sparks/Content/Assets/Interface_And_Item_Sounds/Cues/Futuristic_Click_04_Cue.uasset" 4092
"E:/Unreal Projects New/Sparks/Content/Blueprints/Pickups/BP_PickUp.uasset" 4093
"E:/Unreal Projects New/Sparks/Content/Saves/SaveScore.uasset" 4094
"E:/Unreal Projects New/Sparks/Content/Variant_SideScroller/Blueprints/BP_SideScrollingPlayerController.uasset" 4095
"E:/Unreal Projects New/Sparks/Content/SciFiUISFX/Cues/Glitches/Glitch_3_Cue.uasset" 4096
"E:/Unreal Projects New/Sparks/Content/SciFiUISFX/Cues/Rings/Ring_Pitched_Down_Cue.uasset" 4097
"E:/Unreal Projects New/Sparks/Content/Assets/Interface_And_Item_Sounds/WAV/Futuristic_Click_04.uasset" 4098
"E:/Unreal Projects New/Sparks/Content/Blueprints/VFX/NS_Pickups.uasset" 4099
"E:/Unreal Projects New/Sparks/Content/Assets/Interface_And_Item_Sounds/Cues/Special_Powerup_02_Cue.uasset" 4100
"E:/Unreal Projects New/Sparks/Content/Variant_SideScroller/Blueprints/BP_SideScrollingCameraManager.uasset" 4101
"E:/Unreal Projects New/Sparks/Content/Variant_SideScroller/Input/IMC_SideScroller.uasset" 4102
"E:/Unreal Projects New/Sparks/Content/SciFiUISFX/Wavs/Glitches/Glitch_3_Wav.uasset" 4103
"E:/Unreal Projects New/Sparks/Content/SciFiUISFX/Wavs/Rings/Ring_Pitched_Down_Wav.uasset" 4104
"E:/Unreal Projects New/Sparks/Content/Assets/Interface_And_Item_Sounds/WAV/Special_Powerup_02.uasset" 4105
"/Game/Blueprints/Meshes/BP_Start_Pad" 4106
"/Game/Blueprints/Lights/BP_PointLight" 4107
"/Game/SciFiUISFX/Wavs/Glitches/Glitch_14_Wav" 4108
"/Game/SciFiUISFX/Cues/Glitches/Glitch_14_Cue" 4109
"/Game/StarterBundle/ModularScifiHallways/Textures/T_CustomerMessage" 4110
"/Game/StarterBundle/ModularScifiHallways/Materials/M_CustomerMessage" 4111
"/Game/StarterBundle/ModularScifiHallways/Textures/T_Trims_A_Diff" 4112
"E:/Unreal Projects New/Sparks/Content/StarterBundle/ModularScifiHallways/Textures/T_Trims_A_M.uasset" 4113
"E:/Unreal Projects New/Sparks/Content/StarterBundle/ModularScifiHallways/Textures/T_Trims_A_N_normals.uasset" 4114
"E:/Unreal Projects New/Sparks/Content/StarterBundle/ModularScifiHallways/Materials/MI_Trims_A_M.uasset" 4115
"E:/Unreal Projects New/Sparks/Content/StarterBundle/ModularScifiProps/Materials/MI_Screen_Lapt_Off.uasset" 4116
"E:/Unreal Projects New/Sparks/Content/StarterBundle/ModularScifiProps/Textures/T_Lapt_Scre_Diff.uasset" 4117
"E:/Unreal Projects New/Sparks/Content/StarterBundle/ModularScifiProps/Textures/T_Lapt_Scre_N_normals.uasset" 4118
"E:/Unreal Projects New/Sparks/Content/StarterBundle/ModularScifiHallways/Meshes/SM_CustomerMessage.uasset" 4119
"E:/Unreal Projects New/Sparks/Content/StarterBundle/ModularScifiProps/Textures/T_Lapt_Scre_M.uasset" 4120
"E:/Unreal Projects New/Sparks/Content/StarterBundle/ModularScifiProps/Textures/T_Lapt_Keyb_M.uasset" 4121
"E:/Unreal Projects New/Sparks/Content/StarterBundle/ModularScifiProps/Materials/MI_Laptop_Scre.uasset" 4122
"E:/Unreal Projects New/Sparks/Content/StarterBundle/ModularScifiProps/Textures/T_Lapt_Keyb_N_normals.uasset" 4123
"E:/Unreal Projects New/Sparks/Content/StarterBundle/ModularScifiProps/Textures/T_Lapt_Keyb_Diff.uasset" 4124
"E:/Unreal Projects New/Sparks/Content/StarterBundle/ModularScifiProps/Materials/MI_Laptop_Keyb.uasset" 4125
"E:/Unreal Projects New/Sparks/Content/StarterBundle/ModularScifiProps/Textures/T_LoginScreen_EM.uasset" 4126
"E:/Unreal Projects New/Sparks/Content/StarterBundle/ModularScifiProps/Materials/MI_Keyboard_Scre.uasset" 4127
"E:/Unreal Projects New/Sparks/Content/StarterBundle/ModularScifiProps/Materials/M_Screen_Parent.uasset" 4128
"E:/Unreal Projects New/Sparks/Content/StarterBundle/ModularScifiProps/Textures/T_Keyboard_UI_EM.uasset" 4129
"E:/Unreal Projects New/Sparks/Content/StarterBundle/ModularScifiProps/Meshes/SM_Laptop.uasset" 4130
"E:/Unreal Projects New/Sparks/Content/Assets/Images/Joystick_Movement_Button.uasset" 4131
"E:/Unreal Projects New/Sparks/Content/Blueprints/Interactables/BP_Console.uasset" 4132
"../../../Engine/Content/MobileResources/HUD/DefaultVirtualJoysticks.uasset" 4133
"E:/Unreal Projects New/Sparks/Content/Maps/LVL4.umap" 4134
"E:/Unreal Projects New/Sparks/Content/Blueprints/Meshes/BP_Moving_Platform_Remote_NoLoop.uasset" 4135
"../../../Engine/Content/MobileResources/HUD/VirtualJoystick_Background.uasset" 4136
"E:/Unreal Projects New/Sparks/Content/Blueprints/Interactables/BP_PowerCore.uasset" 4137
"E:/Unreal Projects New/Sparks/Content/Blueprints/DamagingActors/BP_TimedForceField.uasset" 4138
"E:/Unreal Projects New/Sparks/Content/Assets/Latches_Mechanical_Locking_Unlocking_SFX_Pack1/Wave/44-1/Latches_Mechanical_Lock_Unlock_SFX__270_.uasset" 4139
"E:/Unreal Projects New/Sparks/Content/Assets/Audio/Latches_Mechanical_Lock_Unlock_SFX__270__Cue.uasset" 4140
"E:/Unreal Projects New/Sparks/Content/StarterBundle/ModularScifiHallways/Textures/T_Hall_Wall_A_Diff.uasset" 4141
"E:/Unreal Projects New/Sparks/Content/StarterBundle/ModularScifiHallways/Textures/T_Hall_Wall_A_N_normals.uasset" 4142
"E:/Unreal Projects New/Sparks/Content/StarterBundle/ModularScifiHallways/Textures/T_Hall_Wall_A_M.uasset" 4143
"E:/Unreal Projects New/Sparks/Content/StarterBundle/ModularScifiHallways/Materials/MI_Hall_Wall_A_M.uasset" 4144
"/Game/StarterBundle/ModularScifiProps/Meshes/SM_Laptop" 4145
"/Engine/MobileResources/HUD/DefaultVirtualJoysticks" 4146
"/Game/Blueprints/Interactables/BP_Console" 4147
"/Game/Maps/LVL4" 4148
"/Game/Blueprints/Meshes/BP_Moving_Platform_Remote_NoLoop" 4149
"/Game/Blueprints/DamagingActors/BP_TimedForceField" 4150
"/Game/Assets/Latches_Mechanical_Locking_Unlocking_SFX_Pack1/Wave/44-1/Latches_Mechanical_Lock_Unlock_SFX__270_" 4151
"/Game/Assets/Audio/Latches_Mechanical_Lock_Unlock_SFX__270__Cue" 4152
"/Game/StarterBundle/ModularScifiHallways/Textures/T_Hall_Wall_A_Diff" 4153
"/Game/StarterBundle/ModularScifiHallways/Textures/T_Hall_Wall_A_M" 4154
"/Game/StarterBundle/ModularScifiHallways/Textures/T_Hall_Wall_A_N_normals" 4155
"/Game/StarterBundle/ModularScifiHallways/Materials/MI_Hall_Wall_A_M" 4156
"E:/Unreal Projects New/Sparks/Content/StarterBundle/ModularScifiHallways/Meshes/SM_Hall_Wall_A.uasset" 4157
"E:/Unreal Projects New/Sparks/Content/Blueprints/Interactables/BP_SecretWall.uasset" 4158
"E:/Unreal Projects New/Sparks/Content/Blueprints/Meshes/BP_Platform_Large.uasset" 4159
"E:/Unreal Projects New/Sparks/Content/StarterBundle/ModularScifiProps/Meshes/SM_Floor_C.uasset" 4160
"E:/Unreal Projects New/Sparks/Content/StarterBundle/ModularSci_Comm/Materials/M_Base_SolidLight.uasset" 4161
"E:/Unreal Projects New/Sparks/Content/Blueprints/VFX/NS_DeathFloor.uasset" 4162
"E:/Unreal Projects New/Sparks/Content/StarterBundle/ModularSci_Comm/Textures/T_Trims_A_M.uasset" 4163
"E:/Unreal Projects New/Sparks/Content/StarterBundle/ModularSci_Comm/Materials/M_Base_3C.uasset" 4164
"E:/Unreal Projects New/Sparks/Content/StarterBundle/ModularScifiProps/Materials/MI_Base_Light.uasset" 4165
"E:/Unreal Projects New/Sparks/Content/StarterBundle/ModularSci_Comm/Textures/T_Trims_A_ML.uasset" 4166
"E:/Unreal Projects New/Sparks/Content/StarterBundle/ModularScifiProps/Meshes/SM_Floor_A.uasset" 4167
"E:/Unreal Projects New/Sparks/Content/StarterBundle/ModularSci_Comm/Textures/T_Trims_A_normals.uasset" 4168
"E:/Unreal Projects New/Sparks/Content/StarterBundle/ModularSci_Comm/Textures/T_Trims_A_diff.uasset" 4169
"E:/Unreal Projects New/Sparks/Content/StarterBundle/ModularSci_Comm/Materials/MI_Trims_A_Black.uasset" 4170
"E:/Unreal Projects New/Sparks/Content/StarterBundle/ModularSci_Comm/Materials/MI_Trims_A_Gray.uasset" 4171
"E:/Unreal Projects New/Sparks/Content/StarterBundle/ModularSci_Comm/Meshes/SM_Light_B.uasset" 4172
"E:/Unreal Projects New/Sparks/Content/StarterBundle/ModularScifiProps/Meshes/SM_AltFloor_A.uasset" 4173
"E:/Unreal Projects New/Sparks/Content/StarterBundle/ModularSci_Int/Textures/T_Win_Post_A2_Diff.uasset" 4174
"E:/Unreal Projects New/Sparks/Content/StarterBundle/ModularSci_Comm/Materials/MI_Light_White.uasset" 4175
"E:/Unreal Projects New/Sparks/Content/StarterBundle/ModularSci_Int/Textures/T_Win_Post_A2_N_normals.uasset" 4176
"E:/Unreal Projects New/Sparks/Content/StarterBundle/ModularSci_Int/Meshes/SM_Win_Post_A_2.uasset" 4177
"E:/Unreal Projects New/Sparks/Content/StarterBundle/ModularSci_Int/Textures/T_Win_Post_A2_M.uasset" 4178
"/Game/StarterBundle/ModularSci_Int/Textures/T_Win_Post_A2_N_normals" 4179
"/Game/StarterBundle/ModularSci_Int/Textures/T_Win_Post_A2_M" 4180
"/Game/StarterBundle/ModularSci_Int/Textures/T_Win_Post_A2_Diff" 4181
"/Game/StarterBundle/ModularScifiProps/Meshes/SM_AltFloor_A" 4182
"E:/Unreal Projects New/Sparks/Content/StarterBundle/ModularSci_Int/Meshes/SM_Ceiling_B_2.uasset" 4183
"E:/Unreal Projects New/Sparks/Content/StarterBundle/ModularSci_Int/Textures/T_Win_Post_A_Diff.uasset" 4184
"E:/Unreal Projects New/Sparks/Content/StarterBundle/ModularSci_Int/Textures/T_Win_Post_A_M.uasset" 4185
"E:/Unreal Projects New/Sparks/Content/StarterBundle/ModularSci_Int/Materials/MI_Win_Post_A.uasset" 4186
"E:/Unreal Projects New/Sparks/Content/StarterBundle/ModularSci_Int/Materials/MI_Win_Post_A2.uasset" 4187
"E:/Unreal Projects New/Sparks/Content/StarterBundle/ModularSci_Int/Textures/T_Win_Post_A_N_normals.uasset" 4188
"E:/Unreal Projects New/Sparks/Content/StarterBundle/ModularSci_Int/Textures/T_Trims_B_Diff.uasset" 4189
"/Engine/EditorResources/EmptyActor" 4190
"../../../Engine/Content/EditorResources/EmptyActor.uasset" 4191
"/Engine/EditorResources/AudioIcons/S_AudioComponent_AutoActivate" 4192
"../../../Engine/Content/EditorResources/AudioIcons/S_AudioComponent_AutoActivate.uasset" 4193
"/Game/Maps/LVL5" 4194
"/Game/StarterBundle/ModularSci_Int/Textures/T_Trims_B_Diff" 4195
"/Game/StarterBundle/ModularSci_Int/Materials/MI_Win_Post_A" 4196
"/Game/StarterBundle/ModularSci_Int/Materials/MI_Win_Post_A2" 4197
"E:/Unreal Projects New/Sparks/Content/StarterBundle/ModularSci_Int/Textures/T_Trims_B_M.uasset" 4198
"E:/Unreal Projects New/Sparks/Content/StarterBundle/ModularSci_Int/Materials/MI_Trims_B.uasset" 4199
"E:/Unreal Projects New/Sparks/Content/StarterBundle/ModularSci_Int/Materials/MI_Pipes_A_Dark.uasset" 4200
"E:/Unreal Projects New/Sparks/Content/StarterBundle/ModularSci_Int/Meshes/SM_Win_Post_A.uasset" 4201
"E:/Unreal Projects New/Sparks/Content/Blueprints/Meshes/BP_Wall_Jumper.uasset" 4202
"E:/Unreal Projects New/Sparks/Content/StarterBundle/ModularScifiProps/Materials/M_SolidLight_Parent.uasset" 4203
"E:/Unreal Projects New/Sparks/Content/StarterBundle/ModularScifiProps/Materials/MI_Light_White.uasset" 4204
"E:/Unreal Projects New/Sparks/Content/StarterBundle/ModularScifiProps/Textures/T_CeilingLight_N_normals.uasset" 4205
"E:/Unreal Projects New/Sparks/Content/StarterBundle/ModularScifiProps/Textures/T_CeilingLight_Diff.uasset" 4206
"E:/Unreal Projects New/Sparks/Content/StarterBundle/ModularScifiProps/Textures/T_CeilingLight_M.uasset" 4207
"E:/Unreal Projects New/Sparks/Content/StarterBundle/ModularScifiProps/Materials/MI_CeilingLight.uasset" 4208
"E:/Unreal Projects New/Sparks/Content/StarterBundle/ModularScifiProps/Materials/M_Reg_Glass.uasset" 4209
"E:/Unreal Projects New/Sparks/Content/StarterBundle/ModularScifiProps/Meshes/SM_CeilingLight.uasset" 4210
"E:/Unreal Projects New/Sparks/Content/Blueprints/Lights/BP_CeilingLight.uasset" 4211
"E:/Unreal Projects New/Sparks/Content/StarterBundle/ModularScifiHallways/Textures/T_Hall_Light_Square_Diff.uasset" 4212
"E:/Unreal Projects New/Sparks/Content/StarterBundle/ModularScifiHallways/Textures/T_Hall_Light_Square_M.uasset" 4213
"E:/Unreal Projects New/Sparks/Content/StarterBundle/ModularScifiHallways/Textures/T_Hall_Light_Square_EM.uasset" 4214
"E:/Unreal Projects New/Sparks/Content/StarterBundle/ModularScifiProps/Materials/MI_Reg_Glass_Dark.uasset" 4215
"E:/Unreal Projects New/Sparks/Content/Blueprints/Lights/BP_Hall_Light_Arrow.uasset" 4216
"E:/Unreal Projects New/Sparks/Content/StarterBundle/ModularScifiHallways/Meshes/SM_Hall_Light_Square.uasset" 4217
"E:/Unreal Projects New/Sparks/Content/StarterBundle/ModularScifiHallways/Textures/T_Hall_Light_Square_N_normals.uasset" 4218
"E:/Unreal Projects New/Sparks/Content/StarterBundle/ModularScifiHallways/Materials/MI_Hall_Light_Square_M.uasset" 4219
"E:/Unreal Projects New/Sparks/Content/Blueprints/Enemy_AI/Navigation/AI_NavLinkProxy.uasset" 4220
"/Game/Maps/LVL1_Tutorial" 4221
"/Game/Assets/Images/LVL_5_Button" 4222
"E:/Unreal Projects New/Sparks/Content/Assets/Images/LVL_4_Button_Pressed.uasset" 4223
"E:/Unreal Projects New/Sparks/Content/Assets/Images/LVL_4_Button.uasset" 4224
"E:/Unreal Projects New/Sparks/Content/Assets/Images/SparksTitle.uasset" 4225
"E:/Unreal Projects New/Sparks/Content/Assets/Images/Reset_Spark_Button_Pressed.uasset" 4226
"E:/Unreal Projects New/Sparks/Content/Assets/Images/Reset_Spark_Button.uasset" 4227
"/Game/Assets/Images/LVL_5_Button_Pressed" 4228
"E:/Unreal Projects New/Sparks/Content/Assets/Images/Play_Game_Pressed.uasset" 4229
"E:/Unreal Projects New/Sparks/Content/Assets/Images/Play_Game_Button.uasset" 4230
"E:/Unreal Projects New/Sparks/Content/Assets/Images/LVL_3_Button_Pressed.uasset" 4231
"E:/Unreal Projects New/Sparks/Content/Assets/Images/LVL_3_Button.uasset" 4232
"E:/Unreal Projects New/Sparks/Content/Assets/Images/LVL_2_Button_Pressed.uasset" 4233
"E:/Unreal Projects New/Sparks/Content/Assets/Images/LVL_2_Button.uasset" 4234
"/Game/Assets/Images/Scrollbar" 4235
"E:/Unreal Projects New/Sparks/Content/Assets/Images/LVL_1_Button_Pressed.uasset" 4236
"E:/Unreal Projects New/Sparks/Content/Assets/Images/LVL_1_Button.uasset" 4237
"/Game/Assets/Images/Scrollbar_Background" 4238
"/Game/Maps/LVL3" 4239
"E:/Unreal Projects New/Sparks/Content/Blueprints/MainMenu/BP_MainMenuScene.uasset" 4240
"E:/Unreal Projects New/Sparks/Content/Blueprints/VFX/NS_MainMenuTitleParticles.uasset" 4241
"E:/Unreal Projects New/Sparks/Content/Maps/MainMenu.umap" 4242
"../../../Engine/Content/EngineSounds/Submixes/MasterReverbEffectPreset.uasset" 4243
"E:/Unreal Projects New/Sparks/Content/Blueprints/GameMode/MainMenu.uasset" 4244
"../../../Engine/Content/EngineSounds/Submixes/MasterEQEffectPreset.uasset" 4245
"../../../Engine/Content/EngineSounds/Submixes/MasterEQSubmixDefault.uasset" 4246
"../../../Engine/Content/EngineSounds/Submixes/MasterSubmixDefault.uasset" 4247
"../../../Engine/Content/EngineSounds/Submixes/MasterReverbSubmixDefault.uasset" 4248
"../../../Engine/Content/Functions/Engine_MaterialFunctions01/Texturing/FlattenNormal.uasset" 4249
"../../../Engine/Plugins/Interchange/Assets/Content/gltf/MaterialFunctions/MF_Clearcoat.uasset" 4250
"../../../Engine/Plugins/Interchange/Assets/Content/gltf/MaterialBodies/MF_ClearCoat_Body.uasset" 4251
"/Game/Maps/LVL2" 4252
"/Engine/Functions/Engine_MaterialFunctions01/Texturing/FlattenNormal" 4253
"/Engine/EngineSounds/Submixes/MasterReverbSubmixDefault" 4254
"/Game/Maps/MainMenu" 4255
"../../../Engine/Plugins/Interchange/Assets/Content/gltf/MaterialFunctions/MF_Emissive.uasset" 4256
"../../../Engine/Plugins/Interchange/Assets/Content/gltf/Textures/T_Anisotropy_Direction_Linear.uasset" 4257
"../../../Engine/Plugins/Interchange/Assets/Content/gltf/MaterialFunctions/MF_SpecularAnisotropy.uasset" 4258
"../../../Engine/Plugins/Interchange/Assets/Content/gltf/MaterialFunctions/MF_Specular.uasset" 4259
"../../../Engine/Plugins/Interchange/Assets/Content/gltf/MaterialFunctions/MF_Occlusion.uasset" 4260
"../../../Engine/Plugins/Interchange/Assets/Content/gltf/Textures/T_Generic_N.uasset" 4261
"/InterchangeAssets/gltf/Textures/T_Generic_N" 4262
"../../../Engine/Plugins/Interchange/Assets/Content/gltf/MaterialFunctions/MF_ScaleNormal.uasset" 4263
"../../../Engine/Plugins/Interchange/Assets/Content/gltf/MaterialFunctions/MF_RotateNormals_TS.uasset" 4264
"/InterchangeAssets/gltf/MaterialFunctions/MF_SpecularAnisotropy" 4265
"../../../Engine/Plugins/Interchange/Assets/Content/gltf/MaterialFunctions/MF_Normals.uasset" 4266
"../../../Engine/Plugins/Interchange/Assets/Content/gltf/Textures/T_White_Linear.uasset" 4267
"../../../Engine/Plugins/Interchange/Assets/Content/gltf/MaterialFunctions/MF_MetallicRoughness.uasset" 4268
"../../../Engine/Plugins/Interchange/Assets/Content/Functions/MF_IridescenceNoLUT.uasset" 4269
"../../../Engine/Plugins/Interchange/Assets/Content/gltf/MaterialFunctions/MF_Iridescence.uasset" 4270
"../../../Engine/Plugins/Interchange/Assets/Content/gltf/MaterialFunctions/MF_IOR.uasset" 4271
"../../../Engine/Plugins/Interchange/Assets/Content/gltf/MaterialFunctions/MF_TransformUVs.uasset" 4272
"/InterchangeAssets/gltf/MaterialFunctions/MF_Occlusion" 4273
"/InterchangeAssets/gltf/MaterialFunctions/MF_Clearcoat" 4274
"../../../Engine/Plugins/Interchange/Assets/Content/gltf/Textures/T_White_srgb.uasset" 4275
"../../../Engine/Plugins/Interchange/Assets/Content/gltf/MaterialFunctions/MF_BaseColor.uasset" 4276
"/InterchangeAssets/gltf/MaterialFunctions/MF_IOR" 4277
"/InterchangeAssets/Functions/MF_IridescenceNoLUT" 4278
"../../../Engine/Plugins/Interchange/Assets/Content/gltf/MaterialBodies/MF_Default_Body.uasset" 4279
"/InterchangeAssets/gltf/MaterialFunctions/MF_MetallicRoughness" 4280
"/InterchangeAssets/gltf/MaterialFunctions/MF_Normals" 4281
"/InterchangeAssets/gltf/MaterialFunctions/MF_Specular" 4282
"/InterchangeAssets/gltf/MaterialFunctions/MF_Emissive" 4283
"/InterchangeAssets/gltf/MaterialFunctions/MF_BaseColor" 4284
"/InterchangeAssets/gltf/MaterialFunctions/MF_Iridescence" 4285
"../../../Engine/Plugins/Interchange/Assets/Content/gltf/MaterialInstances/MI_Default_Blend.uasset" 4286
"../../../Engine/Plugins/Interchange/Assets/Content/gltf/M_ClearCoat.uasset" 4287
"../../../Engine/Plugins/Interchange/Assets/Content/gltf/MaterialInstances/MI_Default_Mask.uasset" 4288
"../../../Engine/Plugins/Interchange/Assets/Content/gltf/M_Default.uasset" 4289
"../../../Engine/Content/Functions/Engine_MaterialFunctions03/Math/RemapValueRange.uasset" 4290
"../../../Engine/Plugins/Interchange/Assets/Content/gltf/MaterialFunctions/MF_Sheen.uasset" 4291
"../../../Engine/Plugins/Interchange/Assets/Content/gltf/MaterialBodies/MF_Sheen_Body.uasset" 4292
"../../../Engine/Plugins/Interchange/Assets/Content/Utilities/New_LUT.uasset" 4293
"../../../Engine/Plugins/Interchange/Assets/Content/gltf/MaterialInstances/MI_Default_Opaque.uasset" 4294
"../../../Engine/Plugins/Interchange/Assets/Content/Functions/MF_Iridescence.uasset" 4295
"../../../Engine/Plugins/Interchange/Assets/Content/gltf/M_Sheen.uasset" 4296
"../../../Engine/Plugins/Interchange/Assets/Content/gltf/MaterialInstances/MI_ClearCoat_Mask.uasset" 4297
"../../../Engine/Plugins/Interchange/Assets/Content/gltf/MaterialInstances/MI_ClearCoat_Mask_DS.uasset" 4298
"../../../Engine/Plugins/Interchange/Assets/Content/gltf/MaterialFunctions/MF_Transmission.uasset" 4299
"../../../Engine/Plugins/Interchange/Assets/Content/gltf/MaterialInstances/MI_Default_Opaque_DS.uasset" 4300
"../../../Engine/Plugins/Interchange/Assets/Content/gltf/MaterialInstances/MI_Default_Blend_DS.uasset" 4301
"../../../Engine/Plugins/Interchange/Assets/Content/gltf/MaterialFunctions/MF_Temporal_Blur.uasset" 4302
"../../../Engine/Plugins/Interchange/Assets/Content/gltf/MaterialInstances/MI_Default_Mask_DS.uasset" 4303
"../../../Engine/Plugins/Interchange/Assets/Content/gltf/MaterialInstances/MI_ClearCoat_Blend.uasset" 4304
"../../../Engine/Plugins/Interchange/Assets/Content/gltf/MaterialInstances/MI_ClearCoat_Opaque_DS.uasset" 4305
"../../../Engine/Plugins/Interchange/Assets/Content/gltf/MaterialInstances/MI_Sheen_Opaque.uasset" 4306
"../../../Engine/Plugins/Interchange/Assets/Content/gltf/MaterialInstances/MI_Sheen_Blend_DS.uasset" 4307
"../../../Engine/Plugins/Interchange/Assets/Content/gltf/MaterialInstances/MI_ClearCoat_Blend_DS.uasset" 4308
"../../../Engine/Plugins/Interchange/Assets/Content/gltf/MaterialInstances/MI_ClearCoat_Opaque.uasset" 4309
"../../../Engine/Plugins/Interchange/Assets/Content/gltf/MaterialInstances/MI_Sheen_Opaque_DS.uasset" 4310
"../../../Engine/Plugins/Interchange/Assets/Content/gltf/MaterialInstances/MI_Sheen_Mask.uasset" 4311
"../../../Engine/Plugins/Interchange/Assets/Content/gltf/MaterialInstances/MI_Sheen_Mask_DS.uasset" 4312
"../../../Engine/Plugins/Interchange/Assets/Content/gltf/MaterialInstances/MI_Sheen_Blend.uasset" 4313
"../../../Engine/Plugins/Interchange/Assets/Content/gltf/MaterialFunctions/MF_RotateV2.uasset" 4314
"/InterchangeAssets/gltf/MaterialInstances/MI_Default_Blend" 4315
"/InterchangeAssets/gltf/MaterialInstances/MI_Sheen_Blend" 4316
"/InterchangeAssets/gltf/MaterialFunctions/MF_Temporal_Blur" 4317
"../../../Engine/Content/Functions/Engine_MaterialFunctions02/Texturing/ScreenAlignedPixelToPixelUVs.uasset" 4318
"/InterchangeAssets/gltf/MaterialInstances/MI_Default_Mask" 4319
"/InterchangeAssets/gltf/MaterialInstances/MI_Default_Opaque" 4320
"/InterchangeAssets/gltf/MaterialFunctions/MF_Transmission" 4321
"/InterchangeAssets/gltf/MaterialBodies/MF_ClearCoat_Body" 4322
"/InterchangeAssets/gltf/MaterialInstances/MI_Sheen_Mask" 4323
"/InterchangeAssets/gltf/MaterialInstances/MI_ClearCoat_Blend_DS" 4324
"/InterchangeAssets/gltf/MaterialInstances/MI_ClearCoat_Mask_DS" 4325
"/InterchangeAssets/gltf/MaterialInstances/MI_ClearCoat_Opaque_DS" 4326
"/InterchangeAssets/gltf/MaterialInstances/MI_ClearCoat_Blend" 4327
"/InterchangeAssets/gltf/MaterialInstances/MI_ClearCoat_Mask" 4328
"/InterchangeAssets/gltf/MaterialInstances/MI_ClearCoat_Opaque" 4329
"/InterchangeAssets/gltf/MaterialInstances/MI_Sheen_Blend_DS" 4330
"../../../Engine/Plugins/Interchange/Assets/Shaders/ThinFilmFunctions.usf" 4331
"/InterchangeAssets/gltf/MaterialInstances/MI_Sheen_Mask_DS" 4332
"/InterchangeAssets/gltf/MaterialInstances/MI_Sheen_Opaque" 4333
"/InterchangeAssets/gltf/MaterialInstances/MI_Sheen_Opaque_DS" 4334
"/InterchangeAssets/gltf/MaterialInstances/MI_Default_Blend_DS" 4335
"/InterchangeAssets/gltf/MaterialInstances/MI_Default_Mask_DS" 4336
"/InterchangeAssets/gltf/MaterialInstances/MI_Default_Opaque_DS" 4337
"../../../Engine/Plugins/Interchange/Assets/Content/gltf/MaterialFunctions/MF_Fresnel_DS.uasset" 4338
"../../../Engine/Plugins/Interchange/Assets/Content/gltf/MaterialBodies/MF_Transmission_Body.uasset" 4339
"../../../Engine/Plugins/Interchange/Assets/Content/gltf/MaterialFunctions/MF_PerceivedBrightness.uasset" 4340
"../../../Engine/Plugins/Interchange/Assets/Content/gltf/MaterialFunctions/MF_SpecGlossToMetalRoughness.uasset" 4341
"../../../Engine/Plugins/Interchange/Assets/Content/gltf/MaterialFunctions/MF_MaxComponentValue.uasset" 4342
"../../../Engine/Plugins/Interchange/Assets/Content/gltf/MaterialFunctions/MF_DiffuseSpecGloss.uasset" 4343
"../../../Engine/Plugins/Interchange/Assets/Content/gltf/MaterialBodies/MF_SpecularGlossiness_Body.uasset" 4344
"../../../Engine/Content/Functions/Engine_MaterialFunctions02/Math/AddComponents.uasset" 4345
"../../../Engine/Content/Functions/Engine_MaterialFunctions01/Volumetrics/BeersLaw.uasset" 4346
"../../../Engine/Plugins/Interchange/Assets/Content/gltf/MaterialInstances/MI_SpecularGlossiness_Mask_DS.uasset" 4347
"../../../Engine/Plugins/Interchange/Assets/Content/gltf/MaterialBodies/MF_Unlit_Body.uasset" 4348
"../../../Engine/Plugins/Interchange/Assets/Content/Functions/MX_OpenPBR_Translucent.uasset" 4349
"../../../Engine/Plugins/Interchange/Assets/Content/Functions/MF_OrenNayerView.uasset" 4350
"../../../Engine/Plugins/Interchange/Assets/Content/gltf/M_SpecularGlossiness.uasset" 4351
"../../../Engine/Plugins/Interchange/Assets/Content/gltf/MaterialInstances/MI_Transmission.uasset" 4352
"../../../Engine/Plugins/Interchange/Assets/Content/Functions/MX_TransmissionSurface.uasset" 4353
"../../../Engine/Plugins/Interchange/Assets/Content/gltf/MaterialInstances/MI_SpecularGlossiness_Mask.uasset" 4354
"../../../Engine/Plugins/Interchange/Assets/Content/gltf/M_Unlit.uasset" 4355
"../../../Engine/Plugins/Interchange/Assets/Content/gltf/MaterialInstances/MI_Unlit_Mask_DS.uasset" 4356
"../../../Engine/Plugins/Interchange/Assets/Content/Functions/MX_Transmission.uasset" 4357
"../../../Engine/Plugins/Interchange/Assets/Content/gltf/MaterialInstances/MI_SpecularGlossiness_Opaque_DS.uasset" 4358
"../../../Engine/Plugins/Interchange/Assets/Content/Functions/MX_StandardSurface.uasset" 4359
"../../../Engine/Content/Functions/Substrate/MF_SchlickInternal.uasset" 4360
"../../../Engine/Plugins/Interchange/Assets/Content/gltf/MaterialInstances/MI_Unlit_Opaque.uasset" 4361
"../../../Engine/Plugins/Interchange/Assets/Content/gltf/MaterialInstances/MI_Unlit_Mask.uasset" 4362
"../../../Engine/Plugins/Interchange/Assets/Content/gltf/MaterialInstances/MI_Unlit_Blend.uasset" 4363
"../../../Engine/Plugins/Interchange/Assets/Content/gltf/MaterialInstances/MI_SpecularGlossiness_Opaque.uasset" 4364
"../../../Engine/Plugins/Interchange/Assets/Content/gltf/M_Transmission.uasset" 4365
"../../../Engine/Plugins/Interchange/Assets/Content/gltf/MaterialInstances/MI_Unlit_Opaque_DS.uasset" 4366
"../../../Engine/Plugins/Interchange/Assets/Content/gltf/MaterialInstances/MI_Transmission_DS.uasset" 4367
"../../../Engine/Plugins/Interchange/Assets/Content/gltf/MaterialInstances/MI_SpecularGlossiness_Blend.uasset" 4368
"../../../Engine/Plugins/Interchange/Assets/Content/gltf/MaterialInstances/MI_SpecularGlossiness_Blend_DS.uasset" 4369
"/InterchangeAssets/gltf/MaterialInstances/MI_Unlit_Opaque_DS" 4370
"/InterchangeAssets/gltf/MaterialInstances/MI_Unlit_Blend" 4371
"/InterchangeAssets/gltf/MaterialInstances/MI_Unlit_Mask" 4372
"/InterchangeAssets/gltf/MaterialInstances/MI_Unlit_Opaque" 4373
"/InterchangeAssets/Functions/MX_OpenPBR_Translucent" 4374
"/InterchangeAssets/gltf/MaterialInstances/MI_SpecularGlossiness_Blend_DS" 4375
"/InterchangeAssets/gltf/MaterialInstances/MI_SpecularGlossiness_Mask_DS" 4376
"/InterchangeAssets/gltf/MaterialInstances/MI_SpecularGlossiness_Opaque_DS" 4377
"/InterchangeAssets/gltf/MaterialInstances/MI_SpecularGlossiness_Blend" 4378
"/InterchangeAssets/gltf/MaterialInstances/MI_SpecularGlossiness_Mask" 4379
"/InterchangeAssets/gltf/MaterialInstances/MI_SpecularGlossiness_Opaque" 4380
"/InterchangeAssets/gltf/MaterialInstances/MI_Unlit_Mask_DS" 4381
"/InterchangeAssets/gltf/MaterialInstances/MI_Transmission_DS" 4382
"/InterchangeAssets/gltf/MaterialInstances/MI_Transmission" 4383
"../../../Engine/Plugins/Animation/ControlRig/Content/Controls/ControlRig_Arrow4_1mm.uasset" 4384
"../../../Engine/Plugins/Animation/ControlRig/Content/Controls/ControlRig_Arrow4_3mm.uasset" 4385
"../../../Engine/Plugins/Animation/ControlRig/Content/Controls/ControlRig_Arrow2_3mm.uasset" 4386
"../../../Engine/Plugins/Interchange/Assets/Content/Functions/MX_OpenPBR_Opaque.uasset" 4387
"../../../Engine/Plugins/Animation/ControlRig/Content/Controls/ControlRig_Arrow_1mm.uasset" 4388
"../../../Engine/Plugins/Animation/ControlRig/Content/Controls/ControlRig_Arrow2_solid.uasset" 4389
"../../../Engine/Plugins/Animation/ControlRig/Content/Controls/ControlRig_Arrow4_solid.uasset" 4390
"../../../Engine/Plugins/Interchange/Assets/Content/gltf/MaterialInstances/MI_Unlit_Blend_DS.uasset" 4391
"../../../Engine/Plugins/Animation/ControlRig/Content/Controls/ControlRig_Arrow2_1mm.uasset" 4392
"../../../Engine/Plugins/Animation/ControlRig/Content/Controls/ControlRig_Arrow_3mm.uasset" 4393
"../../../Engine/Plugins/Animation/ControlRig/Content/Controls/ControlRig_Sphere_solid.uasset" 4394
"../../../Engine/Plugins/Animation/ControlRig/Content/Controls/ControlRig_Arrow_solid.uasset" 4395
"/ControlRig/Controls/ControlRig_Arrow_solid" 4396
"/ControlRig/Controls/ControlRig_Arrow_3mm" 4397
"/ControlRig/Controls/ControlRig_Arrow_1mm" 4398
"/ControlRig/Controls/ControlRig_Arrow4_solid" 4399
"/ControlRig/Controls/ControlRig_Arrow4_3mm" 4400
"/ControlRig/Controls/ControlRig_Arrow4_1mm" 4401
"/ControlRig/Controls/ControlRig_Arrow2_solid" 4402
"/ControlRig/Controls/ControlRig_Arrow2_3mm" 4403
"/ControlRig/Controls/ControlRig_Arrow2_1mm" 4404
"/ControlRig/Controls/ControlRig_Sphere_solid" 4405
"/InterchangeAssets/Functions/MX_OpenPBR_Opaque" 4406
"/InterchangeAssets/gltf/MaterialInstances/MI_Unlit_Blend_DS" 4407
"../../../Engine/Plugins/Animation/ControlRig/Content/Controls/ControlRig_HalfCircle_1mm.uasset" 4408
"../../../Engine/Plugins/Animation/ControlRig/Content/Controls/ControlRig_Octagon_3mm.uasset" 4409
"../../../Engine/Plugins/Animation/ControlRig/Content/Controls/ControlRig_Octagon_1mm.uasset" 4410
"../../../Engine/Plugins/Animation/ControlRig/Content/Controls/ControlRig_Diamond_1mm.uasset" 4411
"../../../Engine/Plugins/Animation/ControlRig/Content/Controls/ControlRig_Circle_3mm.uasset" 4412
"../../../Engine/Plugins/Animation/ControlRig/Content/Controls/ControlRig_Pyramid_3mm.uasset" 4413
"../../../Engine/Plugins/Animation/ControlRig/Content/Controls/ControlRig_QuarterCircle_solid.uasset" 4414
"../../../Engine/Plugins/Animation/ControlRig/Content/Controls/ControlRig_QuarterCircle_3mm.uasset" 4415
"../../../Engine/Plugins/Animation/ControlRig/Content/Controls/ControlRig_Hexagon_solid.uasset" 4416
"/ControlRig/Controls/ControlRig_QuarterCircle_solid" 4417
"/ControlRig/Controls/ControlRig_QuarterCircle_3mm" 4418
"/ControlRig/Controls/ControlRig_Pyramid_3mm" 4419
"/ControlRig/Controls/ControlRig_Octagon_3mm" 4420
"../../../Engine/Plugins/Animation/ControlRig/Content/Controls/ControlRig_Pyramid_1mm.uasset" 4421
"/ControlRig/Controls/ControlRig_Octagon_1mm" 4422
"/ControlRig/Controls/ControlRig_Hexagon_solid" 4423
"/ControlRig/Controls/ControlRig_HalfCircle_1mm" 4424
"/ControlRig/Controls/ControlRig_Diamond_1mm" 4425
"../../../Engine/Plugins/Animation/ControlRig/Content/Controls/ControlRig_RoundedSquare_solid.uasset" 4426
"/ControlRig/Controls/ControlRig_Circle_3mm" 4427
"../../../Engine/Plugins/Animation/ControlRig/Content/Controls/ControlRig_RoundedTriangle_3mm.uasset" 4428
"../../../Engine/Plugins/Animation/ControlRig/Content/Controls/ControlRig_Box_3mm.uasset" 4429
"/ControlRig/Controls/ControlRig_RoundedSquare_solid" 4430
"../../../Engine/Plugins/Animation/ControlRig/Content/Controls/ControlRig_RoundedTriangle_1mm.uasset" 4431
"/ControlRig/Controls/ControlRig_Pyramid_1mm" 4432
"/ControlRig/Controls/ControlRig_Box_3mm" 4433
"/ControlRig/Controls/ControlRig_RoundedTriangle_3mm" 4434
"../../../Engine/Plugins/Animation/ControlRig/Content/Controls/ControlRig_Pyramid_solid.uasset" 4435
"../../../Engine/Plugins/Animation/ControlRig/Content/Controls/ControlRig_RoundedSquare_1mm.uasset" 4436
"../../../Engine/Plugins/Animation/ControlRig/Content/Controls/ControlRig_Hexagon_1mm.uasset" 4437
"../../../Engine/Plugins/Animation/ControlRig/Content/Controls/ControlRig_Box_solid.uasset" 4438
"../../../Engine/Plugins/Animation/ControlRig/Content/Controls/ControlRig_Diamond_solid.uasset" 4439
"../../../Engine/Plugins/Animation/ControlRig/Content/Controls/ControlRig_Hexagon_3mm.uasset" 4440
"/ControlRig/Controls/ControlRig_RoundedTriangle_1mm" 4441
"../../../Engine/Plugins/Animation/ControlRig/Content/Controls/ControlRig_HalfCircle_solid.uasset" 4442
"/ControlRig/Controls/ControlRig_RoundedSquare_1mm" 4443
"/ControlRig/Controls/ControlRig_Hexagon_3mm" 4444
"/ControlRig/Controls/ControlRig_Hexagon_1mm" 4445
"/ControlRig/Controls/ControlRig_Diamond_solid" 4446
"../../../Engine/Plugins/Animation/ControlRig/Content/Controls/ControlRig_Sphere_3mm.uasset" 4447
"/ControlRig/Controls/ControlRig_Box_solid" 4448
"/ControlRig/Controls/ControlRig_Sphere_3mm" 4449
"../../../Engine/Plugins/Animation/ControlRig/Content/Controls/ControlRig_Box_1mm.uasset" 4450
"../../../Engine/Plugins/Animation/ControlRig/Content/Controls/ControlRig_RoundedTriangle_solid.uasset" 4451
"../../../Engine/Plugins/Animation/ControlRig/Content/Controls/ControlRig_Diamond_3mm.uasset" 4452
"../../../Engine/Plugins/Animation/ControlRig/Content/Controls/ControlRig_RoundedSquare_3mm.uasset" 4453
"../../../Engine/Plugins/Animation/ControlRig/Content/Controls/ControlRig_QuarterCircle_1mm.uasset" 4454
"../../../Engine/Content/Maps/Entry.umap" 4455
"../../../Engine/Plugins/Animation/ControlRig/Content/Controls/ControlRig_Circle_1mm.uasset" 4456
"../../../Engine/Plugins/Animation/ControlRig/Content/Controls/ControlRig_Circle_solid.uasset" 4457
"../../../Engine/Plugins/Animation/ControlRig/Content/Controls/ControlRig_Star4_1mm.uasset" 4458
"../../../Engine/Plugins/Animation/ControlRig/Content/Controls/ControlRig_Star4_3mm.uasset" 4459
"../../../Engine/Plugins/Animation/ControlRig/Content/Controls/ControlRig_Wedge_solid.uasset" 4460
"../../../Engine/Plugins/Animation/ControlRig/Content/Controls/ControlRig_Octagon_solid.uasset" 4461
"../../../Engine/Plugins/Animation/ControlRig/Content/Controls/ControlRig_Square_1mm.uasset" 4462
"../../../Engine/Plugins/Animation/ControlRig/Content/Controls/ControlRig_Wedge_3mm.uasset" 4463
"../../../Engine/Plugins/Animation/ControlRig/Content/Controls/ControlRig_Sphere_1mm.uasset" 4464
"../../../Engine/Plugins/Animation/ControlRig/Content/Controls/ControlRig_Square_solid.uasset" 4465
"../../../Engine/Plugins/Animation/ControlRig/Content/Controls/ControlRig_Triangle_1mm.uasset" 4466
"../../../Engine/Content/Maps/Entry_BuiltData.uasset" 4467
"../../../Engine/Plugins/Animation/ControlRig/Content/Controls/ControlRig_Wedge_1mm.uasset" 4468
"../../../Engine/Plugins/Animation/ControlRig/Content/Controls/ControlRig_Star4_solid.uasset" 4469
"../../../Engine/Plugins/Animation/ControlRig/Content/Controls/ControlRig_Triangle_solid.uasset" 4470
"../../../Engine/Plugins/Animation/ControlRig/Content/Controls/ControlRig_HalfCircle_3mm.uasset" 4471
"../../../Engine/Plugins/Animation/ControlRig/Content/Controls/ControlRig_Square_3mm.uasset" 4472
"../../Plugins/Animation/ControlRig/Content/Controls/ControlRig_Arrow_3mm.uasset" 4473
"../../Plugins/Animation/ControlRig/Content/Controls/ControlRig_Arrow_solid.uasset" 4474
"../../Plugins/Animation/ControlRig/Content/Controls/ControlRig_Arrow4_3mm.uasset" 4475
"../../Plugins/Animation/ControlRig/Content/Controls/ControlRig_QuarterCircle_solid.uasset" 4476
"../../Plugins/Animation/ControlRig/Content/Controls/ControlRig_Arrow2_3mm.uasset" 4477
"../../Plugins/Animation/ControlRig/Content/Controls/ControlRig_Arrow4_1mm.uasset" 4478
"../../Plugins/Animation/ControlRig/Content/Controls/ControlRig_Arrow_1mm.uasset" 4479
"../../Plugins/Animation/ControlRig/Content/Controls/ControlRig_Arrow2_solid.uasset" 4480
"../../../Engine/Plugins/Animation/ControlRig/Content/Controls/ControlRig_Triangle_3mm.uasset" 4481
"../../Plugins/Animation/ControlRig/Content/Controls/ControlRig_Arrow4_solid.uasset" 4482
"../../Plugins/Animation/ControlRig/Content/Controls/ControlRig_Arrow2_1mm.uasset" 4483
"../../Plugins/Animation/ControlRig/Content/Controls/ControlRig_Sphere_solid.uasset" 4484
"../../Plugins/Animation/ControlRig/Content/Controls/ControlRig_Octagon_3mm.uasset" 4485
"../../Plugins/Animation/ControlRig/Content/Controls/ControlRig_Pyramid_3mm.uasset" 4486
"../../Plugins/Animation/ControlRig/Content/Controls/ControlRig_Octagon_1mm.uasset" 4487
"../../Plugins/Animation/ControlRig/Content/Controls/ControlRig_QuarterCircle_3mm.uasset" 4488
"/ControlRig/Controls/ControlRig_Sphere_1mm" 4489
"/ControlRig/Controls/ControlRig_RoundedTriangle_solid" 4490
"/Engine/Maps/Entry" 4491
"/ControlRig/Controls/ControlRig_Wedge_solid" 4492
"/ControlRig/Controls/ControlRig_RoundedSquare_3mm" 4493
"/ControlRig/Controls/ControlRig_Triangle_solid" 4494
"/ControlRig/Controls/ControlRig_Triangle_3mm" 4495
"/ControlRig/Controls/ControlRig_QuarterCircle_1mm" 4496
"/ControlRig/Controls/ControlRig_Pyramid_solid" 4497
"/ControlRig/Controls/ControlRig_Triangle_1mm" 4498
"/ControlRig/Controls/ControlRig_Wedge_3mm" 4499
"/ControlRig/Controls/ControlRig_Octagon_solid" 4500
"/ControlRig/Controls/ControlRig_Star4_solid" 4501
"/ControlRig/Controls/ControlRig_Star4_3mm" 4502
"/ControlRig/Controls/ControlRig_Star4_1mm" 4503
"/ControlRig/Controls/ControlRig_HalfCircle_solid" 4504
"../../Plugins/Animation/ControlRig/Content/Controls/ControlRig_Hexagon_solid.uasset" 4505
"../../Plugins/Animation/ControlRig/Content/Controls/ControlRig_Diamond_1mm.uasset" 4506
"../../Plugins/Animation/ControlRig/Content/Controls/ControlRig_HalfCircle_1mm.uasset" 4507
"../../Plugins/Animation/ControlRig/Content/Controls/ControlRig_Pyramid_1mm.uasset" 4508
"../../Plugins/Animation/ControlRig/Content/Controls/ControlRig_RoundedSquare_solid.uasset" 4509
"../../Plugins/Animation/ControlRig/Content/Controls/ControlRig_Circle_3mm.uasset" 4510
"../../Plugins/Animation/ControlRig/Content/Controls/ControlRig_Box_3mm.uasset" 4511
"../../Plugins/Animation/ControlRig/Content/Controls/ControlRig_RoundedTriangle_3mm.uasset" 4512
"../../Plugins/Animation/ControlRig/Content/Controls/ControlRig_RoundedTriangle_1mm.uasset" 4513
"../../Plugins/Animation/ControlRig/Content/Controls/ControlRig_Hexagon_3mm.uasset" 4514
"../../Plugins/Animation/ControlRig/Content/Controls/ControlRig_Hexagon_1mm.uasset" 4515
"../../Plugins/Animation/ControlRig/Content/Controls/ControlRig_RoundedSquare_1mm.uasset" 4516
"../../Plugins/Animation/ControlRig/Content/Controls/ControlRig_Diamond_solid.uasset" 4517
"../../Plugins/Animation/ControlRig/Content/Controls/ControlRig_Box_solid.uasset" 4518
"../../Plugins/Animation/ControlRig/Content/Controls/ControlRig_Sphere_3mm.uasset" 4519
"../../Plugins/Animation/ControlRig/Content/Controls/ControlRig_Sphere_1mm.uasset" 4520
"../../Plugins/Animation/ControlRig/Content/Controls/ControlRig_RoundedTriangle_solid.uasset" 4521
"../../Plugins/Animation/ControlRig/Content/Controls/ControlRig_Wedge_solid.uasset" 4522
"../../Plugins/Animation/ControlRig/Content/Controls/ControlRig_RoundedSquare_3mm.uasset" 4523
"../../Plugins/Animation/ControlRig/Content/Controls/ControlRig_Triangle_solid.uasset" 4524
"../../Plugins/Animation/ControlRig/Content/Controls/ControlRig_Triangle_3mm.uasset" 4525
"../../Plugins/Animation/ControlRig/Content/Controls/ControlRig_QuarterCircle_1mm.uasset" 4526
"../../Plugins/Animation/ControlRig/Content/Controls/ControlRig_Pyramid_solid.uasset" 4527
"../../Plugins/Animation/ControlRig/Content/Controls/ControlRig_Triangle_1mm.uasset" 4528
"../../Plugins/Animation/ControlRig/Content/Controls/ControlRig_Wedge_3mm.uasset" 4529
"../../Plugins/Animation/ControlRig/Content/Controls/ControlRig_Octagon_solid.uasset" 4530
"../../Plugins/Animation/ControlRig/Content/Controls/ControlRig_Star4_solid.uasset" 4531
"../../Plugins/Animation/ControlRig/Content/Controls/ControlRig_HalfCircle_solid.uasset" 4532
"../../Plugins/Animation/ControlRig/Content/Controls/ControlRig_Star4_1mm.uasset" 4533
"../../Plugins/Animation/ControlRig/Content/Controls/ControlRig_Star4_3mm.uasset" 4534
"/ControlRig/Controls/ControlRig_HalfCircle_3mm" 4535
"/ControlRig/Controls/ControlRig_Square_solid" 4536
"/ControlRig/Controls/ControlRig_Diamond_3mm" 4537
"/ControlRig/Controls/ControlRig_Square_3mm" 4538
"/ControlRig/Controls/ControlRig_Circle_solid" 4539
"/ControlRig/Controls/ControlRig_Square_1mm" 4540
"/ControlRig/Controls/ControlRig_Circle_1mm" 4541
"/ControlRig/Controls/ControlRig_Wedge_1mm" 4542
"/ControlRig/Controls/ControlRig_Box_1mm" 4543
"../../../Engine/Content/EditorMaterials/PreviewShadowIndicatorMaterial.uasset" 4544
"../../../Engine/Content/EditorMaterials/PreviewShadowIndicator.uasset" 4545
"../../../Engine/Content/EngineMaterials/Substrate/GLints/dict_16_192_64_0p5_0p02_0000_0000.uasset" 4546
"../../../Engine/Content/EngineMaterials/Substrate/GLints/dict_16_192_64_0p5_0p02_0000_0002.uasset" 4547
"../../../Engine/Content/EngineMaterials/Substrate/GLints/dict_16_192_64_0p5_0p02_0000_0003.uasset" 4548
"../../../Engine/Content/EngineMaterials/Substrate/GLints/dict_16_192_64_0p5_0p02_0000_0001.uasset" 4549
"../../../Engine/Content/EngineMaterials/Substrate/GLints/dict_16_192_64_0p5_0p02_0000_0004.uasset" 4550
"../../../Engine/Content/EngineMaterials/Substrate/GLints/dict_16_192_64_0p5_0p02_0000_0005.uasset" 4551
"../../../Engine/Content/EngineMaterials/Substrate/GLints/dict_16_192_64_0p5_0p02_0000_0007.uasset" 4552
"../../../Engine/Content/EngineMaterials/Substrate/GLints/dict_16_192_64_0p5_0p02_0000_0006.uasset" 4553
"../../../Engine/Content/EngineMaterials/Substrate/GLints/dict_16_192_64_0p5_0p02_0000_0009.uasset" 4554
"../../../Engine/Content/EngineMaterials/Substrate/GLints/dict_16_192_64_0p5_0p02_0000_0008.uasset" 4555
"../../../Engine/Content/EngineMaterials/Substrate/GLints/dict_16_192_64_0p5_0p02_0000_0011.uasset" 4556
"../../../Engine/Content/EngineMaterials/Substrate/GLints/dict_16_192_64_0p5_0p02_0000_0012.uasset" 4557
"../../../Engine/Content/EngineMaterials/Substrate/GLints/dict_16_192_64_0p5_0p02_0000_0010.uasset" 4558
"../../../Engine/Content/EngineMaterials/Substrate/GLints/dict_16_192_64_0p5_0p02_0000_0014.uasset" 4559
"../../../Engine/Content/EngineMaterials/Substrate/GLints/dict_16_192_64_0p5_0p02_0000_0013.uasset" 4560
"../../../Engine/Content/EngineMaterials/Substrate/GLints/dict_16_192_64_0p5_0p02_0000_0015.uasset" 4561
"../../../Engine/Content/EngineMaterials/Substrate/GLints/dict_16_192_64_0p5_0p02_0001_0001.uasset" 4562
"../../../Engine/Content/EngineMaterials/Substrate/GLints/dict_16_192_64_0p5_0p02_0001_0002.uasset" 4563
"../../../Engine/Content/EngineMaterials/Substrate/GLints/dict_16_192_64_0p5_0p02_0001_0003.uasset" 4564
"../../../Engine/Content/EngineMaterials/Substrate/GLints/dict_16_192_64_0p5_0p02_0001_0000.uasset" 4565
"../../../Engine/Content/EngineMaterials/Substrate/GLints/dict_16_192_64_0p5_0p02_0001_0006.uasset" 4566
"../../../Engine/Content/EngineMaterials/Substrate/GLints/dict_16_192_64_0p5_0p02_0001_0005.uasset" 4567
"../../../Engine/Content/EngineMaterials/Substrate/GLints/dict_16_192_64_0p5_0p02_0001_0007.uasset" 4568
"../../../Engine/Content/EngineMaterials/Substrate/GLints/dict_16_192_64_0p5_0p02_0001_0008.uasset" 4569
"../../../Engine/Content/EngineMaterials/Substrate/GLints/dict_16_192_64_0p5_0p02_0001_0004.uasset" 4570
"../../../Engine/Content/EngineMaterials/Substrate/GLints/dict_16_192_64_0p5_0p02_0001_0009.uasset" 4571
"../../../Engine/Content/EngineMaterials/Substrate/GLints/dict_16_192_64_0p5_0p02_0001_0010.uasset" 4572
"../../../Engine/Content/EngineMaterials/Substrate/GLints/dict_16_192_64_0p5_0p02_0001_0011.uasset" 4573
"../../../Engine/Content/EngineMaterials/Substrate/GLints/dict_16_192_64_0p5_0p02_0001_0013.uasset" 4574
"../../../Engine/Content/EngineMaterials/Substrate/GLints/dict_16_192_64_0p5_0p02_0001_0012.uasset" 4575
"/Engine/EngineMaterials/Substrate/GLints/dict_16_192_64_0p5_0p02_0001_0008" 4576
"/Engine/EngineMaterials/Substrate/GLints/dict_16_192_64_0p5_0p02_0001_0007" 4577
"/Engine/EngineMaterials/Substrate/GLints/dict_16_192_64_0p5_0p02_0001_0006" 4578
"/Engine/EngineMaterials/Substrate/GLints/dict_16_192_64_0p5_0p02_0001_0005" 4579
"/Engine/EngineMaterials/Substrate/GLints/dict_16_192_64_0p5_0p02_0001_0004" 4580
"/Engine/EngineMaterials/Substrate/GLints/dict_16_192_64_0p5_0p02_0001_0003" 4581
"/Engine/EngineMaterials/Substrate/GLints/dict_16_192_64_0p5_0p02_0001_0002" 4582
"/Engine/EngineMaterials/Substrate/GLints/dict_16_192_64_0p5_0p02_0001_0013" 4583
"/Engine/EngineMaterials/Substrate/GLints/dict_16_192_64_0p5_0p02_0001_0001" 4584
"/Engine/EngineMaterials/Substrate/GLints/dict_16_192_64_0p5_0p02_0001_0000" 4585
"/Engine/EngineMaterials/Substrate/GLints/dict_16_192_64_0p5_0p02_0000_0015" 4586
"/Engine/EngineMaterials/Substrate/GLints/dict_16_192_64_0p5_0p02_0000_0014" 4587
"/Engine/EngineMaterials/Substrate/GLints/dict_16_192_64_0p5_0p02_0000_0013" 4588
"/Engine/EngineMaterials/Substrate/GLints/dict_16_192_64_0p5_0p02_0000_0012" 4589
"/Engine/EngineMaterials/Substrate/GLints/dict_16_192_64_0p5_0p02_0000_0011" 4590
"/Engine/EngineMaterials/Substrate/GLints/dict_16_192_64_0p5_0p02_0000_0010" 4591
"/Engine/EngineMaterials/Substrate/GLints/dict_16_192_64_0p5_0p02_0000_0009" 4592
"/Engine/EngineMaterials/Substrate/GLints/dict_16_192_64_0p5_0p02_0000_0008" 4593
"/Engine/EngineMaterials/Substrate/GLints/dict_16_192_64_0p5_0p02_0001_0012" 4594
"/Engine/EngineMaterials/Substrate/GLints/dict_16_192_64_0p5_0p02_0001_0011" 4595
"/Engine/EngineMaterials/Substrate/GLints/dict_16_192_64_0p5_0p02_0000_0007" 4596
"/Engine/EngineMaterials/Substrate/GLints/dict_16_192_64_0p5_0p02_0000_0006" 4597
"/Engine/EngineMaterials/Substrate/GLints/dict_16_192_64_0p5_0p02_0000_0005" 4598
"/Engine/EngineMaterials/Substrate/GLints/dict_16_192_64_0p5_0p02_0001_0010" 4599
"/Engine/EngineMaterials/Substrate/GLints/dict_16_192_64_0p5_0p02_0000_0004" 4600
"/Engine/EngineMaterials/Substrate/GLints/dict_16_192_64_0p5_0p02_0000_0003" 4601
"/Engine/EngineMaterials/Substrate/GLints/dict_16_192_64_0p5_0p02_0000_0002" 4602
"/Engine/EngineMaterials/Substrate/GLints/dict_16_192_64_0p5_0p02_0000_0001" 4603
"/Engine/EngineMaterials/Substrate/GLints/dict_16_192_64_0p5_0p02_0000_0000" 4604
"/Engine/EngineMaterials/Substrate/GLints/dict_16_192_64_0p5_0p02_0001_0009" 4605
"/Engine/EditorMaterials/PreviewShadowIndicatorMaterial" 4606
"../../../Engine/Plugins/Animation/DeformerGraph/Shaders/Private/DataInterfaceCustomComputeKernel.ush" 4607
"../../../Engine/Plugins/Animation/DeformerGraph/Shaders/Private/DataInterfaceCloth.ush" 4608
"../../../Engine/Plugins/Animation/DeformerGraph/Shaders/Private/DataInterfaceSkinnedMeshRead.ush" 4609
"../../../Engine/Plugins/Animation/DeformerGraph/Shaders/Private/DataInterfaceSkeleton.ush" 4610
"../../../Engine/Plugins/Animation/DeformerGraph/Shaders/Private/DataInterfaceSkeletonCommon.ush" 4611
"../../../Engine/Plugins/Animation/DeformerGraph/Shaders/Private/DataInterfaceMorphTarget.ush" 4612
"../../../Engine/Plugins/Animation/DeformerGraph/Shaders/Private/DataInterfaceSkinnedMeshWrite.ush" 4613
"../../Plugins/Animation/ControlRig/Content/Controls/ControlRig_Diamond_3mm.uasset" 4614
"../../Plugins/Animation/ControlRig/Content/Controls/ControlRig_HalfCircle_3mm.uasset" 4615
"../../Plugins/Animation/ControlRig/Content/Controls/ControlRig_Square_solid.uasset" 4616
"../../Plugins/Animation/ControlRig/Content/Controls/ControlRig_Square_1mm.uasset" 4617
"../../Plugins/Animation/ControlRig/Content/Controls/ControlRig_Circle_1mm.uasset" 4618
"../../Plugins/Animation/ControlRig/Content/Controls/ControlRig_Square_3mm.uasset" 4619
"../../Plugins/Animation/ControlRig/Content/Controls/ControlRig_Wedge_1mm.uasset" 4620
"../../Plugins/Animation/ControlRig/Content/Controls/ControlRig_Box_1mm.uasset" 4621
"../../Plugins/Animation/ControlRig/Content/Controls/ControlRig_Circle_solid.uasset" 4622
"../../../Engine/Plugins/Animation/DeformerGraph/Shaders/Private/DataInterfaceRawBuffer.ush" 4623
"../../../Engine/Plugins/Runtime/ComputeFramework/Shaders/Private/BufferAlias.ush" 4624
"../../../Engine/Content/EngineMaterials/Substrate/GLints/dict_16_192_64_0p5_0p02_0001_0015.uasset" 4625
"../../../Engine/Content/EngineMaterials/Substrate/GLints/dict_16_192_64_0p5_0p02_0002_0002.uasset" 4626
"../../../Engine/Content/EngineMaterials/Substrate/GLints/dict_16_192_64_0p5_0p02_0002_0005.uasset" 4627
"../../../Engine/Content/EngineMaterials/Substrate/GLints/dict_16_192_64_0p5_0p02_0002_0006.uasset" 4628
"../../../Engine/Content/EngineMaterials/Substrate/GLints/dict_16_192_64_0p5_0p02_0002_0008.uasset" 4629
"../../../Engine/Content/EngineMaterials/Substrate/GLints/dict_16_192_64_0p5_0p02_0002_0009.uasset" 4630
"../../../Engine/Content/EngineMaterials/Substrate/GLints/dict_16_192_64_0p5_0p02_0002_0011.uasset" 4631
"../../../Engine/Content/EngineMaterials/Substrate/GLints/dict_16_192_64_0p5_0p02_0002_0010.uasset" 4632
"../../../Engine/Content/EngineMaterials/Substrate/GLints/dict_16_192_64_0p5_0p02_0002_0012.uasset" 4633
"../../../Engine/Content/EngineMaterials/Substrate/GLints/dict_16_192_64_0p5_0p02_0003_0002.uasset" 4634
"../../../Engine/Content/EngineMaterials/Substrate/GLints/dict_16_192_64_0p5_0p02_0002_0015.uasset" 4635
"../../../Engine/Content/EngineMaterials/Substrate/GLints/dict_16_192_64_0p5_0p02_0003_0001.uasset" 4636
"../../../Engine/Content/EngineMaterials/Substrate/GLints/dict_16_192_64_0p5_0p02_0003_0003.uasset" 4637
"../../../Engine/Content/EngineMaterials/Substrate/GLints/dict_16_192_64_0p5_0p02_0003_0004.uasset" 4638
"../../../Engine/Content/EngineMaterials/Substrate/GLints/dict_16_192_64_0p5_0p02_0003_0005.uasset" 4639
"../../../Engine/Content/EngineMaterials/Substrate/GLints/dict_16_192_64_0p5_0p02_0003_0006.uasset" 4640
"../../../Engine/Content/EngineMaterials/Substrate/GLints/dict_16_192_64_0p5_0p02_0003_0007.uasset" 4641
"../../../Engine/Content/EngineMaterials/Substrate/GLints/dict_16_192_64_0p5_0p02_0002_0000.uasset" 4642
"../../../Engine/Content/EngineMaterials/Substrate/GLints/dict_16_192_64_0p5_0p02_0003_0008.uasset" 4643
"../../../Engine/Content/EngineMaterials/Substrate/GLints/dict_16_192_64_0p5_0p02_0003_0009.uasset" 4644
"../../../Engine/Content/EngineMaterials/Substrate/GLints/dict_16_192_64_0p5_0p02_0003_0012.uasset" 4645
"../../../Engine/Content/EngineMaterials/Substrate/GLints/dict_16_192_64_0p5_0p02_0002_0001.uasset" 4646
"../../../Engine/Content/EngineMaterials/Substrate/GLints/dict_16_192_64_0p5_0p02_0002_0007.uasset" 4647
"../../../Engine/Content/EngineMaterials/Substrate/GLints/dict_16_192_64_0p5_0p02_0003_0013.uasset" 4648
"../../../Engine/Content/EngineMaterials/Substrate/GLints/dict_16_192_64_0p5_0p02_0002_0004.uasset" 4649
"../../../Engine/Content/EngineMaterials/Substrate/GLints/dict_16_192_64_0p5_0p02_0002_0014.uasset" 4650
"../../../Engine/Content/EngineMaterials/Substrate/GLints/dict_16_192_64_0p5_0p02_0001_0014.uasset" 4651
"../../../Engine/Content/EngineMaterials/Substrate/GLints/dict_16_192_64_0p5_0p02_0002_0003.uasset" 4652
"../../../Engine/Content/EngineMaterials/Substrate/GLints/dict_16_192_64_0p5_0p02_0003_0011.uasset" 4653
"../../../Engine/Content/EngineMaterials/Substrate/GLints/dict_16_192_64_0p5_0p02_0003_0010.uasset" 4654
"../../../Engine/Content/EngineMaterials/Substrate/GLints/dict_16_192_64_0p5_0p02_0002_0013.uasset" 4655
"../../../Engine/Content/EngineMaterials/Substrate/GLints/dict_16_192_64_0p5_0p02_0003_0000.uasset" 4656
"../../../Engine/Plugins/Animation/DeformerGraph/Shaders/Private/DataInterfaceSkinnedMesh.ush" 4657
"../../../Engine/Plugins/Animation/DeformerGraph/Shaders/Private/DataInterfaceHalfEdge.ush" 4658
"/Engine/EngineMaterials/Substrate/GLints/dict_16_192_64_0p5_0p02_0003_0013" 4659
"/Engine/EngineMaterials/Substrate/GLints/dict_16_192_64_0p5_0p02_0003_0012" 4660
"/Engine/EngineMaterials/Substrate/GLints/dict_16_192_64_0p5_0p02_0003_0011" 4661
"/Engine/EngineMaterials/Substrate/GLints/dict_16_192_64_0p5_0p02_0003_0010" 4662
"/Engine/EngineMaterials/Substrate/GLints/dict_16_192_64_0p5_0p02_0003_0009" 4663
"/Engine/EngineMaterials/Substrate/GLints/dict_16_192_64_0p5_0p02_0003_0008" 4664
"/Engine/EngineMaterials/Substrate/GLints/dict_16_192_64_0p5_0p02_0003_0007" 4665
"/Engine/EngineMaterials/Substrate/GLints/dict_16_192_64_0p5_0p02_0003_0006" 4666
"/Engine/EngineMaterials/Substrate/GLints/dict_16_192_64_0p5_0p02_0003_0005" 4667
"/Engine/EngineMaterials/Substrate/GLints/dict_16_192_64_0p5_0p02_0003_0004" 4668
"/Engine/EngineMaterials/Substrate/GLints/dict_16_192_64_0p5_0p02_0003_0003" 4669
"/Engine/EngineMaterials/Substrate/GLints/dict_16_192_64_0p5_0p02_0003_0002" 4670
"/Engine/EngineMaterials/Substrate/GLints/dict_16_192_64_0p5_0p02_0003_0001" 4671
"/Engine/EngineMaterials/Substrate/GLints/dict_16_192_64_0p5_0p02_0003_0000" 4672
"/Engine/EngineMaterials/Substrate/GLints/dict_16_192_64_0p5_0p02_0002_0015" 4673
"/Engine/EngineMaterials/Substrate/GLints/dict_16_192_64_0p5_0p02_0002_0014" 4674
"/Engine/EngineMaterials/Substrate/GLints/dict_16_192_64_0p5_0p02_0002_0013" 4675
"/Engine/EngineMaterials/Substrate/GLints/dict_16_192_64_0p5_0p02_0002_0012" 4676
"/Engine/EngineMaterials/Substrate/GLints/dict_16_192_64_0p5_0p02_0002_0011" 4677
"/Engine/EngineMaterials/Substrate/GLints/dict_16_192_64_0p5_0p02_0002_0010" 4678
"/Engine/EngineMaterials/Substrate/GLints/dict_16_192_64_0p5_0p02_0002_0009" 4679
"/Engine/EngineMaterials/Substrate/GLints/dict_16_192_64_0p5_0p02_0002_0008" 4680
"/Engine/EngineMaterials/Substrate/GLints/dict_16_192_64_0p5_0p02_0002_0007" 4681
"/Engine/EngineMaterials/Substrate/GLints/dict_16_192_64_0p5_0p02_0002_0006" 4682
"/Engine/EngineMaterials/Substrate/GLints/dict_16_192_64_0p5_0p02_0002_0005" 4683
"/Engine/EngineMaterials/Substrate/GLints/dict_16_192_64_0p5_0p02_0002_0004" 4684
"/Engine/EngineMaterials/Substrate/GLints/dict_16_192_64_0p5_0p02_0002_0003" 4685
"/Engine/EngineMaterials/Substrate/GLints/dict_16_192_64_0p5_0p02_0002_0002" 4686
"/Engine/EngineMaterials/Substrate/GLints/dict_16_192_64_0p5_0p02_0002_0001" 4687
"/Engine/EngineMaterials/Substrate/GLints/dict_16_192_64_0p5_0p02_0002_0000" 4688
"/Engine/EngineMaterials/Substrate/GLints/dict_16_192_64_0p5_0p02_0001_0015" 4689
"/Engine/EngineMaterials/Substrate/GLints/dict_16_192_64_0p5_0p02_0001_0014" 4690
"../../../Engine/Content/EngineMaterials/Substrate/GLints/dict_16_192_64_0p5_0p02_0004_0003.uasset" 4691
"../../../Engine/Content/EngineMaterials/Substrate/GLints/dict_16_192_64_0p5_0p02_0003_0015.uasset" 4692
"../../../Engine/Content/EngineMaterials/Substrate/GLints/dict_16_192_64_0p5_0p02_0004_0006.uasset" 4693
"../../../Engine/Content/EngineMaterials/Substrate/GLints/dict_16_192_64_0p5_0p02_0004_0014.uasset" 4694
"../../../Engine/Content/EngineMaterials/Substrate/GLints/dict_16_192_64_0p5_0p02_0004_0013.uasset" 4695
"../../../Engine/Content/EngineMaterials/Substrate/GLints/dict_16_192_64_0p5_0p02_0004_0012.uasset" 4696
"../../../Engine/Content/EngineMaterials/Substrate/GLints/dict_16_192_64_0p5_0p02_0005_0000.uasset" 4697
"../../../Engine/Content/EngineMaterials/Substrate/GLints/dict_16_192_64_0p5_0p02_0003_0014.uasset" 4698
"../../../Engine/Content/EngineMaterials/Substrate/GLints/dict_16_192_64_0p5_0p02_0004_0011.uasset" 4699
"../../../Engine/Content/EngineMaterials/Substrate/GLints/dict_16_192_64_0p5_0p02_0005_0002.uasset" 4700
"../../../Engine/Content/EngineMaterials/Substrate/GLints/dict_16_192_64_0p5_0p02_0004_0007.uasset" 4701
"../../../Engine/Content/EngineMaterials/Substrate/GLints/dict_16_192_64_0p5_0p02_0004_0004.uasset" 4702
"../../../Engine/Content/EngineMaterials/Substrate/GLints/dict_16_192_64_0p5_0p02_0005_0006.uasset" 4703
"../../../Engine/Content/EngineMaterials/Substrate/GLints/dict_16_192_64_0p5_0p02_0004_0001.uasset" 4704
"../../../Engine/Content/EngineMaterials/Substrate/GLints/dict_16_192_64_0p5_0p02_0005_0005.uasset" 4705
"../../../Engine/Content/EngineMaterials/Substrate/GLints/dict_16_192_64_0p5_0p02_0005_0013.uasset" 4706
"../../../Engine/Content/EngineMaterials/Substrate/GLints/dict_16_192_64_0p5_0p02_0005_0008.uasset" 4707
"../../../Engine/Content/EngineMaterials/Substrate/GLints/dict_16_192_64_0p5_0p02_0004_0005.uasset" 4708
"../../../Engine/Content/EngineMaterials/Substrate/GLints/dict_16_192_64_0p5_0p02_0005_0004.uasset" 4709
"../../../Engine/Content/EngineMaterials/Substrate/GLints/dict_16_192_64_0p5_0p02_0005_0011.uasset" 4710
"../../../Engine/Content/EngineMaterials/Substrate/GLints/dict_16_192_64_0p5_0p02_0004_0009.uasset" 4711
"../../../Engine/Content/EngineMaterials/Substrate/GLints/dict_16_192_64_0p5_0p02_0004_0000.uasset" 4712
"../../../Engine/Content/EngineMaterials/Substrate/GLints/dict_16_192_64_0p5_0p02_0005_0007.uasset" 4713
"../../../Engine/Content/EngineMaterials/Substrate/GLints/dict_16_192_64_0p5_0p02_0005_0009.uasset" 4714
"../../../Engine/Content/EngineMaterials/Substrate/GLints/dict_16_192_64_0p5_0p02_0004_0002.uasset" 4715
"../../../Engine/Content/EngineMaterials/Substrate/GLints/dict_16_192_64_0p5_0p02_0004_0008.uasset" 4716
"../../../Engine/Content/EngineMaterials/Substrate/GLints/dict_16_192_64_0p5_0p02_0004_0010.uasset" 4717
"../../../Engine/Content/EngineMaterials/Substrate/GLints/dict_16_192_64_0p5_0p02_0005_0001.uasset" 4718
"../../../Engine/Content/EngineMaterials/Substrate/GLints/dict_16_192_64_0p5_0p02_0005_0003.uasset" 4719
"../../../Engine/Content/EngineMaterials/Substrate/GLints/dict_16_192_64_0p5_0p02_0004_0015.uasset" 4720
"../../../Engine/Content/EngineMaterials/Substrate/GLints/dict_16_192_64_0p5_0p02_0005_0012.uasset" 4721
"../../../Engine/Content/EngineMaterials/Substrate/GLints/dict_16_192_64_0p5_0p02_0005_0010.uasset" 4722
"/Engine/EngineMaterials/Substrate/GLints/dict_16_192_64_0p5_0p02_0005_0013" 4723
"/Engine/EngineMaterials/Substrate/GLints/dict_16_192_64_0p5_0p02_0005_0012" 4724
"/Engine/EngineMaterials/Substrate/GLints/dict_16_192_64_0p5_0p02_0005_0011" 4725
"/Engine/EngineMaterials/Substrate/GLints/dict_16_192_64_0p5_0p02_0005_0010" 4726
"/Engine/EngineMaterials/Substrate/GLints/dict_16_192_64_0p5_0p02_0005_0009" 4727
"/Engine/EngineMaterials/Substrate/GLints/dict_16_192_64_0p5_0p02_0005_0008" 4728
"/Engine/EngineMaterials/Substrate/GLints/dict_16_192_64_0p5_0p02_0005_0007" 4729
"/Engine/EngineMaterials/Substrate/GLints/dict_16_192_64_0p5_0p02_0005_0006" 4730
"/Engine/EngineMaterials/Substrate/GLints/dict_16_192_64_0p5_0p02_0005_0005" 4731
"/Engine/EngineMaterials/Substrate/GLints/dict_16_192_64_0p5_0p02_0005_0004" 4732
"/Engine/EngineMaterials/Substrate/GLints/dict_16_192_64_0p5_0p02_0005_0003" 4733
"/Engine/EngineMaterials/Substrate/GLints/dict_16_192_64_0p5_0p02_0005_0002" 4734
"/Engine/EngineMaterials/Substrate/GLints/dict_16_192_64_0p5_0p02_0005_0001" 4735
"/Engine/EngineMaterials/Substrate/GLints/dict_16_192_64_0p5_0p02_0005_0000" 4736
"/Engine/EngineMaterials/Substrate/GLints/dict_16_192_64_0p5_0p02_0004_0015" 4737
"/Engine/EngineMaterials/Substrate/GLints/dict_16_192_64_0p5_0p02_0004_0014" 4738
"/Engine/EngineMaterials/Substrate/GLints/dict_16_192_64_0p5_0p02_0004_0013" 4739
"/Engine/EngineMaterials/Substrate/GLints/dict_16_192_64_0p5_0p02_0004_0012" 4740
"/Engine/EngineMaterials/Substrate/GLints/dict_16_192_64_0p5_0p02_0004_0011" 4741
"/Engine/EngineMaterials/Substrate/GLints/dict_16_192_64_0p5_0p02_0004_0010" 4742
"/Engine/EngineMaterials/Substrate/GLints/dict_16_192_64_0p5_0p02_0004_0009" 4743
"/Engine/EngineMaterials/Substrate/GLints/dict_16_192_64_0p5_0p02_0004_0008" 4744
"/Engine/EngineMaterials/Substrate/GLints/dict_16_192_64_0p5_0p02_0004_0007" 4745
"/Engine/EngineMaterials/Substrate/GLints/dict_16_192_64_0p5_0p02_0004_0006" 4746
"/Engine/EngineMaterials/Substrate/GLints/dict_16_192_64_0p5_0p02_0004_0005" 4747
"/Engine/EngineMaterials/Substrate/GLints/dict_16_192_64_0p5_0p02_0004_0004" 4748
"/Engine/EngineMaterials/Substrate/GLints/dict_16_192_64_0p5_0p02_0004_0003" 4749
"/Engine/EngineMaterials/Substrate/GLints/dict_16_192_64_0p5_0p02_0004_0002" 4750
"/Engine/EngineMaterials/Substrate/GLints/dict_16_192_64_0p5_0p02_0004_0001" 4751
"/Engine/EngineMaterials/Substrate/GLints/dict_16_192_64_0p5_0p02_0004_0000" 4752
"/Engine/EngineMaterials/Substrate/GLints/dict_16_192_64_0p5_0p02_0003_0015" 4753
"/Engine/EngineMaterials/Substrate/GLints/dict_16_192_64_0p5_0p02_0003_0014" 4754
"../../../Engine/Content/EngineMaterials/Substrate/GLints/dict_16_192_64_0p5_0p02_0005_0014.uasset" 4755
"../../../Engine/Content/EngineMaterials/Substrate/GLints/dict_16_192_64_0p5_0p02_0005_0015.uasset" 4756
"../../../Engine/Content/EngineMaterials/Substrate/GLints/dict_16_192_64_0p5_0p02_0006_0000.uasset" 4757
"../../../Engine/Content/EngineMaterials/Substrate/GLints/dict_16_192_64_0p5_0p02_0006_0001.uasset" 4758
"../../../Engine/Content/EngineMaterials/Substrate/GLints/dict_16_192_64_0p5_0p02_0006_0002.uasset" 4759
"../../../Engine/Content/EngineMaterials/Substrate/GLints/dict_16_192_64_0p5_0p02_0006_0003.uasset" 4760
"../../../Engine/Content/EngineMaterials/Substrate/GLints/dict_16_192_64_0p5_0p02_0006_0004.uasset" 4761
"../../../Engine/Content/EngineMaterials/Substrate/GLints/dict_16_192_64_0p5_0p02_0006_0005.uasset" 4762
"../../../Engine/Content/EngineMaterials/Substrate/GLints/dict_16_192_64_0p5_0p02_0006_0007.uasset" 4763
"../../../Engine/Content/EngineMaterials/Substrate/GLints/dict_16_192_64_0p5_0p02_0006_0006.uasset" 4764
"../../../Engine/Content/EngineMaterials/Substrate/GLints/dict_16_192_64_0p5_0p02_0006_0008.uasset" 4765
"/Engine/EngineMaterials/Substrate/GLints/dict_16_192_64_0p5_0p02_0006_0008" 4766
"/Engine/EngineMaterials/Substrate/GLints/dict_16_192_64_0p5_0p02_0006_0007" 4767
"/Engine/EngineMaterials/Substrate/GLints/dict_16_192_64_0p5_0p02_0006_0006" 4768
"/Engine/EngineMaterials/Substrate/GLints/dict_16_192_64_0p5_0p02_0006_0005" 4769
"/Engine/EngineMaterials/Substrate/GLints/dict_16_192_64_0p5_0p02_0006_0004" 4770
"/Engine/EngineMaterials/Substrate/GLints/dict_16_192_64_0p5_0p02_0006_0003" 4771
"/Engine/EngineMaterials/Substrate/GLints/dict_16_192_64_0p5_0p02_0006_0002" 4772
"/Engine/EngineMaterials/Substrate/GLints/dict_16_192_64_0p5_0p02_0006_0001" 4773
"/Engine/EngineMaterials/Substrate/GLints/dict_16_192_64_0p5_0p02_0006_0000" 4774
"/Engine/EngineMaterials/Substrate/GLints/dict_16_192_64_0p5_0p02_0005_0015" 4775
"/Engine/EngineMaterials/Substrate/GLints/dict_16_192_64_0p5_0p02_0005_0014" 4776
"../../../Engine/Content/EngineMaterials/Substrate/GLints/dict_16_192_64_0p5_0p02_0006_0009.uasset" 4777
"../../../Engine/Content/EngineMaterials/Substrate/GLints/dict_16_192_64_0p5_0p02_0006_0010.uasset" 4778
"../../../Engine/Content/EngineMaterials/Substrate/GLints/dict_16_192_64_0p5_0p02_0006_0011.uasset" 4779
"../../../Engine/Content/EngineMaterials/Substrate/GLints/dict_16_192_64_0p5_0p02_0006_0013.uasset" 4780
"../../../Engine/Content/EngineMaterials/Substrate/GLints/dict_16_192_64_0p5_0p02_0006_0012.uasset" 4781
"../../../Engine/Content/EngineMaterials/Substrate/GLints/dict_16_192_64_0p5_0p02_0006_0014.uasset" 4782
"/Engine/EngineMaterials/Substrate/GLints/dict_16_192_64_0p5_0p02_0006_0014" 4783
"/Engine/EngineMaterials/Substrate/GLints/dict_16_192_64_0p5_0p02_0006_0013" 4784
"/Engine/EngineMaterials/Substrate/GLints/dict_16_192_64_0p5_0p02_0006_0012" 4785
"/Engine/EngineMaterials/Substrate/GLints/dict_16_192_64_0p5_0p02_0006_0011" 4786
"/Engine/EngineMaterials/Substrate/GLints/dict_16_192_64_0p5_0p02_0006_0010" 4787
"/Engine/EngineMaterials/Substrate/GLints/dict_16_192_64_0p5_0p02_0006_0009" 4788
"../../../Engine/Content/EngineMaterials/Substrate/GLints/dict_16_192_64_0p5_0p02_0007_0000.uasset" 4789
"../../../Engine/Content/EngineMaterials/Substrate/GLints/dict_16_192_64_0p5_0p02_0006_0015.uasset" 4790
"../../../Engine/Content/EngineMaterials/Substrate/GLints/dict_16_192_64_0p5_0p02_0007_0001.uasset" 4791
"../../../Engine/Content/EngineMaterials/Substrate/GLints/dict_16_192_64_0p5_0p02_0007_0003.uasset" 4792
"../../../Engine/Content/EngineMaterials/Substrate/GLints/dict_16_192_64_0p5_0p02_0007_0004.uasset" 4793
"../../../Engine/Content/EngineMaterials/Substrate/GLints/dict_16_192_64_0p5_0p02_0007_0009.uasset" 4794
"../../../Engine/Content/EngineMaterials/Substrate/GLints/dict_16_192_64_0p5_0p02_0007_0002.uasset" 4795
"../../../Engine/Content/EngineMaterials/Substrate/GLints/dict_16_192_64_0p5_0p02_0007_0010.uasset" 4796
"../../../Engine/Content/EngineMaterials/Substrate/GLints/dict_16_192_64_0p5_0p02_0007_0013.uasset" 4797
"../../../Engine/Content/EngineMaterials/Substrate/GLints/dict_16_192_64_0p5_0p02_0007_0015.uasset" 4798
"../../../Engine/Content/EngineMaterials/Substrate/GLints/dict_16_192_64_0p5_0p02_0007_0007.uasset" 4799
"../../../Engine/Content/EngineMaterials/Substrate/GLints/dict_16_192_64_0p5_0p02_0007_0006.uasset" 4800
"../../../Engine/Content/EngineMaterials/Substrate/GLints/dict_16_192_64_0p5_0p02_0007_0014.uasset" 4801
"../../../Engine/Content/EngineMaterials/Substrate/GLints/dict_16_192_64_0p5_0p02_0008_0001.uasset" 4802
"../../../Engine/Content/EngineMaterials/Substrate/GLints/dict_16_192_64_0p5_0p02_0008_0000.uasset" 4803
"../../../Engine/Content/EngineMaterials/Substrate/GLints/dict_16_192_64_0p5_0p02_0008_0006.uasset" 4804
"../../../Engine/Content/EngineMaterials/Substrate/GLints/dict_16_192_64_0p5_0p02_0008_0005.uasset" 4805
"/Engine/EngineMaterials/Substrate/GLints/dict_16_192_64_0p5_0p02_0007_0013" 4806
"/Engine/EngineMaterials/Substrate/GLints/dict_16_192_64_0p5_0p02_0007_0010" 4807
"/Engine/EngineMaterials/Substrate/GLints/dict_16_192_64_0p5_0p02_0007_0009" 4808
"/Engine/EngineMaterials/Substrate/GLints/dict_16_192_64_0p5_0p02_0007_0007" 4809
"/Engine/EngineMaterials/Substrate/GLints/dict_16_192_64_0p5_0p02_0007_0006" 4810
"/Engine/EngineMaterials/Substrate/GLints/dict_16_192_64_0p5_0p02_0007_0004" 4811
"/Engine/EngineMaterials/Substrate/GLints/dict_16_192_64_0p5_0p02_0007_0003" 4812
"/Engine/EngineMaterials/Substrate/GLints/dict_16_192_64_0p5_0p02_0007_0002" 4813
"/Engine/EngineMaterials/Substrate/GLints/dict_16_192_64_0p5_0p02_0007_0001" 4814
"/Engine/EngineMaterials/Substrate/GLints/dict_16_192_64_0p5_0p02_0007_0000" 4815
"/Engine/EngineMaterials/Substrate/GLints/dict_16_192_64_0p5_0p02_0006_0015" 4816
"/Engine/EngineMaterials/Substrate/GLints/dict_16_192_64_0p5_0p02_0008_0006" 4817
"/Engine/EngineMaterials/Substrate/GLints/dict_16_192_64_0p5_0p02_0008_0005" 4818
"/Engine/EngineMaterials/Substrate/GLints/dict_16_192_64_0p5_0p02_0008_0001" 4819
"/Engine/EngineMaterials/Substrate/GLints/dict_16_192_64_0p5_0p02_0008_0000" 4820
"/Engine/EngineMaterials/Substrate/GLints/dict_16_192_64_0p5_0p02_0007_0015" 4821
"/Engine/EngineMaterials/Substrate/GLints/dict_16_192_64_0p5_0p02_0007_0014" 4822
"../../../Engine/Content/EngineMaterials/Substrate/GLints/dict_16_192_64_0p5_0p02_0008_0008.uasset" 4823
"../../../Engine/Content/EngineMaterials/Substrate/GLints/dict_16_192_64_0p5_0p02_0008_0007.uasset" 4824
"../../../Engine/Content/EngineMaterials/Substrate/GLints/dict_16_192_64_0p5_0p02_0007_0008.uasset" 4825
"../../../Engine/Content/EngineMaterials/Substrate/GLints/dict_16_192_64_0p5_0p02_0008_0004.uasset" 4826
"../../../Engine/Content/EngineMaterials/Substrate/GLints/dict_16_192_64_0p5_0p02_0008_0010.uasset" 4827
"/Engine/EngineMaterials/Substrate/GLints/dict_16_192_64_0p5_0p02_0007_0008" 4828
"/Engine/EngineMaterials/Substrate/GLints/dict_16_192_64_0p5_0p02_0008_0008" 4829
"../../../Engine/Content/EngineMaterials/Substrate/GLints/dict_16_192_64_0p5_0p02_0007_0012.uasset" 4830
"../../../Engine/Content/EngineMaterials/Substrate/GLints/dict_16_192_64_0p5_0p02_0007_0011.uasset" 4831
"/Engine/EngineMaterials/Substrate/GLints/dict_16_192_64_0p5_0p02_0008_0007" 4832
"/Engine/EngineMaterials/Substrate/GLints/dict_16_192_64_0p5_0p02_0008_0004" 4833
"/Engine/EngineMaterials/Substrate/GLints/dict_16_192_64_0p5_0p02_0007_0011" 4834
"../../../Engine/Content/EngineMaterials/Substrate/GLints/dict_16_192_64_0p5_0p02_0008_0009.uasset" 4835
"../../../Engine/Content/EngineMaterials/Substrate/GLints/dict_16_192_64_0p5_0p02_0007_0005.uasset" 4836
"../../../Engine/Content/EngineMaterials/Substrate/GLints/dict_16_192_64_0p5_0p02_0008_0014.uasset" 4837
"../../../Engine/Content/EngineMaterials/Substrate/GLints/dict_16_192_64_0p5_0p02_0008_0013.uasset" 4838
"../../../Engine/Content/EngineMaterials/Substrate/GLints/dict_16_192_64_0p5_0p02_0008_0015.uasset" 4839
"/Engine/EngineMaterials/Substrate/GLints/dict_16_192_64_0p5_0p02_0007_0012" 4840
"/Engine/EngineMaterials/Substrate/GLints/dict_16_192_64_0p5_0p02_0007_0005" 4841
"/Engine/EngineMaterials/Substrate/GLints/dict_16_192_64_0p5_0p02_0008_0014" 4842
"/Engine/EngineMaterials/Substrate/GLints/dict_16_192_64_0p5_0p02_0008_0013" 4843
"/Engine/EngineMaterials/Substrate/GLints/dict_16_192_64_0p5_0p02_0008_0010" 4844
"/Engine/EngineMaterials/Substrate/GLints/dict_16_192_64_0p5_0p02_0008_0009" 4845
"/Engine/EngineMaterials/Substrate/GLints/dict_16_192_64_0p5_0p02_0008_0015" 4846
"../../../Engine/Content/EngineMaterials/Substrate/GLints/dict_16_192_64_0p5_0p02_0009_0000.uasset" 4847
"../../../Engine/Content/EngineMaterials/Substrate/GLints/dict_16_192_64_0p5_0p02_0009_0002.uasset" 4848
"../../../Engine/Content/EngineMaterials/Substrate/GLints/dict_16_192_64_0p5_0p02_0009_0003.uasset" 4849
"../../../Engine/Content/EngineMaterials/Substrate/GLints/dict_16_192_64_0p5_0p02_0008_0012.uasset" 4850
"../../../Engine/Content/EngineMaterials/Substrate/GLints/dict_16_192_64_0p5_0p02_0008_0003.uasset" 4851
"../../../Engine/Content/EngineMaterials/Substrate/GLints/dict_16_192_64_0p5_0p02_0009_0004.uasset" 4852
"../../../Engine/Content/EngineMaterials/Substrate/GLints/dict_16_192_64_0p5_0p02_0009_0005.uasset" 4853
"/Engine/EngineMaterials/Substrate/GLints/dict_16_192_64_0p5_0p02_0009_0000" 4854
"/Engine/EngineMaterials/Substrate/GLints/dict_16_192_64_0p5_0p02_0009_0005" 4855
"/Engine/EngineMaterials/Substrate/GLints/dict_16_192_64_0p5_0p02_0008_0012" 4856
"/Engine/EngineMaterials/Substrate/GLints/dict_16_192_64_0p5_0p02_0009_0004" 4857
"/Engine/EngineMaterials/Substrate/GLints/dict_16_192_64_0p5_0p02_0009_0003" 4858
"/Engine/EngineMaterials/Substrate/GLints/dict_16_192_64_0p5_0p02_0008_0003" 4859
"/Engine/EngineMaterials/Substrate/GLints/dict_16_192_64_0p5_0p02_0009_0002" 4860
"../../../Engine/Content/EngineMaterials/Substrate/GLints/dict_16_192_64_0p5_0p02_0009_0011.uasset" 4861
"../../../Engine/Content/EngineMaterials/Substrate/GLints/dict_16_192_64_0p5_0p02_0009_0008.uasset" 4862
"../../../Engine/Content/EngineMaterials/Substrate/GLints/dict_16_192_64_0p5_0p02_0009_0009.uasset" 4863
"../../../Engine/Content/EngineMaterials/Substrate/GLints/dict_16_192_64_0p5_0p02_0008_0002.uasset" 4864
"../../../Engine/Content/EngineMaterials/Substrate/GLints/dict_16_192_64_0p5_0p02_0009_0001.uasset" 4865
"../../../Engine/Content/EngineMaterials/Substrate/GLints/dict_16_192_64_0p5_0p02_0009_0014.uasset" 4866
"../../../Engine/Content/EngineMaterials/Substrate/GLints/dict_16_192_64_0p5_0p02_0009_0013.uasset" 4867
"../../../Engine/Content/EngineMaterials/Substrate/GLints/dict_16_192_64_0p5_0p02_0009_0012.uasset" 4868
"../../../Engine/Content/EngineMaterials/Substrate/GLints/dict_16_192_64_0p5_0p02_0010_0000.uasset" 4869
"../../../Engine/Content/EngineMaterials/Substrate/GLints/dict_16_192_64_0p5_0p02_0008_0011.uasset" 4870
"../../../Engine/Content/EngineMaterials/Substrate/GLints/dict_16_192_64_0p5_0p02_0010_0004.uasset" 4871
"../../../Engine/Content/EngineMaterials/Substrate/GLints/dict_16_192_64_0p5_0p02_0010_0001.uasset" 4872
"../../../Engine/Content/EngineMaterials/Substrate/GLints/dict_16_192_64_0p5_0p02_0010_0002.uasset" 4873
"../../../Engine/Content/EngineMaterials/Substrate/GLints/dict_16_192_64_0p5_0p02_0009_0015.uasset" 4874
"../../../Engine/Content/EngineMaterials/Substrate/GLints/dict_16_192_64_0p5_0p02_0010_0003.uasset" 4875
"../../../Engine/Content/EngineMaterials/Substrate/GLints/dict_16_192_64_0p5_0p02_0010_0005.uasset" 4876
"../../../Engine/Content/EngineMaterials/Substrate/GLints/dict_16_192_64_0p5_0p02_0010_0006.uasset" 4877
"../../../Engine/Content/EngineMaterials/Substrate/GLints/dict_16_192_64_0p5_0p02_0010_0010.uasset" 4878
"../../../Engine/Content/EngineMaterials/Substrate/GLints/dict_16_192_64_0p5_0p02_0010_0009.uasset" 4879
"../../../Engine/Content/EngineMaterials/Substrate/GLints/dict_16_192_64_0p5_0p02_0009_0010.uasset" 4880
"../../../Engine/Content/EngineMaterials/Substrate/GLints/dict_16_192_64_0p5_0p02_0010_0014.uasset" 4881
"../../../Engine/Content/EngineMaterials/Substrate/GLints/dict_16_192_64_0p5_0p02_0010_0013.uasset" 4882
"../../../Engine/Content/EngineMaterials/Substrate/GLints/dict_16_192_64_0p5_0p02_0009_0007.uasset" 4883
"../../../Engine/Content/EngineMaterials/Substrate/GLints/dict_16_192_64_0p5_0p02_0010_0007.uasset" 4884
"../../../Engine/Content/EngineMaterials/Substrate/GLints/dict_16_192_64_0p5_0p02_0010_0008.uasset" 4885
"../../../Engine/Content/EngineMaterials/Substrate/GLints/dict_16_192_64_0p5_0p02_0009_0006.uasset" 4886
"../../../Engine/Content/EngineMaterials/Substrate/GLints/dict_16_192_64_0p5_0p02_0010_0015.uasset" 4887
"../../../Engine/Content/EngineMaterials/Substrate/GLints/dict_16_192_64_0p5_0p02_0011_0000.uasset" 4888
"../../../Engine/Content/EngineMaterials/Substrate/GLints/dict_16_192_64_0p5_0p02_0010_0012.uasset" 4889
"../../../Engine/Content/EngineMaterials/Substrate/GLints/dict_16_192_64_0p5_0p02_0011_0001.uasset" 4890
"../../../Engine/Content/EngineMaterials/Substrate/GLints/dict_16_192_64_0p5_0p02_0011_0002.uasset" 4891
"../../../Engine/Content/EngineMaterials/Substrate/GLints/dict_16_192_64_0p5_0p02_0010_0011.uasset" 4892
"/Engine/EngineMaterials/Substrate/GLints/dict_16_192_64_0p5_0p02_0009_0015" 4893
"/Engine/EngineMaterials/Substrate/GLints/dict_16_192_64_0p5_0p02_0010_0010" 4894
"/Engine/EngineMaterials/Substrate/GLints/dict_16_192_64_0p5_0p02_0010_0004" 4895
"/Engine/EngineMaterials/Substrate/GLints/dict_16_192_64_0p5_0p02_0009_0014" 4896
"/Engine/EngineMaterials/Substrate/GLints/dict_16_192_64_0p5_0p02_0009_0013" 4897
"/Engine/EngineMaterials/Substrate/GLints/dict_16_192_64_0p5_0p02_0010_0003" 4898
"/Engine/EngineMaterials/Substrate/GLints/dict_16_192_64_0p5_0p02_0009_0012" 4899
"/Engine/EngineMaterials/Substrate/GLints/dict_16_192_64_0p5_0p02_0009_0011" 4900
"/Engine/EngineMaterials/Substrate/GLints/dict_16_192_64_0p5_0p02_0010_0009" 4901
"/Engine/EngineMaterials/Substrate/GLints/dict_16_192_64_0p5_0p02_0009_0010" 4902
"/Engine/EngineMaterials/Substrate/GLints/dict_16_192_64_0p5_0p02_0009_0009" 4903
"/Engine/EngineMaterials/Substrate/GLints/dict_16_192_64_0p5_0p02_0009_0008" 4904
"/Engine/EngineMaterials/Substrate/GLints/dict_16_192_64_0p5_0p02_0009_0007" 4905
"/Engine/EngineMaterials/Substrate/GLints/dict_16_192_64_0p5_0p02_0009_0006" 4906
"/Engine/EngineMaterials/Substrate/GLints/dict_16_192_64_0p5_0p02_0011_0002" 4907
"/Engine/EngineMaterials/Substrate/GLints/dict_16_192_64_0p5_0p02_0010_0008" 4908
"/Engine/EngineMaterials/Substrate/GLints/dict_16_192_64_0p5_0p02_0010_0007" 4909
"/Engine/EngineMaterials/Substrate/GLints/dict_16_192_64_0p5_0p02_0011_0001" 4910
"/Engine/EngineMaterials/Substrate/GLints/dict_16_192_64_0p5_0p02_0008_0011" 4911
"/Engine/EngineMaterials/Substrate/GLints/dict_16_192_64_0p5_0p02_0010_0006" 4912
"/Engine/EngineMaterials/Substrate/GLints/dict_16_192_64_0p5_0p02_0010_0005" 4913
"/Engine/EngineMaterials/Substrate/GLints/dict_16_192_64_0p5_0p02_0010_0002" 4914
"/Engine/EngineMaterials/Substrate/GLints/dict_16_192_64_0p5_0p02_0010_0001" 4915
"/Engine/EngineMaterials/Substrate/GLints/dict_16_192_64_0p5_0p02_0011_0000" 4916
"/Engine/EngineMaterials/Substrate/GLints/dict_16_192_64_0p5_0p02_0010_0015" 4917
"/Engine/EngineMaterials/Substrate/GLints/dict_16_192_64_0p5_0p02_0010_0000" 4918
"/Engine/EngineMaterials/Substrate/GLints/dict_16_192_64_0p5_0p02_0010_0014" 4919
"/Engine/EngineMaterials/Substrate/GLints/dict_16_192_64_0p5_0p02_0008_0002" 4920
"/Engine/EngineMaterials/Substrate/GLints/dict_16_192_64_0p5_0p02_0010_0013" 4921
"/Engine/EngineMaterials/Substrate/GLints/dict_16_192_64_0p5_0p02_0009_0001" 4922
"/Engine/EngineMaterials/Substrate/GLints/dict_16_192_64_0p5_0p02_0010_0012" 4923
"/Engine/EngineMaterials/Substrate/GLints/dict_16_192_64_0p5_0p02_0010_0011" 4924
"../../../Engine/Content/EngineMaterials/Substrate/GLints/dict_16_192_64_0p5_0p02_0011_0003.uasset" 4925
"/Engine/EngineMaterials/Substrate/GLints/dict_16_192_64_0p5_0p02_0011_0003" 4926
"../../../Engine/Content/EngineMaterials/Substrate/GLints/dict_16_192_64_0p5_0p02_0011_0004.uasset" 4927
"/Engine/EngineMaterials/Substrate/GLints/dict_16_192_64_0p5_0p02_0011_0004" 4928
"../../../Engine/Content/EngineMaterials/Substrate/GLints/dict_16_192_64_0p5_0p02_0011_0006.uasset" 4929
"../../../Engine/Content/EngineMaterials/Substrate/GLints/dict_16_192_64_0p5_0p02_0011_0005.uasset" 4930
"/Engine/EngineMaterials/Substrate/GLints/dict_16_192_64_0p5_0p02_0011_0006" 4931
"/Engine/EngineMaterials/Substrate/GLints/dict_16_192_64_0p5_0p02_0011_0005" 4932
"../../../Engine/Content/EngineMaterials/Substrate/GLints/dict_16_192_64_0p5_0p02_0011_0007.uasset" 4933
"../../../Engine/Content/EngineMaterials/Substrate/GLints/dict_16_192_64_0p5_0p02_0011_0008.uasset" 4934
"../../../Engine/Content/EngineMaterials/Substrate/GLints/dict_16_192_64_0p5_0p02_0011_0009.uasset" 4935
"/Engine/EngineMaterials/Substrate/GLints/dict_16_192_64_0p5_0p02_0011_0009" 4936
"/Engine/EngineMaterials/Substrate/GLints/dict_16_192_64_0p5_0p02_0011_0008" 4937
"/Engine/EngineMaterials/Substrate/GLints/dict_16_192_64_0p5_0p02_0011_0007" 4938
"../../../Engine/Content/EngineMaterials/Substrate/GLints/dict_16_192_64_0p5_0p02_0011_0011.uasset" 4939
"../../../Engine/Content/EngineMaterials/Substrate/GLints/dict_16_192_64_0p5_0p02_0011_0012.uasset" 4940
"/Engine/EngineMaterials/Substrate/GLints/dict_16_192_64_0p5_0p02_0011_0012" 4941
"/Engine/EngineMaterials/Substrate/GLints/dict_16_192_64_0p5_0p02_0011_0011" 4942
"../../../Engine/Content/EngineMaterials/Substrate/GLints/dict_16_192_64_0p5_0p02_0011_0010.uasset" 4943
"../../../Engine/Content/EngineMaterials/Substrate/GLints/dict_16_192_64_0p5_0p02_0011_0013.uasset" 4944
"../../../Engine/Content/EngineMaterials/Substrate/GLints/dict_16_192_64_0p5_0p02_0011_0015.uasset" 4945
"/Engine/EngineMaterials/Substrate/GLints/dict_16_192_64_0p5_0p02_0011_0015" 4946
"/Engine/EngineMaterials/Substrate/GLints/dict_16_192_64_0p5_0p02_0011_0013" 4947
"/Engine/EngineMaterials/Substrate/GLints/dict_16_192_64_0p5_0p02_0011_0010" 4948
"../../../Engine/Content/EngineMaterials/Substrate/GLints/dict_16_192_64_0p5_0p02_0012_0000.uasset" 4949
"../../../Engine/Content/EngineMaterials/Substrate/GLints/dict_16_192_64_0p5_0p02_0012_0001.uasset" 4950
"../../../Engine/Content/EngineMaterials/Substrate/GLints/dict_16_192_64_0p5_0p02_0011_0014.uasset" 4951
"/Engine/EngineMaterials/Substrate/GLints/dict_16_192_64_0p5_0p02_0012_0001" 4952
"/Engine/EngineMaterials/Substrate/GLints/dict_16_192_64_0p5_0p02_0012_0000" 4953
"/Engine/EngineMaterials/Substrate/GLints/dict_16_192_64_0p5_0p02_0011_0014" 4954
"../../../Engine/Content/EngineMaterials/Substrate/GLints/dict_16_192_64_0p5_0p02_0012_0002.uasset" 4955
"../../../Engine/Content/EngineMaterials/Substrate/GLints/dict_16_192_64_0p5_0p02_0012_0003.uasset" 4956
"/Engine/EngineMaterials/Substrate/GLints/dict_16_192_64_0p5_0p02_0012_0003" 4957
"../../../Engine/Content/EngineMaterials/Substrate/GLints/dict_16_192_64_0p5_0p02_0012_0005.uasset" 4958
"/Engine/EngineMaterials/Substrate/GLints/dict_16_192_64_0p5_0p02_0012_0002" 4959
"/Engine/EngineMaterials/Substrate/GLints/dict_16_192_64_0p5_0p02_0012_0005" 4960
"../../../Engine/Content/EngineMaterials/Substrate/GLints/dict_16_192_64_0p5_0p02_0012_0004.uasset" 4961
"../../../Engine/Content/EngineMaterials/Substrate/GLints/dict_16_192_64_0p5_0p02_0012_0006.uasset" 4962
"/Engine/EngineMaterials/Substrate/GLints/dict_16_192_64_0p5_0p02_0012_0006" 4963
"/Engine/EngineMaterials/Substrate/GLints/dict_16_192_64_0p5_0p02_0012_0004" 4964
"../../../Engine/Content/EngineMaterials/Substrate/GLints/dict_16_192_64_0p5_0p02_0012_0008.uasset" 4965
"/Engine/EngineMaterials/Substrate/GLints/dict_16_192_64_0p5_0p02_0012_0008" 4966
"../../../Engine/Content/EngineMaterials/Substrate/GLints/dict_16_192_64_0p5_0p02_0012_0007.uasset" 4967
"../../../Engine/Content/EngineMaterials/Substrate/GLints/dict_16_192_64_0p5_0p02_0012_0010.uasset" 4968
"/Engine/EngineMaterials/Substrate/GLints/dict_16_192_64_0p5_0p02_0012_0010" 4969
"/Engine/EngineMaterials/Substrate/GLints/dict_16_192_64_0p5_0p02_0012_0007" 4970
"../../../Engine/Content/EngineMaterials/Substrate/GLints/dict_16_192_64_0p5_0p02_0012_0011.uasset" 4971
"../../../Engine/Content/EngineMaterials/Substrate/GLints/dict_16_192_64_0p5_0p02_0012_0012.uasset" 4972
"/Engine/EngineMaterials/Substrate/GLints/dict_16_192_64_0p5_0p02_0012_0012" 4973
"/Engine/EngineMaterials/Substrate/GLints/dict_16_192_64_0p5_0p02_0012_0011" 4974
"../../../Engine/Content/EngineMaterials/Substrate/GLints/dict_16_192_64_0p5_0p02_0012_0009.uasset" 4975
"/Engine/EngineMaterials/Substrate/GLints/dict_16_192_64_0p5_0p02_0012_0009" 4976
"../../../Engine/Content/EngineMaterials/Substrate/GLints/dict_16_192_64_0p5_0p02_0012_0013.uasset" 4977
"../../../Engine/Content/EngineMaterials/Substrate/GLints/dict_16_192_64_0p5_0p02_0012_0014.uasset" 4978
"/Engine/EngineMaterials/Substrate/GLints/dict_16_192_64_0p5_0p02_0012_0014" 4979
"/Engine/EngineMaterials/Substrate/GLints/dict_16_192_64_0p5_0p02_0012_0013" 4980
"../../../Engine/Content/EngineMaterials/Substrate/GLints/dict_16_192_64_0p5_0p02_0013_0000.uasset" 4981
"/Engine/EngineMaterials/Substrate/GLints/dict_16_192_64_0p5_0p02_0013_0000" 4982
"../../../Engine/Content/EngineMaterials/Substrate/GLints/dict_16_192_64_0p5_0p02_0013_0002.uasset" 4983
"../../../Engine/Content/EngineMaterials/Substrate/GLints/dict_16_192_64_0p5_0p02_0013_0001.uasset" 4984
"/Engine/EngineMaterials/Substrate/GLints/dict_16_192_64_0p5_0p02_0013_0002" 4985
"/Engine/EngineMaterials/Substrate/GLints/dict_16_192_64_0p5_0p02_0013_0001" 4986
"../../../Engine/Content/EngineMaterials/Substrate/GLints/dict_16_192_64_0p5_0p02_0012_0015.uasset" 4987
"../../../Engine/Content/EngineMaterials/Substrate/GLints/dict_16_192_64_0p5_0p02_0013_0004.uasset" 4988
"../../../Engine/Content/EngineMaterials/Substrate/GLints/dict_16_192_64_0p5_0p02_0013_0003.uasset" 4989
"/Engine/EngineMaterials/Substrate/GLints/dict_16_192_64_0p5_0p02_0012_0015" 4990
"/Engine/EngineMaterials/Substrate/GLints/dict_16_192_64_0p5_0p02_0013_0004" 4991
"/Engine/EngineMaterials/Substrate/GLints/dict_16_192_64_0p5_0p02_0013_0003" 4992
"../../../Engine/Content/EngineMaterials/Substrate/GLints/dict_16_192_64_0p5_0p02_0013_0005.uasset" 4993
"../../../Engine/Content/EngineMaterials/Substrate/GLints/dict_16_192_64_0p5_0p02_0013_0006.uasset" 4994
"../../../Engine/Content/EngineMaterials/Substrate/GLints/dict_16_192_64_0p5_0p02_0013_0007.uasset" 4995
"../../../Engine/Content/EngineMaterials/Substrate/GLints/dict_16_192_64_0p5_0p02_0013_0009.uasset" 4996
"/Engine/EngineMaterials/Substrate/GLints/dict_16_192_64_0p5_0p02_0013_0009" 4997
"/Engine/EngineMaterials/Substrate/GLints/dict_16_192_64_0p5_0p02_0013_0007" 4998
"/Engine/EngineMaterials/Substrate/GLints/dict_16_192_64_0p5_0p02_0013_0006" 4999
"/Engine/EngineMaterials/Substrate/GLints/dict_16_192_64_0p5_0p02_0013_0005" 5000
"../../../Engine/Content/EngineMaterials/Substrate/GLints/dict_16_192_64_0p5_0p02_0013_0010.uasset" 5001
"../../../Engine/Content/EngineMaterials/Substrate/GLints/dict_16_192_64_0p5_0p02_0013_0011.uasset" 5002
"../../../Engine/Content/EngineMaterials/Substrate/GLints/dict_16_192_64_0p5_0p02_0013_0012.uasset" 5003
"/Engine/EngineMaterials/Substrate/GLints/dict_16_192_64_0p5_0p02_0013_0011" 5004
"/Engine/EngineMaterials/Substrate/GLints/dict_16_192_64_0p5_0p02_0013_0010" 5005
"/Engine/EngineMaterials/Substrate/GLints/dict_16_192_64_0p5_0p02_0013_0012" 5006
"../../../Engine/Content/EngineMaterials/Substrate/GLints/dict_16_192_64_0p5_0p02_0013_0013.uasset" 5007
"../../../Engine/Content/EngineMaterials/Substrate/GLints/dict_16_192_64_0p5_0p02_0013_0014.uasset" 5008
"../../../Engine/Content/EngineMaterials/Substrate/GLints/dict_16_192_64_0p5_0p02_0013_0015.uasset" 5009
"/Engine/EngineMaterials/Substrate/GLints/dict_16_192_64_0p5_0p02_0013_0014" 5010
"/Engine/EngineMaterials/Substrate/GLints/dict_16_192_64_0p5_0p02_0013_0015" 5011
"/Engine/EngineMaterials/Substrate/GLints/dict_16_192_64_0p5_0p02_0013_0013" 5012
"../../../Engine/Content/EngineMaterials/Substrate/GLints/dict_16_192_64_0p5_0p02_0014_0001.uasset" 5013
"../../../Engine/Content/EngineMaterials/Substrate/GLints/dict_16_192_64_0p5_0p02_0014_0000.uasset" 5014
"../../../Engine/Content/EngineMaterials/Substrate/GLints/dict_16_192_64_0p5_0p02_0014_0003.uasset" 5015
"/Engine/EngineMaterials/Substrate/GLints/dict_16_192_64_0p5_0p02_0014_0003" 5016
"/Engine/EngineMaterials/Substrate/GLints/dict_16_192_64_0p5_0p02_0014_0001" 5017
"/Engine/EngineMaterials/Substrate/GLints/dict_16_192_64_0p5_0p02_0014_0000" 5018
"../../../Engine/Content/EngineMaterials/Substrate/GLints/dict_16_192_64_0p5_0p02_0014_0004.uasset" 5019
"../../../Engine/Content/EngineMaterials/Substrate/GLints/dict_16_192_64_0p5_0p02_0014_0002.uasset" 5020
"/Engine/EngineMaterials/Substrate/GLints/dict_16_192_64_0p5_0p02_0014_0004" 5021
"/Engine/EngineMaterials/Substrate/GLints/dict_16_192_64_0p5_0p02_0014_0002" 5022
"../../../Engine/Content/EngineMaterials/Substrate/GLints/dict_16_192_64_0p5_0p02_0014_0005.uasset" 5023
"../../../Engine/Content/EngineMaterials/Substrate/GLints/dict_16_192_64_0p5_0p02_0014_0006.uasset" 5024
"../../../Engine/Content/EngineMaterials/Substrate/GLints/dict_16_192_64_0p5_0p02_0014_0008.uasset" 5025
"../../../Engine/Content/EngineMaterials/Substrate/GLints/dict_16_192_64_0p5_0p02_0014_0007.uasset" 5026
"../../../Engine/Content/EngineMaterials/Substrate/GLints/dict_16_192_64_0p5_0p02_0013_0008.uasset" 5027
"/Engine/EngineMaterials/Substrate/GLints/dict_16_192_64_0p5_0p02_0014_0007" 5028
"/Engine/EngineMaterials/Substrate/GLints/dict_16_192_64_0p5_0p02_0014_0008" 5029
"/Engine/EngineMaterials/Substrate/GLints/dict_16_192_64_0p5_0p02_0014_0006" 5030
"/Engine/EngineMaterials/Substrate/GLints/dict_16_192_64_0p5_0p02_0014_0005" 5031
"/Engine/EngineMaterials/Substrate/GLints/dict_16_192_64_0p5_0p02_0013_0008" 5032
"../../../Engine/Content/EngineMaterials/Substrate/GLints/dict_16_192_64_0p5_0p02_0014_0010.uasset" 5033
"../../../Engine/Content/EngineMaterials/Substrate/GLints/dict_16_192_64_0p5_0p02_0014_0011.uasset" 5034
"../../../Engine/Content/EngineMaterials/Substrate/GLints/dict_16_192_64_0p5_0p02_0014_0009.uasset" 5035
"../../../Engine/Content/EngineMaterials/Substrate/GLints/dict_16_192_64_0p5_0p02_0014_0013.uasset" 5036
"/Engine/EngineMaterials/Substrate/GLints/dict_16_192_64_0p5_0p02_0014_0011" 5037
"/Engine/EngineMaterials/Substrate/GLints/dict_16_192_64_0p5_0p02_0014_0010" 5038
"/Engine/EngineMaterials/Substrate/GLints/dict_16_192_64_0p5_0p02_0014_0009" 5039
"/Engine/EngineMaterials/Substrate/GLints/dict_16_192_64_0p5_0p02_0014_0013" 5040
"../../../Engine/Content/EngineMaterials/Substrate/GLints/dict_16_192_64_0p5_0p02_0014_0014.uasset" 5041
"../../../Engine/Content/EngineMaterials/Substrate/GLints/dict_16_192_64_0p5_0p02_0014_0015.uasset" 5042
"../../../Engine/Content/EngineMaterials/Substrate/GLints/dict_16_192_64_0p5_0p02_0015_0000.uasset" 5043
"../../../Engine/Content/EngineMaterials/Substrate/GLints/dict_16_192_64_0p5_0p02_0015_0001.uasset" 5044
"/Engine/EngineMaterials/Substrate/GLints/dict_16_192_64_0p5_0p02_0014_0015" 5045
"/Engine/EngineMaterials/Substrate/GLints/dict_16_192_64_0p5_0p02_0014_0014" 5046
"../../../Engine/Content/EngineMaterials/Substrate/GLints/dict_16_192_64_0p5_0p02_0014_0012.uasset" 5047
"/Engine/EngineMaterials/Substrate/GLints/dict_16_192_64_0p5_0p02_0015_0001" 5048
"/Engine/EngineMaterials/Substrate/GLints/dict_16_192_64_0p5_0p02_0015_0000" 5049
"/Engine/EngineMaterials/Substrate/GLints/dict_16_192_64_0p5_0p02_0014_0012" 5050
"../../../Engine/Content/EngineMaterials/Substrate/GLints/dict_16_192_64_0p5_0p02_0015_0003.uasset" 5051
"../../../Engine/Content/EngineMaterials/Substrate/GLints/dict_16_192_64_0p5_0p02_0015_0002.uasset" 5052
"../../../Engine/Content/EngineMaterials/Substrate/GLints/dict_16_192_64_0p5_0p02_0015_0005.uasset" 5053
"/Engine/EngineMaterials/Substrate/GLints/dict_16_192_64_0p5_0p02_0015_0005" 5054
"/Engine/EngineMaterials/Substrate/GLints/dict_16_192_64_0p5_0p02_0015_0003" 5055
"/Engine/EngineMaterials/Substrate/GLints/dict_16_192_64_0p5_0p02_0015_0002" 5056
"../../../Engine/Content/EngineMaterials/Substrate/GLints/dict_16_192_64_0p5_0p02_0015_0004.uasset" 5057
"../../../Engine/Content/EngineMaterials/Substrate/GLints/dict_16_192_64_0p5_0p02_0015_0007.uasset" 5058
"../../../Engine/Content/EngineMaterials/Substrate/GLints/dict_16_192_64_0p5_0p02_0015_0006.uasset" 5059
"/Engine/EngineMaterials/Substrate/GLints/dict_16_192_64_0p5_0p02_0015_0004" 5060
"/Engine/EngineMaterials/Substrate/GLints/dict_16_192_64_0p5_0p02_0015_0007" 5061
"/Engine/EngineMaterials/Substrate/GLints/dict_16_192_64_0p5_0p02_0015_0006" 5062
"../../../Engine/Content/EngineMaterials/Substrate/GLints/dict_16_192_64_0p5_0p02_0015_0009.uasset" 5063
"../../../Engine/Content/EngineMaterials/Substrate/GLints/dict_16_192_64_0p5_0p02_0015_0010.uasset" 5064
"../../../Engine/Content/EngineMaterials/Substrate/GLints/dict_16_192_64_0p5_0p02_0015_0011.uasset" 5065
"/Engine/EngineMaterials/Substrate/GLints/dict_16_192_64_0p5_0p02_0015_0011" 5066
"/Engine/EngineMaterials/Substrate/GLints/dict_16_192_64_0p5_0p02_0015_0010" 5067
"/Engine/EngineMaterials/Substrate/GLints/dict_16_192_64_0p5_0p02_0015_0009" 5068
"../../../Engine/Content/EngineMaterials/Substrate/GLints/dict_16_192_64_0p5_0p02_0015_0008.uasset" 5069
"../../../Engine/Content/EngineMaterials/Substrate/GLints/dict_16_192_64_0p5_0p02_0015_0014.uasset" 5070
"/Engine/EngineMaterials/Substrate/GLints/dict_16_192_64_0p5_0p02_0015_0014" 5071
"/Engine/EngineMaterials/Substrate/GLints/dict_16_192_64_0p5_0p02_0015_0008" 5072
"../../../Engine/Content/EngineMaterials/Substrate/GLints/dict_16_192_64_0p5_0p02_0015_0013.uasset" 5073
"../../../Engine/Content/EngineMaterials/Substrate/GLints/dict_16_192_64_0p5_0p02_0015_0015.uasset" 5074
"../../../Engine/Content/EngineMaterials/Substrate/GLints/dict_16_192_64_0p5_0p02_0016_0000.uasset" 5075
"../../../Engine/Content/EngineMaterials/Substrate/GLints/dict_16_192_64_0p5_0p02_0015_0012.uasset" 5076
"../../../Engine/Content/EngineMaterials/Substrate/GLints/dict_16_192_64_0p5_0p02_0016_0001.uasset" 5077
"/Engine/EngineMaterials/Substrate/GLints/dict_16_192_64_0p5_0p02_0016_0001" 5078
"/Engine/EngineMaterials/Substrate/GLints/dict_16_192_64_0p5_0p02_0016_0000" 5079
"/Engine/EngineMaterials/Substrate/GLints/dict_16_192_64_0p5_0p02_0015_0015" 5080
"/Engine/EngineMaterials/Substrate/GLints/dict_16_192_64_0p5_0p02_0015_0013" 5081
"/Engine/EngineMaterials/Substrate/GLints/dict_16_192_64_0p5_0p02_0015_0012" 5082
"../../../Engine/Content/EngineMaterials/Substrate/GLints/dict_16_192_64_0p5_0p02_0016_0002.uasset" 5083
"../../../Engine/Content/EngineMaterials/Substrate/GLints/dict_16_192_64_0p5_0p02_0016_0003.uasset" 5084
"/Engine/EngineMaterials/Substrate/GLints/dict_16_192_64_0p5_0p02_0016_0003" 5085
"/Engine/EngineMaterials/Substrate/GLints/dict_16_192_64_0p5_0p02_0016_0002" 5086
"../../../Engine/Content/EngineMaterials/Substrate/GLints/dict_16_192_64_0p5_0p02_0016_0004.uasset" 5087
"../../../Engine/Content/EngineMaterials/Substrate/GLints/dict_16_192_64_0p5_0p02_0016_0006.uasset" 5088
"../../../Engine/Content/EngineMaterials/Substrate/GLints/dict_16_192_64_0p5_0p02_0016_0005.uasset" 5089
"../../../Engine/Content/EngineMaterials/Substrate/GLints/dict_16_192_64_0p5_0p02_0016_0007.uasset" 5090
"../../../Engine/Content/EngineMaterials/Substrate/GLints/dict_16_192_64_0p5_0p02_0016_0008.uasset" 5091
"/Engine/EngineMaterials/Substrate/GLints/dict_16_192_64_0p5_0p02_0016_0008" 5092
"/Engine/EngineMaterials/Substrate/GLints/dict_16_192_64_0p5_0p02_0016_0007" 5093
"/Engine/EngineMaterials/Substrate/GLints/dict_16_192_64_0p5_0p02_0016_0006" 5094
"/Engine/EngineMaterials/Substrate/GLints/dict_16_192_64_0p5_0p02_0016_0005" 5095
"/Engine/EngineMaterials/Substrate/GLints/dict_16_192_64_0p5_0p02_0016_0004" 5096
"../../../Engine/Content/EngineMaterials/Substrate/GLints/dict_16_192_64_0p5_0p02_0016_0011.uasset" 5097
"../../../Engine/Content/EngineMaterials/Substrate/GLints/dict_16_192_64_0p5_0p02_0016_0009.uasset" 5098
"../../../Engine/Content/EngineMaterials/Substrate/GLints/dict_16_192_64_0p5_0p02_0016_0010.uasset" 5099
"../../../Engine/Content/EngineMaterials/Substrate/GLints/dict_16_192_64_0p5_0p02_0016_0012.uasset" 5100
"/Engine/EngineMaterials/Substrate/GLints/dict_16_192_64_0p5_0p02_0016_0012" 5101
"../../../Engine/Content/EngineMaterials/Substrate/GLints/dict_16_192_64_0p5_0p02_0016_0014.uasset" 5102
"../../../Engine/Content/EngineMaterials/Substrate/GLints/dict_16_192_64_0p5_0p02_0016_0013.uasset" 5103
"/Engine/EngineMaterials/Substrate/GLints/dict_16_192_64_0p5_0p02_0016_0011" 5104
"/Engine/EngineMaterials/Substrate/GLints/dict_16_192_64_0p5_0p02_0016_0010" 5105
"/Engine/EngineMaterials/Substrate/GLints/dict_16_192_64_0p5_0p02_0016_0009" 5106
"/Engine/EngineMaterials/Substrate/GLints/dict_16_192_64_0p5_0p02_0016_0014" 5107
"/Engine/EngineMaterials/Substrate/GLints/dict_16_192_64_0p5_0p02_0016_0013" 5108
"../../../Engine/Content/EngineMaterials/Substrate/GLints/dict_16_192_64_0p5_0p02_0016_0015.uasset" 5109
"../../../Engine/Content/EngineMaterials/Substrate/GLints/dict_16_192_64_0p5_0p02_0017_0000.uasset" 5110
"../../../Engine/Content/EngineMaterials/Substrate/GLints/dict_16_192_64_0p5_0p02_0017_0002.uasset" 5111
"/Engine/EngineMaterials/Substrate/GLints/dict_16_192_64_0p5_0p02_0017_0000" 5112
"/Engine/EngineMaterials/Substrate/GLints/dict_16_192_64_0p5_0p02_0016_0015" 5113
"../../../Engine/Content/EngineMaterials/Substrate/GLints/dict_16_192_64_0p5_0p02_0017_0003.uasset" 5114
"/Engine/EngineMaterials/Substrate/GLints/dict_16_192_64_0p5_0p02_0017_0002" 5115
"/Engine/EngineMaterials/Substrate/GLints/dict_16_192_64_0p5_0p02_0017_0003" 5116
"../../../Engine/Content/EngineMaterials/Substrate/GLints/dict_16_192_64_0p5_0p02_0017_0004.uasset" 5117
"../../../Engine/Content/EngineMaterials/Substrate/GLints/dict_16_192_64_0p5_0p02_0017_0005.uasset" 5118
"../../../Engine/Content/EngineMaterials/Substrate/GLints/dict_16_192_64_0p5_0p02_0017_0006.uasset" 5119
"/Engine/EngineMaterials/Substrate/GLints/dict_16_192_64_0p5_0p02_0017_0006" 5120
"../../../Engine/Content/EngineMaterials/Substrate/GLints/dict_16_192_64_0p5_0p02_0017_0007.uasset" 5121
"/Engine/EngineMaterials/Substrate/GLints/dict_16_192_64_0p5_0p02_0017_0005" 5122
"/Engine/EngineMaterials/Substrate/GLints/dict_16_192_64_0p5_0p02_0017_0004" 5123
"/Engine/EngineMaterials/Substrate/GLints/dict_16_192_64_0p5_0p02_0017_0007" 5124
"../../../Engine/Content/EngineMaterials/Substrate/GLints/dict_16_192_64_0p5_0p02_0017_0008.uasset" 5125
"../../../Engine/Content/EngineMaterials/Substrate/GLints/dict_16_192_64_0p5_0p02_0017_0011.uasset" 5126
"../../../Engine/Content/EngineMaterials/Substrate/GLints/dict_16_192_64_0p5_0p02_0017_0001.uasset" 5127
"../../../Engine/Content/EngineMaterials/Substrate/GLints/dict_16_192_64_0p5_0p02_0017_0009.uasset" 5128
"/Engine/EngineMaterials/Substrate/GLints/dict_16_192_64_0p5_0p02_0017_0001" 5129
"/Engine/EngineMaterials/Substrate/GLints/dict_16_192_64_0p5_0p02_0017_0009" 5130
"/Engine/EngineMaterials/Substrate/GLints/dict_16_192_64_0p5_0p02_0017_0008" 5131
"/Engine/EngineMaterials/Substrate/GLints/dict_16_192_64_0p5_0p02_0017_0011" 5132
"../../../Engine/Content/EngineMaterials/Substrate/GLints/dict_16_192_64_0p5_0p02_0017_0013.uasset" 5133
"../../../Engine/Content/EngineMaterials/Substrate/GLints/dict_16_192_64_0p5_0p02_0017_0015.uasset" 5134
"../../../Engine/Content/EngineMaterials/Substrate/GLints/dict_16_192_64_0p5_0p02_0017_0010.uasset" 5135
"../../../Engine/Content/EngineMaterials/Substrate/GLints/dict_16_192_64_0p5_0p02_0017_0012.uasset" 5136
"/Engine/EngineMaterials/Substrate/GLints/dict_16_192_64_0p5_0p02_0017_0015" 5137
"/Engine/EngineMaterials/Substrate/GLints/dict_16_192_64_0p5_0p02_0017_0012" 5138
"/Engine/EngineMaterials/Substrate/GLints/dict_16_192_64_0p5_0p02_0017_0013" 5139
"/Engine/EngineMaterials/Substrate/GLints/dict_16_192_64_0p5_0p02_0017_0010" 5140
"../../../Engine/Content/EngineMaterials/Substrate/GLints/dict_16_192_64_0p5_0p02_0018_0000.uasset" 5141
"../../../Engine/Content/EngineMaterials/Substrate/GLints/dict_16_192_64_0p5_0p02_0018_0003.uasset" 5142
"/Engine/EngineMaterials/Substrate/GLints/dict_16_192_64_0p5_0p02_0018_0003" 5143
"/Engine/EngineMaterials/Substrate/GLints/dict_16_192_64_0p5_0p02_0018_0000" 5144
"../../../Engine/Content/EngineMaterials/Substrate/GLints/dict_16_192_64_0p5_0p02_0018_0004.uasset" 5145
"../../../Engine/Content/EngineMaterials/Substrate/GLints/dict_16_192_64_0p5_0p02_0018_0002.uasset" 5146
"../../../Engine/Content/EngineMaterials/Substrate/GLints/dict_16_192_64_0p5_0p02_0018_0005.uasset" 5147
"/Engine/EngineMaterials/Substrate/GLints/dict_16_192_64_0p5_0p02_0018_0005" 5148
"/Engine/EngineMaterials/Substrate/GLints/dict_16_192_64_0p5_0p02_0018_0002" 5149
"/Engine/EngineMaterials/Substrate/GLints/dict_16_192_64_0p5_0p02_0018_0004" 5150
"../../../Engine/Content/EngineMaterials/Substrate/GLints/dict_16_192_64_0p5_0p02_0018_0001.uasset" 5151
"../../../Engine/Content/EngineMaterials/Substrate/GLints/dict_16_192_64_0p5_0p02_0018_0006.uasset" 5152
"../../../Engine/Content/EngineMaterials/Substrate/GLints/dict_16_192_64_0p5_0p02_0018_0007.uasset" 5153
"../../../Engine/Content/EngineMaterials/Substrate/GLints/dict_16_192_64_0p5_0p02_0018_0009.uasset" 5154
"../../../Engine/Content/EngineMaterials/Substrate/GLints/dict_16_192_64_0p5_0p02_0018_0008.uasset" 5155
"../../../Engine/Content/EngineMaterials/Substrate/GLints/dict_16_192_64_0p5_0p02_0018_0010.uasset" 5156
"/Engine/EngineMaterials/Substrate/GLints/dict_16_192_64_0p5_0p02_0018_0010" 5157
"/Engine/EngineMaterials/Substrate/GLints/dict_16_192_64_0p5_0p02_0018_0009" 5158
"/Engine/EngineMaterials/Substrate/GLints/dict_16_192_64_0p5_0p02_0018_0008" 5159
"/Engine/EngineMaterials/Substrate/GLints/dict_16_192_64_0p5_0p02_0018_0007" 5160
"/Engine/EngineMaterials/Substrate/GLints/dict_16_192_64_0p5_0p02_0018_0006" 5161
"/Engine/EngineMaterials/Substrate/GLints/dict_16_192_64_0p5_0p02_0018_0001" 5162
"../../../Engine/Content/EngineMaterials/Substrate/GLints/dict_16_192_64_0p5_0p02_0018_0013.uasset" 5163
"../../../Engine/Content/EngineMaterials/Substrate/GLints/dict_16_192_64_0p5_0p02_0018_0012.uasset" 5164
"../../../Engine/Content/EngineMaterials/Substrate/GLints/dict_16_192_64_0p5_0p02_0017_0014.uasset" 5165
"../../../Engine/Content/EngineMaterials/Substrate/GLints/dict_16_192_64_0p5_0p02_0018_0011.uasset" 5166
"../../../Engine/Content/EngineMaterials/Substrate/GLints/dict_16_192_64_0p5_0p02_0018_0014.uasset" 5167
"../../../Engine/Content/EngineMaterials/Substrate/GLints/dict_16_192_64_0p5_0p02_0018_0015.uasset" 5168
"/Engine/EngineMaterials/Substrate/GLints/dict_16_192_64_0p5_0p02_0018_0014" 5169
"../../../Engine/Content/EngineMaterials/Substrate/GLints/dict_16_192_64_0p5_0p02_0019_0000.uasset" 5170
"../../../Engine/Content/EngineMaterials/Substrate/GLints/dict_16_192_64_0p5_0p02_0019_0001.uasset" 5171
"/Engine/EngineMaterials/Substrate/GLints/dict_16_192_64_0p5_0p02_0018_0013" 5172
"/Engine/EngineMaterials/Substrate/GLints/dict_16_192_64_0p5_0p02_0018_0012" 5173
"/Engine/EngineMaterials/Substrate/GLints/dict_16_192_64_0p5_0p02_0018_0011" 5174
"/Engine/EngineMaterials/Substrate/GLints/dict_16_192_64_0p5_0p02_0017_0014" 5175
"/Engine/EngineMaterials/Substrate/GLints/dict_16_192_64_0p5_0p02_0018_0015" 5176
"/Engine/EngineMaterials/Substrate/GLints/dict_16_192_64_0p5_0p02_0019_0001" 5177
"/Engine/EngineMaterials/Substrate/GLints/dict_16_192_64_0p5_0p02_0019_0000" 5178
"../../../Engine/Content/EngineMaterials/Substrate/GLints/dict_16_192_64_0p5_0p02_0019_0003.uasset" 5179
"../../../Engine/Content/EngineMaterials/Substrate/GLints/dict_16_192_64_0p5_0p02_0019_0004.uasset" 5180
"/Engine/EngineMaterials/Substrate/GLints/dict_16_192_64_0p5_0p02_0019_0004" 5181
"../../../Engine/Content/EngineMaterials/Substrate/GLints/dict_16_192_64_0p5_0p02_0019_0002.uasset" 5182
"/Engine/EngineMaterials/Substrate/GLints/dict_16_192_64_0p5_0p02_0019_0003" 5183
"/Engine/EngineMaterials/Substrate/GLints/dict_16_192_64_0p5_0p02_0019_0002" 5184
"../../../Engine/Content/EngineMaterials/Substrate/GLints/dict_16_192_64_0p5_0p02_0019_0005.uasset" 5185
"/Engine/EngineMaterials/Substrate/GLints/dict_16_192_64_0p5_0p02_0019_0005" 5186
"../../../Engine/Content/EngineMaterials/Substrate/GLints/dict_16_192_64_0p5_0p02_0019_0006.uasset" 5187
"../../../Engine/Content/EngineMaterials/Substrate/GLints/dict_16_192_64_0p5_0p02_0019_0009.uasset" 5188
"../../../Engine/Content/EngineMaterials/Substrate/GLints/dict_16_192_64_0p5_0p02_0019_0008.uasset" 5189
"/Engine/EngineMaterials/Substrate/GLints/dict_16_192_64_0p5_0p02_0019_0006" 5190
"/Engine/EngineMaterials/Substrate/GLints/dict_16_192_64_0p5_0p02_0019_0008" 5191
"/Engine/EngineMaterials/Substrate/GLints/dict_16_192_64_0p5_0p02_0019_0009" 5192
"../../../Engine/Content/EngineMaterials/Substrate/GLints/dict_16_192_64_0p5_0p02_0019_0010.uasset" 5193
"../../../Engine/Content/EngineMaterials/Substrate/GLints/dict_16_192_64_0p5_0p02_0019_0012.uasset" 5194
"../../../Engine/Content/EngineMaterials/Substrate/GLints/dict_16_192_64_0p5_0p02_0019_0013.uasset" 5195
"/Engine/EngineMaterials/Substrate/GLints/dict_16_192_64_0p5_0p02_0019_0010" 5196
"/Engine/EngineMaterials/Substrate/GLints/dict_16_192_64_0p5_0p02_0019_0012" 5197
"../../../Engine/Content/EngineMaterials/Substrate/GLints/dict_16_192_64_0p5_0p02_0019_0007.uasset" 5198
"../../../Engine/Content/EngineMaterials/Substrate/GLints/dict_16_192_64_0p5_0p02_0019_0014.uasset" 5199
"../../../Engine/Content/EngineMaterials/Substrate/GLints/dict_16_192_64_0p5_0p02_0019_0015.uasset" 5200
"/Engine/EngineMaterials/Substrate/GLints/dict_16_192_64_0p5_0p02_0019_0015" 5201
"/Engine/EngineMaterials/Substrate/GLints/dict_16_192_64_0p5_0p02_0019_0014" 5202
"/Engine/EngineMaterials/Substrate/GLints/dict_16_192_64_0p5_0p02_0019_0013" 5203
"/Engine/EngineMaterials/Substrate/GLints/dict_16_192_64_0p5_0p02_0019_0007" 5204
"../../../Engine/Content/EngineMaterials/Substrate/GLints/dict_16_192_64_0p5_0p02_0020_0001.uasset" 5205
"../../../Engine/Content/EngineMaterials/Substrate/GLints/dict_16_192_64_0p5_0p02_0020_0002.uasset" 5206
"../../../Engine/Content/EngineMaterials/Substrate/GLints/dict_16_192_64_0p5_0p02_0020_0003.uasset" 5207
"/Engine/EngineMaterials/Substrate/GLints/dict_16_192_64_0p5_0p02_0020_0003" 5208
"/Engine/EngineMaterials/Substrate/GLints/dict_16_192_64_0p5_0p02_0020_0002" 5209
"/Engine/EngineMaterials/Substrate/GLints/dict_16_192_64_0p5_0p02_0020_0001" 5210
"../../../Engine/Content/EngineMaterials/Substrate/GLints/dict_16_192_64_0p5_0p02_0020_0004.uasset" 5211
"../../../Engine/Content/EngineMaterials/Substrate/GLints/dict_16_192_64_0p5_0p02_0020_0005.uasset" 5212
"../../../Engine/Content/EngineMaterials/Substrate/GLints/dict_16_192_64_0p5_0p02_0020_0000.uasset" 5213
"/Engine/EngineMaterials/Substrate/GLints/dict_16_192_64_0p5_0p02_0020_0005" 5214
"/Engine/EngineMaterials/Substrate/GLints/dict_16_192_64_0p5_0p02_0020_0000" 5215
"/Engine/EngineMaterials/Substrate/GLints/dict_16_192_64_0p5_0p02_0020_0004" 5216
"../../../Engine/Content/EngineMaterials/Substrate/GLints/dict_16_192_64_0p5_0p02_0020_0007.uasset" 5217
"../../../Engine/Content/EngineMaterials/Substrate/GLints/dict_16_192_64_0p5_0p02_0020_0006.uasset" 5218
"../../../Engine/Content/EngineMaterials/Substrate/GLints/dict_16_192_64_0p5_0p02_0020_0008.uasset" 5219
"../../../Engine/Content/EngineMaterials/Substrate/GLints/dict_16_192_64_0p5_0p02_0020_0011.uasset" 5220
"../../../Engine/Content/EngineMaterials/Substrate/GLints/dict_16_192_64_0p5_0p02_0020_0010.uasset" 5221
"../../../Engine/Content/EngineMaterials/Substrate/GLints/dict_16_192_64_0p5_0p02_0020_0009.uasset" 5222
"../../../Engine/Content/EngineMaterials/Substrate/GLints/dict_16_192_64_0p5_0p02_0019_0011.uasset" 5223
"/Engine/EngineMaterials/Substrate/GLints/dict_16_192_64_0p5_0p02_0020_0009" 5224
"/Engine/EngineMaterials/Substrate/GLints/dict_16_192_64_0p5_0p02_0020_0008" 5225
"/Engine/EngineMaterials/Substrate/GLints/dict_16_192_64_0p5_0p02_0020_0007" 5226
"/Engine/EngineMaterials/Substrate/GLints/dict_16_192_64_0p5_0p02_0020_0006" 5227
"/Engine/EngineMaterials/Substrate/GLints/dict_16_192_64_0p5_0p02_0020_0011" 5228
"/Engine/EngineMaterials/Substrate/GLints/dict_16_192_64_0p5_0p02_0019_0011" 5229
"/Engine/EngineMaterials/Substrate/GLints/dict_16_192_64_0p5_0p02_0020_0010" 5230
"../../../Engine/Content/EngineMaterials/Substrate/GLints/dict_16_192_64_0p5_0p02_0020_0012.uasset" 5231
"../../../Engine/Content/EngineMaterials/Substrate/GLints/dict_16_192_64_0p5_0p02_0020_0013.uasset" 5232
"../../../Engine/Content/EngineMaterials/Substrate/GLints/dict_16_192_64_0p5_0p02_0020_0015.uasset" 5233
"/Engine/EngineMaterials/Substrate/GLints/dict_16_192_64_0p5_0p02_0020_0015" 5234
"/Engine/EngineMaterials/Substrate/GLints/dict_16_192_64_0p5_0p02_0020_0013" 5235
"/Engine/EngineMaterials/Substrate/GLints/dict_16_192_64_0p5_0p02_0020_0012" 5236
"../../../Engine/Content/EngineMaterials/Substrate/GLints/dict_16_192_64_0p5_0p02_0021_0000.uasset" 5237
"../../../Engine/Content/EngineMaterials/Substrate/GLints/dict_16_192_64_0p5_0p02_0021_0001.uasset" 5238
"../../../Engine/Content/EngineMaterials/Substrate/GLints/dict_16_192_64_0p5_0p02_0021_0002.uasset" 5239
"../../../Engine/Content/EngineMaterials/Substrate/GLints/dict_16_192_64_0p5_0p02_0021_0003.uasset" 5240
"/Engine/EngineMaterials/Substrate/GLints/dict_16_192_64_0p5_0p02_0021_0001" 5241
"/Engine/EngineMaterials/Substrate/GLints/dict_16_192_64_0p5_0p02_0021_0000" 5242
"/Engine/EngineMaterials/Substrate/GLints/dict_16_192_64_0p5_0p02_0021_0003" 5243
"/Engine/EngineMaterials/Substrate/GLints/dict_16_192_64_0p5_0p02_0021_0002" 5244
"../../../Engine/Content/EngineMaterials/Substrate/GLints/dict_16_192_64_0p5_0p02_0021_0005.uasset" 5245
"../../../Engine/Content/EngineMaterials/Substrate/GLints/dict_16_192_64_0p5_0p02_0021_0006.uasset" 5246
"../../../Engine/Content/EngineMaterials/Substrate/GLints/dict_16_192_64_0p5_0p02_0021_0004.uasset" 5247
"/Engine/EngineMaterials/Substrate/GLints/dict_16_192_64_0p5_0p02_0021_0006" 5248
"/Engine/EngineMaterials/Substrate/GLints/dict_16_192_64_0p5_0p02_0021_0005" 5249
"/Engine/EngineMaterials/Substrate/GLints/dict_16_192_64_0p5_0p02_0021_0004" 5250
"../../../Engine/Content/EngineMaterials/Substrate/GLints/dict_16_192_64_0p5_0p02_0020_0014.uasset" 5251
"../../../Engine/Content/EngineMaterials/Substrate/GLints/dict_16_192_64_0p5_0p02_0021_0008.uasset" 5252
"../../../Engine/Content/EngineMaterials/Substrate/GLints/dict_16_192_64_0p5_0p02_0021_0009.uasset" 5253
"../../../Engine/Content/EngineMaterials/Substrate/GLints/dict_16_192_64_0p5_0p02_0021_0007.uasset" 5254
"../../../Engine/Content/EngineMaterials/Substrate/GLints/dict_16_192_64_0p5_0p02_0021_0010.uasset" 5255
"/Engine/EngineMaterials/Substrate/GLints/dict_16_192_64_0p5_0p02_0021_0010" 5256
"/Engine/EngineMaterials/Substrate/GLints/dict_16_192_64_0p5_0p02_0021_0007" 5257
"/Engine/EngineMaterials/Substrate/GLints/dict_16_192_64_0p5_0p02_0020_0014" 5258
"../../../Engine/Content/EngineMaterials/Substrate/GLints/dict_16_192_64_0p5_0p02_0021_0011.uasset" 5259
"/Engine/EngineMaterials/Substrate/GLints/dict_16_192_64_0p5_0p02_0021_0009" 5260
"/Engine/EngineMaterials/Substrate/GLints/dict_16_192_64_0p5_0p02_0021_0008" 5261
"/Engine/EngineMaterials/Substrate/GLints/dict_16_192_64_0p5_0p02_0021_0011" 5262
"../../../Engine/Content/EngineMaterials/Substrate/GLints/dict_16_192_64_0p5_0p02_0021_0012.uasset" 5263
"../../../Engine/Content/EngineMaterials/Substrate/GLints/dict_16_192_64_0p5_0p02_0021_0015.uasset" 5264
"/Engine/EngineMaterials/Substrate/GLints/dict_16_192_64_0p5_0p02_0021_0012" 5265
"../../../Engine/Content/EngineMaterials/Substrate/GLints/dict_16_192_64_0p5_0p02_0022_0000.uasset" 5266
"/Engine/EngineMaterials/Substrate/GLints/dict_16_192_64_0p5_0p02_0021_0015" 5267
"../../../Engine/Content/EngineMaterials/Substrate/GLints/dict_16_192_64_0p5_0p02_0022_0001.uasset" 5268
"/Engine/EngineMaterials/Substrate/GLints/dict_16_192_64_0p5_0p02_0022_0001" 5269
"/Engine/EngineMaterials/Substrate/GLints/dict_16_192_64_0p5_0p02_0022_0000" 5270
"../../../Engine/Content/EngineMaterials/Substrate/GLints/dict_16_192_64_0p5_0p02_0022_0003.uasset" 5271
"/Engine/EngineMaterials/Substrate/GLints/dict_16_192_64_0p5_0p02_0022_0003" 5272
"../../../Engine/Content/EngineMaterials/Substrate/GLints/dict_16_192_64_0p5_0p02_0021_0014.uasset" 5273
"../../../Engine/Content/EngineMaterials/Substrate/GLints/dict_16_192_64_0p5_0p02_0022_0002.uasset" 5274
"../../../Engine/Content/EngineMaterials/Substrate/GLints/dict_16_192_64_0p5_0p02_0022_0004.uasset" 5275
"/Engine/EngineMaterials/Substrate/GLints/dict_16_192_64_0p5_0p02_0022_0004" 5276
"/Engine/EngineMaterials/Substrate/GLints/dict_16_192_64_0p5_0p02_0022_0002" 5277
"/Engine/EngineMaterials/Substrate/GLints/dict_16_192_64_0p5_0p02_0021_0014" 5278
"../../../Engine/Content/EngineMaterials/Substrate/GLints/dict_16_192_64_0p5_0p02_0021_0013.uasset" 5279
"../../../Engine/Content/EngineMaterials/Substrate/GLints/dict_16_192_64_0p5_0p02_0022_0007.uasset" 5280
"../../../Engine/Content/EngineMaterials/Substrate/GLints/dict_16_192_64_0p5_0p02_0022_0006.uasset" 5281
"../../../Engine/Content/EngineMaterials/Substrate/GLints/dict_16_192_64_0p5_0p02_0022_0009.uasset" 5282
"/Engine/EngineMaterials/Substrate/GLints/dict_16_192_64_0p5_0p02_0022_0009" 5283
"/Engine/EngineMaterials/Substrate/GLints/dict_16_192_64_0p5_0p02_0021_0013" 5284
"/Engine/EngineMaterials/Substrate/GLints/dict_16_192_64_0p5_0p02_0022_0007" 5285
"/Engine/EngineMaterials/Substrate/GLints/dict_16_192_64_0p5_0p02_0022_0006" 5286
"../../../Engine/Content/EngineMaterials/Substrate/GLints/dict_16_192_64_0p5_0p02_0022_0011.uasset" 5287
"../../../Engine/Content/EngineMaterials/Substrate/GLints/dict_16_192_64_0p5_0p02_0022_0010.uasset" 5288
"../../../Engine/Content/EngineMaterials/Substrate/GLints/dict_16_192_64_0p5_0p02_0022_0012.uasset" 5289
"../../../Engine/Content/EngineMaterials/Substrate/GLints/dict_16_192_64_0p5_0p02_0022_0013.uasset" 5290
"/Engine/EngineMaterials/Substrate/GLints/dict_16_192_64_0p5_0p02_0022_0013" 5291
"/Engine/EngineMaterials/Substrate/GLints/dict_16_192_64_0p5_0p02_0022_0012" 5292
"/Engine/EngineMaterials/Substrate/GLints/dict_16_192_64_0p5_0p02_0022_0011" 5293
"/Engine/EngineMaterials/Substrate/GLints/dict_16_192_64_0p5_0p02_0022_0010" 5294
"../../../Engine/Content/EngineMaterials/Substrate/GLints/dict_16_192_64_0p5_0p02_0022_0015.uasset" 5295
"../../../Engine/Content/EngineMaterials/Substrate/GLints/dict_16_192_64_0p5_0p02_0022_0014.uasset" 5296
"../../../Engine/Content/EngineMaterials/Substrate/GLints/dict_16_192_64_0p5_0p02_0022_0008.uasset" 5297
"../../../Engine/Content/EngineMaterials/Substrate/GLints/dict_16_192_64_0p5_0p02_0022_0005.uasset" 5298
"/Engine/EngineMaterials/Substrate/GLints/dict_16_192_64_0p5_0p02_0022_0014" 5299
"/Engine/EngineMaterials/Substrate/GLints/dict_16_192_64_0p5_0p02_0022_0008" 5300
"/Engine/EngineMaterials/Substrate/GLints/dict_16_192_64_0p5_0p02_0022_0015" 5301
"/Engine/EngineMaterials/Substrate/GLints/dict_16_192_64_0p5_0p02_0022_0005" 5302
"../../../Engine/Content/EngineMaterials/Substrate/GLints/dict_16_192_64_0p5_0p02_0023_0002.uasset" 5303
"../../../Engine/Content/EngineMaterials/Substrate/GLints/dict_16_192_64_0p5_0p02_0023_0000.uasset" 5304
"../../../Engine/Content/EngineMaterials/Substrate/GLints/dict_16_192_64_0p5_0p02_0023_0001.uasset" 5305
"../../../Engine/Content/EngineMaterials/Substrate/GLints/dict_16_192_64_0p5_0p02_0023_0005.uasset" 5306
"../../../Engine/Content/EngineMaterials/Substrate/GLints/dict_16_192_64_0p5_0p02_0023_0006.uasset" 5307
"/Engine/EngineMaterials/Substrate/GLints/dict_16_192_64_0p5_0p02_0023_0002" 5308
"/Engine/EngineMaterials/Substrate/GLints/dict_16_192_64_0p5_0p02_0023_0001" 5309
"/Engine/EngineMaterials/Substrate/GLints/dict_16_192_64_0p5_0p02_0023_0006" 5310
"/Engine/EngineMaterials/Substrate/GLints/dict_16_192_64_0p5_0p02_0023_0000" 5311
"/Engine/EngineMaterials/Substrate/GLints/dict_16_192_64_0p5_0p02_0023_0005" 5312
"../../../Engine/Content/EngineMaterials/Substrate/GLints/dict_16_192_64_0p5_0p02_0023_0004.uasset" 5313
"../../../Engine/Content/EngineMaterials/Substrate/GLints/dict_16_192_64_0p5_0p02_0023_0007.uasset" 5314
"../../../Engine/Content/EngineMaterials/Substrate/GLints/dict_16_192_64_0p5_0p02_0023_0008.uasset" 5315
"/Engine/EngineMaterials/Substrate/GLints/dict_16_192_64_0p5_0p02_0023_0007" 5316
"/Engine/EngineMaterials/Substrate/GLints/dict_16_192_64_0p5_0p02_0023_0004" 5317
"../../../Engine/Content/EngineMaterials/Substrate/GLints/dict_16_192_64_0p5_0p02_0023_0010.uasset" 5318
"../../../Engine/Content/EngineMaterials/Substrate/GLints/dict_16_192_64_0p5_0p02_0023_0009.uasset" 5319
"../../../Engine/Content/EngineMaterials/Substrate/GLints/dict_16_192_64_0p5_0p02_0023_0012.uasset" 5320
"../../../Engine/Content/EngineMaterials/Substrate/GLints/dict_16_192_64_0p5_0p02_0023_0003.uasset" 5321
"/Engine/EngineMaterials/Substrate/GLints/dict_16_192_64_0p5_0p02_0023_0010" 5322
"/Engine/EngineMaterials/Substrate/GLints/dict_16_192_64_0p5_0p02_0023_0009" 5323
"/Engine/EngineMaterials/Substrate/GLints/dict_16_192_64_0p5_0p02_0023_0008" 5324
"/Engine/EngineMaterials/Substrate/GLints/dict_16_192_64_0p5_0p02_0023_0012" 5325
"/Engine/EngineMaterials/Substrate/GLints/dict_16_192_64_0p5_0p02_0023_0003" 5326
"../../../Engine/Content/EngineMaterials/Substrate/GLints/dict_16_192_64_0p5_0p02_0023_0011.uasset" 5327
"/Engine/EngineMaterials/Substrate/GLints/dict_16_192_64_0p5_0p02_0023_0011" 5328
"../../../Engine/Content/EngineMaterials/Substrate/GLints/dict_16_192_64_0p5_0p02_0023_0014.uasset" 5329
"../../../Engine/Content/EngineMaterials/Substrate/GLints/dict_16_192_64_0p5_0p02_0023_0013.uasset" 5330
"/Engine/EngineMaterials/Substrate/GLints/dict_16_192_64_0p5_0p02_0023_0014" 5331
"/Engine/EngineMaterials/Substrate/GLints/dict_16_192_64_0p5_0p02_0023_0013" 5332
"../../../Engine/Content/EngineMaterials/Substrate/GLints/dict_16_192_64_0p5_0p02_0023_0015.uasset" 5333
"../../../Engine/Content/EngineMaterials/Substrate/GLints/dict_16_192_64_0p5_0p02_0024_0000.uasset" 5334
"../../../Engine/Content/EngineMaterials/Substrate/GLints/dict_16_192_64_0p5_0p02_0024_0001.uasset" 5335
"../../../Engine/Content/EngineMaterials/Substrate/GLints/dict_16_192_64_0p5_0p02_0024_0004.uasset" 5336
"../../../Engine/Content/EngineMaterials/Substrate/GLints/dict_16_192_64_0p5_0p02_0024_0005.uasset" 5337
"/Engine/EngineMaterials/Substrate/GLints/dict_16_192_64_0p5_0p02_0024_0000" 5338
"/Engine/EngineMaterials/Substrate/GLints/dict_16_192_64_0p5_0p02_0023_0015" 5339
"/Engine/EngineMaterials/Substrate/GLints/dict_16_192_64_0p5_0p02_0024_0001" 5340
"/Engine/EngineMaterials/Substrate/GLints/dict_16_192_64_0p5_0p02_0024_0005" 5341
"/Engine/EngineMaterials/Substrate/GLints/dict_16_192_64_0p5_0p02_0024_0004" 5342
"../../../Engine/Content/EngineMaterials/Substrate/GLints/dict_16_192_64_0p5_0p02_0024_0003.uasset" 5343
"../../../Engine/Content/EngineMaterials/Substrate/GLints/dict_16_192_64_0p5_0p02_0024_0006.uasset" 5344
"../../../Engine/Content/EngineMaterials/Substrate/GLints/dict_16_192_64_0p5_0p02_0024_0007.uasset" 5345
"../../../Engine/Content/EngineMaterials/Substrate/GLints/dict_16_192_64_0p5_0p02_0024_0009.uasset" 5346
"../../../Engine/Content/EngineMaterials/Substrate/GLints/dict_16_192_64_0p5_0p02_0024_0002.uasset" 5347
"../../../Engine/Content/EngineMaterials/Substrate/GLints/dict_16_192_64_0p5_0p02_0024_0010.uasset" 5348
"/Engine/EngineMaterials/Substrate/GLints/dict_16_192_64_0p5_0p02_0024_0010" 5349
"/Engine/EngineMaterials/Substrate/GLints/dict_16_192_64_0p5_0p02_0024_0009" 5350
"/Engine/EngineMaterials/Substrate/GLints/dict_16_192_64_0p5_0p02_0024_0007" 5351
"/Engine/EngineMaterials/Substrate/GLints/dict_16_192_64_0p5_0p02_0024_0003" 5352
"/Engine/EngineMaterials/Substrate/GLints/dict_16_192_64_0p5_0p02_0024_0002" 5353
"/Engine/EngineMaterials/Substrate/GLints/dict_16_192_64_0p5_0p02_0024_0006" 5354
"../../../Engine/Content/EngineMaterials/Substrate/GLints/dict_16_192_64_0p5_0p02_0024_0013.uasset" 5355
"../../../Engine/Content/EngineMaterials/Substrate/GLints/dict_16_192_64_0p5_0p02_0024_0011.uasset" 5356
"../../../Engine/Content/EngineMaterials/Substrate/GLints/dict_16_192_64_0p5_0p02_0024_0014.uasset" 5357
"/Engine/EngineMaterials/Substrate/GLints/dict_16_192_64_0p5_0p02_0024_0011" 5358
"/Engine/EngineMaterials/Substrate/GLints/dict_16_192_64_0p5_0p02_0024_0013" 5359
"../../../Engine/Content/EngineMaterials/Substrate/GLints/dict_16_192_64_0p5_0p02_0024_0012.uasset" 5360
"../../../Engine/Content/EngineMaterials/Substrate/GLints/dict_16_192_64_0p5_0p02_0024_0015.uasset" 5361
"../../../Engine/Content/EngineMaterials/Substrate/GLints/dict_16_192_64_0p5_0p02_0025_0000.uasset" 5362
"/Engine/EngineMaterials/Substrate/GLints/dict_16_192_64_0p5_0p02_0024_0015" 5363
"/Engine/EngineMaterials/Substrate/GLints/dict_16_192_64_0p5_0p02_0024_0014" 5364
"/Engine/EngineMaterials/Substrate/GLints/dict_16_192_64_0p5_0p02_0025_0000" 5365
"/Engine/EngineMaterials/Substrate/GLints/dict_16_192_64_0p5_0p02_0024_0012" 5366
"../../../Engine/Content/EngineMaterials/Substrate/GLints/dict_16_192_64_0p5_0p02_0024_0008.uasset" 5367
"../../../Engine/Content/EngineMaterials/Substrate/GLints/dict_16_192_64_0p5_0p02_0025_0002.uasset" 5368
"../../../Engine/Content/EngineMaterials/Substrate/GLints/dict_16_192_64_0p5_0p02_0025_0003.uasset" 5369
"../../../Engine/Content/EngineMaterials/Substrate/GLints/dict_16_192_64_0p5_0p02_0025_0005.uasset" 5370
"../../../Engine/Content/EngineMaterials/Substrate/GLints/dict_16_192_64_0p5_0p02_0025_0001.uasset" 5371
"/Engine/EngineMaterials/Substrate/GLints/dict_16_192_64_0p5_0p02_0024_0008" 5372
"/Engine/EngineMaterials/Substrate/GLints/dict_16_192_64_0p5_0p02_0025_0003" 5373
"/Engine/EngineMaterials/Substrate/GLints/dict_16_192_64_0p5_0p02_0025_0002" 5374
"/Engine/EngineMaterials/Substrate/GLints/dict_16_192_64_0p5_0p02_0025_0005" 5375
"/Engine/EngineMaterials/Substrate/GLints/dict_16_192_64_0p5_0p02_0025_0001" 5376
"../../../Engine/Content/EngineMaterials/Substrate/GLints/dict_16_192_64_0p5_0p02_0025_0007.uasset" 5377
"/Engine/EngineMaterials/Substrate/GLints/dict_16_192_64_0p5_0p02_0025_0007" 5378
"../../../Engine/Content/EngineMaterials/Substrate/GLints/dict_16_192_64_0p5_0p02_0025_0006.uasset" 5379
"/Engine/EngineMaterials/Substrate/GLints/dict_16_192_64_0p5_0p02_0025_0006" 5380
"../../../Engine/Content/EngineMaterials/Substrate/GLints/dict_16_192_64_0p5_0p02_0025_0010.uasset" 5381
"../../../Engine/Content/EngineMaterials/Substrate/GLints/dict_16_192_64_0p5_0p02_0025_0009.uasset" 5382
"/Engine/EngineMaterials/Substrate/GLints/dict_16_192_64_0p5_0p02_0025_0010" 5383
"/Engine/EngineMaterials/Substrate/GLints/dict_16_192_64_0p5_0p02_0025_0009" 5384
"../../../Engine/Content/EngineMaterials/Substrate/GLints/dict_16_192_64_0p5_0p02_0025_0011.uasset" 5385
"../../../Engine/Content/EngineMaterials/Substrate/GLints/dict_16_192_64_0p5_0p02_0025_0012.uasset" 5386
"/Engine/EngineMaterials/Substrate/GLints/dict_16_192_64_0p5_0p02_0025_0011" 5387
"/Engine/EngineMaterials/Substrate/GLints/dict_16_192_64_0p5_0p02_0025_0012" 5388
"../../../Engine/Content/EngineMaterials/Substrate/GLints/dict_16_192_64_0p5_0p02_0025_0013.uasset" 5389
"../../../Engine/Content/EngineMaterials/Substrate/GLints/dict_16_192_64_0p5_0p02_0025_0004.uasset" 5390
"../../../Engine/Content/EngineMaterials/Substrate/GLints/dict_16_192_64_0p5_0p02_0025_0014.uasset" 5391
"../../../Engine/Content/EngineMaterials/Substrate/GLints/dict_16_192_64_0p5_0p02_0025_0008.uasset" 5392
"/Engine/EngineMaterials/Substrate/GLints/dict_16_192_64_0p5_0p02_0025_0004" 5393
"/Engine/EngineMaterials/Substrate/GLints/dict_16_192_64_0p5_0p02_0025_0014" 5394
"/Engine/EngineMaterials/Substrate/GLints/dict_16_192_64_0p5_0p02_0025_0013" 5395
"/Engine/EngineMaterials/Substrate/GLints/dict_16_192_64_0p5_0p02_0025_0008" 5396
"../../../Engine/Content/EngineMaterials/Substrate/GLints/dict_16_192_64_0p5_0p02_0025_0015.uasset" 5397
"../../../Engine/Content/EngineMaterials/Substrate/GLints/dict_16_192_64_0p5_0p02_0026_0000.uasset" 5398
"../../../Engine/Content/EngineMaterials/Substrate/GLints/dict_16_192_64_0p5_0p02_0026_0001.uasset" 5399
"../../../Engine/Content/EngineMaterials/Substrate/GLints/dict_16_192_64_0p5_0p02_0026_0002.uasset" 5400
"../../../Engine/Content/EngineMaterials/Substrate/GLints/dict_16_192_64_0p5_0p02_0026_0003.uasset" 5401
"/Engine/EngineMaterials/Substrate/GLints/dict_16_192_64_0p5_0p02_0026_0003" 5402
"/Engine/EngineMaterials/Substrate/GLints/dict_16_192_64_0p5_0p02_0026_0002" 5403
"/Engine/EngineMaterials/Substrate/GLints/dict_16_192_64_0p5_0p02_0026_0001" 5404
"/Engine/EngineMaterials/Substrate/GLints/dict_16_192_64_0p5_0p02_0026_0000" 5405
"/Engine/EngineMaterials/Substrate/GLints/dict_16_192_64_0p5_0p02_0025_0015" 5406
"../../../Engine/Content/EngineMaterials/Substrate/GLints/dict_16_192_64_0p5_0p02_0026_0006.uasset" 5407
"../../../Engine/Content/EngineMaterials/Substrate/GLints/dict_16_192_64_0p5_0p02_0026_0007.uasset" 5408
"../../../Engine/Content/EngineMaterials/Substrate/GLints/dict_16_192_64_0p5_0p02_0026_0005.uasset" 5409
"../../../Engine/Content/EngineMaterials/Substrate/GLints/dict_16_192_64_0p5_0p02_0026_0009.uasset" 5410
"../../../Engine/Content/EngineMaterials/Substrate/GLints/dict_16_192_64_0p5_0p02_0026_0008.uasset" 5411
"/Engine/EngineMaterials/Substrate/GLints/dict_16_192_64_0p5_0p02_0026_0009" 5412
"/Engine/EngineMaterials/Substrate/GLints/dict_16_192_64_0p5_0p02_0026_0008" 5413
"/Engine/EngineMaterials/Substrate/GLints/dict_16_192_64_0p5_0p02_0026_0007" 5414
"/Engine/EngineMaterials/Substrate/GLints/dict_16_192_64_0p5_0p02_0026_0006" 5415
"/Engine/EngineMaterials/Substrate/GLints/dict_16_192_64_0p5_0p02_0026_0005" 5416
"../../../Engine/Content/EngineMaterials/Substrate/GLints/dict_16_192_64_0p5_0p02_0026_0010.uasset" 5417
"../../../Engine/Content/EngineMaterials/Substrate/GLints/dict_16_192_64_0p5_0p02_0026_0011.uasset" 5418
"../../../Engine/Content/EngineMaterials/Substrate/GLints/dict_16_192_64_0p5_0p02_0026_0012.uasset" 5419
"../../../Engine/Content/EngineMaterials/Substrate/GLints/dict_16_192_64_0p5_0p02_0026_0004.uasset" 5420
"../../../Engine/Content/EngineMaterials/Substrate/GLints/dict_16_192_64_0p5_0p02_0026_0013.uasset" 5421
"../../../Engine/Content/EngineMaterials/Substrate/GLints/dict_16_192_64_0p5_0p02_0026_0014.uasset" 5422
"/Engine/EngineMaterials/Substrate/GLints/dict_16_192_64_0p5_0p02_0026_0011" 5423
"../../../Engine/Content/EngineMaterials/Substrate/GLints/dict_16_192_64_0p5_0p02_0026_0015.uasset" 5424
"/Engine/EngineMaterials/Substrate/GLints/dict_16_192_64_0p5_0p02_0026_0004" 5425
"/Engine/EngineMaterials/Substrate/GLints/dict_16_192_64_0p5_0p02_0026_0010" 5426
"/Engine/EngineMaterials/Substrate/GLints/dict_16_192_64_0p5_0p02_0026_0013" 5427
"/Engine/EngineMaterials/Substrate/GLints/dict_16_192_64_0p5_0p02_0026_0012" 5428
"/Engine/EngineMaterials/Substrate/GLints/dict_16_192_64_0p5_0p02_0026_0015" 5429
"/Engine/EngineMaterials/Substrate/GLints/dict_16_192_64_0p5_0p02_0026_0014" 5430
"../../../Engine/Content/EngineMaterials/Substrate/GLints/dict_16_192_64_0p5_0p02_0027_0003.uasset" 5431
"../../../Engine/Content/EngineMaterials/Substrate/GLints/dict_16_192_64_0p5_0p02_0027_0001.uasset" 5432
"../../../Engine/Content/EngineMaterials/Substrate/GLints/dict_16_192_64_0p5_0p02_0027_0002.uasset" 5433
"/Engine/EngineMaterials/Substrate/GLints/dict_16_192_64_0p5_0p02_0027_0003" 5434
"/Engine/EngineMaterials/Substrate/GLints/dict_16_192_64_0p5_0p02_0027_0002" 5435
"/Engine/EngineMaterials/Substrate/GLints/dict_16_192_64_0p5_0p02_0027_0001" 5436
"../../../Engine/Content/EngineMaterials/Substrate/GLints/dict_16_192_64_0p5_0p02_0027_0005.uasset" 5437
"/Engine/EngineMaterials/Substrate/GLints/dict_16_192_64_0p5_0p02_0027_0005" 5438
"../../../Engine/Content/EngineMaterials/Substrate/GLints/dict_16_192_64_0p5_0p02_0027_0006.uasset" 5439
"../../../Engine/Content/EngineMaterials/Substrate/GLints/dict_16_192_64_0p5_0p02_0027_0004.uasset" 5440
"../../../Engine/Content/EngineMaterials/Substrate/GLints/dict_16_192_64_0p5_0p02_0027_0007.uasset" 5441
"/Engine/EngineMaterials/Substrate/GLints/dict_16_192_64_0p5_0p02_0027_0007" 5442
"../../../Engine/Content/EngineMaterials/Substrate/GLints/dict_16_192_64_0p5_0p02_0027_0008.uasset" 5443
"../../../Engine/Content/EngineMaterials/Substrate/GLints/dict_16_192_64_0p5_0p02_0027_0010.uasset" 5444
"/Engine/EngineMaterials/Substrate/GLints/dict_16_192_64_0p5_0p02_0027_0006" 5445
"/Engine/EngineMaterials/Substrate/GLints/dict_16_192_64_0p5_0p02_0027_0004" 5446
"/Engine/EngineMaterials/Substrate/GLints/dict_16_192_64_0p5_0p02_0027_0010" 5447
"/Engine/EngineMaterials/Substrate/GLints/dict_16_192_64_0p5_0p02_0027_0008" 5448
"../../../Engine/Content/EngineMaterials/Substrate/GLints/dict_16_192_64_0p5_0p02_0027_0012.uasset" 5449
"../../../Engine/Content/EngineMaterials/Substrate/GLints/dict_16_192_64_0p5_0p02_0027_0011.uasset" 5450
"/Engine/EngineMaterials/Substrate/GLints/dict_16_192_64_0p5_0p02_0027_0012" 5451
"../../../Engine/Content/EngineMaterials/Substrate/GLints/dict_16_192_64_0p5_0p02_0027_0009.uasset" 5452
"/Engine/EngineMaterials/Substrate/GLints/dict_16_192_64_0p5_0p02_0027_0011" 5453
"/Engine/EngineMaterials/Substrate/GLints/dict_16_192_64_0p5_0p02_0027_0009" 5454
"../../../Engine/Content/EngineMaterials/Substrate/GLints/dict_16_192_64_0p5_0p02_0027_0014.uasset" 5455
"../../../Engine/Content/EngineMaterials/Substrate/GLints/dict_16_192_64_0p5_0p02_0027_0013.uasset" 5456
"/Engine/EngineMaterials/Substrate/GLints/dict_16_192_64_0p5_0p02_0027_0014" 5457
"/Engine/EngineMaterials/Substrate/GLints/dict_16_192_64_0p5_0p02_0027_0013" 5458
"../../../Engine/Content/EngineMaterials/Substrate/GLints/dict_16_192_64_0p5_0p02_0028_0000.uasset" 5459
"../../../Engine/Content/EngineMaterials/Substrate/GLints/dict_16_192_64_0p5_0p02_0028_0001.uasset" 5460
"../../../Engine/Content/EngineMaterials/Substrate/GLints/dict_16_192_64_0p5_0p02_0027_0000.uasset" 5461
"/Engine/EngineMaterials/Substrate/GLints/dict_16_192_64_0p5_0p02_0028_0001" 5462
"/Engine/EngineMaterials/Substrate/GLints/dict_16_192_64_0p5_0p02_0028_0000" 5463
"/Engine/EngineMaterials/Substrate/GLints/dict_16_192_64_0p5_0p02_0027_0000" 5464
"../../../Engine/Content/EngineMaterials/Substrate/GLints/dict_16_192_64_0p5_0p02_0028_0004.uasset" 5465
"../../../Engine/Content/EngineMaterials/Substrate/GLints/dict_16_192_64_0p5_0p02_0028_0002.uasset" 5466
"../../../Engine/Content/EngineMaterials/Substrate/GLints/dict_16_192_64_0p5_0p02_0027_0015.uasset" 5467
"../../../Engine/Content/EngineMaterials/Substrate/GLints/dict_16_192_64_0p5_0p02_0028_0003.uasset" 5468
"../../../Engine/Content/EngineMaterials/Substrate/GLints/dict_16_192_64_0p5_0p02_0028_0005.uasset" 5469
"/Engine/EngineMaterials/Substrate/GLints/dict_16_192_64_0p5_0p02_0028_0003" 5470
"/Engine/EngineMaterials/Substrate/GLints/dict_16_192_64_0p5_0p02_0028_0002" 5471
"/Engine/EngineMaterials/Substrate/GLints/dict_16_192_64_0p5_0p02_0028_0004" 5472
"/Engine/EngineMaterials/Substrate/GLints/dict_16_192_64_0p5_0p02_0027_0015" 5473
"../../../Engine/Content/EngineMaterials/Substrate/GLints/dict_16_192_64_0p5_0p02_0028_0007.uasset" 5474
"/Engine/EngineMaterials/Substrate/GLints/dict_16_192_64_0p5_0p02_0028_0007" 5475
"/Engine/EngineMaterials/Substrate/GLints/dict_16_192_64_0p5_0p02_0028_0005" 5476
"../../../Engine/Content/EngineMaterials/Substrate/GLints/dict_16_192_64_0p5_0p02_0028_0008.uasset" 5477
"../../../Engine/Content/EngineMaterials/Substrate/GLints/dict_16_192_64_0p5_0p02_0028_0009.uasset" 5478
"../../../Engine/Content/EngineMaterials/Substrate/GLints/dict_16_192_64_0p5_0p02_0028_0010.uasset" 5479
"../../../Engine/Content/EngineMaterials/Substrate/GLints/dict_16_192_64_0p5_0p02_0028_0011.uasset" 5480
"/Engine/EngineMaterials/Substrate/GLints/dict_16_192_64_0p5_0p02_0028_0008" 5481
"/Engine/EngineMaterials/Substrate/GLints/dict_16_192_64_0p5_0p02_0028_0011" 5482
"../../../Engine/Content/EngineMaterials/Substrate/GLints/dict_16_192_64_0p5_0p02_0028_0014.uasset" 5483
"/Engine/EngineMaterials/Substrate/GLints/dict_16_192_64_0p5_0p02_0028_0010" 5484
"/Engine/EngineMaterials/Substrate/GLints/dict_16_192_64_0p5_0p02_0028_0009" 5485
"/Engine/EngineMaterials/Substrate/GLints/dict_16_192_64_0p5_0p02_0028_0014" 5486
"../../../Engine/Content/EngineMaterials/Substrate/GLints/dict_16_192_64_0p5_0p02_0028_0013.uasset" 5487
"/Engine/EngineMaterials/Substrate/GLints/dict_16_192_64_0p5_0p02_0028_0013" 5488
"../../../Engine/Content/EngineMaterials/Substrate/GLints/dict_16_192_64_0p5_0p02_0028_0006.uasset" 5489
"../../../Engine/Content/EngineMaterials/Substrate/GLints/dict_16_192_64_0p5_0p02_0028_0015.uasset" 5490
"/Engine/EngineMaterials/Substrate/GLints/dict_16_192_64_0p5_0p02_0028_0006" 5491
"../../../Engine/Content/EngineMaterials/Substrate/GLints/dict_16_192_64_0p5_0p02_0029_0001.uasset" 5492
"../../../Engine/Content/EngineMaterials/Substrate/GLints/dict_16_192_64_0p5_0p02_0029_0002.uasset" 5493
"/Engine/EngineMaterials/Substrate/GLints/dict_16_192_64_0p5_0p02_0028_0015" 5494
"/Engine/EngineMaterials/Substrate/GLints/dict_16_192_64_0p5_0p02_0029_0002" 5495
"/Engine/EngineMaterials/Substrate/GLints/dict_16_192_64_0p5_0p02_0029_0001" 5496
"../../../Engine/Content/EngineMaterials/Substrate/GLints/dict_16_192_64_0p5_0p02_0029_0003.uasset" 5497
"../../../Engine/Content/EngineMaterials/Substrate/GLints/dict_16_192_64_0p5_0p02_0029_0004.uasset" 5498
"/Engine/EngineMaterials/Substrate/GLints/dict_16_192_64_0p5_0p02_0029_0003" 5499
"/Engine/EngineMaterials/Substrate/GLints/dict_16_192_64_0p5_0p02_0029_0004" 5500
"../../../Engine/Content/EngineMaterials/Substrate/GLints/dict_16_192_64_0p5_0p02_0029_0005.uasset" 5501
"../../../Engine/Content/EngineMaterials/Substrate/GLints/dict_16_192_64_0p5_0p02_0029_0006.uasset" 5502
"../../../Engine/Content/EngineMaterials/Substrate/GLints/dict_16_192_64_0p5_0p02_0029_0000.uasset" 5503
"../../../Engine/Content/EngineMaterials/Substrate/GLints/dict_16_192_64_0p5_0p02_0029_0007.uasset" 5504
"/Engine/EngineMaterials/Substrate/GLints/dict_16_192_64_0p5_0p02_0029_0006" 5505
"/Engine/EngineMaterials/Substrate/GLints/dict_16_192_64_0p5_0p02_0029_0005" 5506
"/Engine/EngineMaterials/Substrate/GLints/dict_16_192_64_0p5_0p02_0029_0000" 5507
"/Engine/EngineMaterials/Substrate/GLints/dict_16_192_64_0p5_0p02_0029_0007" 5508
"../../../Engine/Content/EngineMaterials/Substrate/GLints/dict_16_192_64_0p5_0p02_0029_0008.uasset" 5509
"../../../Engine/Content/EngineMaterials/Substrate/GLints/dict_16_192_64_0p5_0p02_0029_0009.uasset" 5510
"../../../Engine/Content/EngineMaterials/Substrate/GLints/dict_16_192_64_0p5_0p02_0029_0011.uasset" 5511
"../../../Engine/Content/EngineMaterials/Substrate/GLints/dict_16_192_64_0p5_0p02_0029_0010.uasset" 5512
"/Engine/EngineMaterials/Substrate/GLints/dict_16_192_64_0p5_0p02_0029_0008" 5513
"/Engine/EngineMaterials/Substrate/GLints/dict_16_192_64_0p5_0p02_0029_0010" 5514
"/Engine/EngineMaterials/Substrate/GLints/dict_16_192_64_0p5_0p02_0029_0011" 5515
"/Engine/EngineMaterials/Substrate/GLints/dict_16_192_64_0p5_0p02_0029_0009" 5516
"../../../Engine/Content/EngineMaterials/Substrate/GLints/dict_16_192_64_0p5_0p02_0029_0013.uasset" 5517
"../../../Engine/Content/EngineMaterials/Substrate/GLints/dict_16_192_64_0p5_0p02_0029_0014.uasset" 5518
"../../../Engine/Content/EngineMaterials/Substrate/GLints/dict_16_192_64_0p5_0p02_0029_0015.uasset" 5519
"/Engine/EngineMaterials/Substrate/GLints/dict_16_192_64_0p5_0p02_0029_0013" 5520
"/Engine/EngineMaterials/Substrate/GLints/dict_16_192_64_0p5_0p02_0029_0014" 5521
"/Engine/EngineMaterials/Substrate/GLints/dict_16_192_64_0p5_0p02_0029_0015" 5522
"../../../Engine/Content/EngineMaterials/Substrate/GLints/dict_16_192_64_0p5_0p02_0028_0012.uasset" 5523
"../../../Engine/Content/EngineMaterials/Substrate/GLints/dict_16_192_64_0p5_0p02_0030_0000.uasset" 5524
"../../../Engine/Content/EngineMaterials/Substrate/GLints/dict_16_192_64_0p5_0p02_0030_0001.uasset" 5525
"/Engine/EngineMaterials/Substrate/GLints/dict_16_192_64_0p5_0p02_0030_0000" 5526
"/Engine/EngineMaterials/Substrate/GLints/dict_16_192_64_0p5_0p02_0028_0012" 5527
"/Engine/EngineMaterials/Substrate/GLints/dict_16_192_64_0p5_0p02_0030_0001" 5528
"../../../Engine/Content/EngineMaterials/Substrate/GLints/dict_16_192_64_0p5_0p02_0030_0003.uasset" 5529
"../../../Engine/Content/EngineMaterials/Substrate/GLints/dict_16_192_64_0p5_0p02_0029_0012.uasset" 5530
"../../../Engine/Content/EngineMaterials/Substrate/GLints/dict_16_192_64_0p5_0p02_0030_0004.uasset" 5531
"/Engine/EngineMaterials/Substrate/GLints/dict_16_192_64_0p5_0p02_0030_0003" 5532
"../../../Engine/Content/EngineMaterials/Substrate/GLints/dict_16_192_64_0p5_0p02_0030_0005.uasset" 5533
"/Engine/EngineMaterials/Substrate/GLints/dict_16_192_64_0p5_0p02_0029_0012" 5534
"/Engine/EngineMaterials/Substrate/GLints/dict_16_192_64_0p5_0p02_0030_0005" 5535
"/Engine/EngineMaterials/Substrate/GLints/dict_16_192_64_0p5_0p02_0030_0004" 5536
"../../../Engine/Content/EngineMaterials/Substrate/GLints/dict_16_192_64_0p5_0p02_0030_0002.uasset" 5537
"../../../Engine/Content/EngineMaterials/Substrate/GLints/dict_16_192_64_0p5_0p02_0030_0007.uasset" 5538
"../../../Engine/Content/EngineMaterials/Substrate/GLints/dict_16_192_64_0p5_0p02_0030_0008.uasset" 5539
"/Engine/EngineMaterials/Substrate/GLints/dict_16_192_64_0p5_0p02_0030_0002" 5540
"/Engine/EngineMaterials/Substrate/GLints/dict_16_192_64_0p5_0p02_0030_0008" 5541
"/Engine/EngineMaterials/Substrate/GLints/dict_16_192_64_0p5_0p02_0030_0007" 5542
"../../../Engine/Content/EngineMaterials/Substrate/GLints/dict_16_192_64_0p5_0p02_0030_0010.uasset" 5543
"../../../Engine/Content/EngineMaterials/Substrate/GLints/dict_16_192_64_0p5_0p02_0030_0011.uasset" 5544
"/Engine/EngineMaterials/Substrate/GLints/dict_16_192_64_0p5_0p02_0030_0010" 5545
"/Engine/EngineMaterials/Substrate/GLints/dict_16_192_64_0p5_0p02_0030_0011" 5546
"../../../Engine/Content/EngineMaterials/Substrate/GLints/dict_16_192_64_0p5_0p02_0030_0006.uasset" 5547
"../../../Engine/Content/EngineMaterials/Substrate/GLints/dict_16_192_64_0p5_0p02_0030_0013.uasset" 5548
"../../../Engine/Content/EngineMaterials/Substrate/GLints/dict_16_192_64_0p5_0p02_0030_0012.uasset" 5549
"../../../Engine/Content/EngineMaterials/Substrate/GLints/dict_16_192_64_0p5_0p02_0030_0009.uasset" 5550
"../../../Engine/Content/EngineMaterials/Substrate/GLints/dict_16_192_64_0p5_0p02_0030_0014.uasset" 5551
"/Engine/EngineMaterials/Substrate/GLints/dict_16_192_64_0p5_0p02_0030_0006" 5552
"/Engine/EngineMaterials/Substrate/GLints/dict_16_192_64_0p5_0p02_0030_0013" 5553
"/Engine/EngineMaterials/Substrate/GLints/dict_16_192_64_0p5_0p02_0030_0012" 5554
"/Engine/EngineMaterials/Substrate/GLints/dict_16_192_64_0p5_0p02_0030_0014" 5555
"/Engine/EngineMaterials/Substrate/GLints/dict_16_192_64_0p5_0p02_0030_0009" 5556
"../../../Engine/Content/EngineMaterials/Substrate/GLints/dict_16_192_64_0p5_0p02_0030_0015.uasset" 5557
"../../../Engine/Content/EngineMaterials/Substrate/GLints/dict_16_192_64_0p5_0p02_0031_0002.uasset" 5558
"../../../Engine/Content/EngineMaterials/Substrate/GLints/dict_16_192_64_0p5_0p02_0031_0001.uasset" 5559
"/Engine/EngineMaterials/Substrate/GLints/dict_16_192_64_0p5_0p02_0030_0015" 5560
"/Engine/EngineMaterials/Substrate/GLints/dict_16_192_64_0p5_0p02_0031_0002" 5561
"/Engine/EngineMaterials/Substrate/GLints/dict_16_192_64_0p5_0p02_0031_0001" 5562
"../../../Engine/Content/EngineMaterials/Substrate/GLints/dict_16_192_64_0p5_0p02_0031_0004.uasset" 5563
"../../../Engine/Content/EngineMaterials/Substrate/GLints/dict_16_192_64_0p5_0p02_0031_0003.uasset" 5564
"../../../Engine/Content/EngineMaterials/Substrate/GLints/dict_16_192_64_0p5_0p02_0031_0006.uasset" 5565
"/Engine/EngineMaterials/Substrate/GLints/dict_16_192_64_0p5_0p02_0031_0006" 5566
"/Engine/EngineMaterials/Substrate/GLints/dict_16_192_64_0p5_0p02_0031_0004" 5567
"/Engine/EngineMaterials/Substrate/GLints/dict_16_192_64_0p5_0p02_0031_0003" 5568
"../../../Engine/Content/EngineMaterials/Substrate/GLints/dict_16_192_64_0p5_0p02_0031_0005.uasset" 5569
"../../../Engine/Content/EngineMaterials/Substrate/GLints/dict_16_192_64_0p5_0p02_0031_0008.uasset" 5570
"../../../Engine/Content/EngineMaterials/Substrate/GLints/dict_16_192_64_0p5_0p02_0031_0000.uasset" 5571
"/Engine/EngineMaterials/Substrate/GLints/dict_16_192_64_0p5_0p02_0031_0000" 5572
"/Engine/EngineMaterials/Substrate/GLints/dict_16_192_64_0p5_0p02_0031_0005" 5573
"/Engine/EngineMaterials/Substrate/GLints/dict_16_192_64_0p5_0p02_0031_0008" 5574
"../../../Engine/Content/EngineMaterials/Substrate/GLints/dict_16_192_64_0p5_0p02_0031_0010.uasset" 5575
"../../../Engine/Content/EngineMaterials/Substrate/GLints/dict_16_192_64_0p5_0p02_0031_0007.uasset" 5576
"../../../Engine/Content/EngineMaterials/Substrate/GLints/dict_16_192_64_0p5_0p02_0031_0012.uasset" 5577
"/Engine/EngineMaterials/Substrate/GLints/dict_16_192_64_0p5_0p02_0031_0010" 5578
"../../../Engine/Content/EngineMaterials/Substrate/GLints/dict_16_192_64_0p5_0p02_0031_0011.uasset" 5579
"/Engine/EngineMaterials/Substrate/GLints/dict_16_192_64_0p5_0p02_0031_0012" 5580
"/Engine/EngineMaterials/Substrate/GLints/dict_16_192_64_0p5_0p02_0031_0007" 5581
"/Engine/EngineMaterials/Substrate/GLints/dict_16_192_64_0p5_0p02_0031_0011" 5582
"../../../Engine/Content/EngineMaterials/Substrate/GLints/dict_16_192_64_0p5_0p02_0031_0014.uasset" 5583
"../../../Engine/Content/EngineMaterials/Substrate/GLints/dict_16_192_64_0p5_0p02_0031_0009.uasset" 5584
"../../../Engine/Content/EngineMaterials/Substrate/GLints/dict_16_192_64_0p5_0p02_0031_0015.uasset" 5585
"../../../Engine/Content/EngineMaterials/Substrate/GLints/dict_16_192_64_0p5_0p02_0032_0000.uasset" 5586
"/Engine/EngineMaterials/Substrate/GLints/dict_16_192_64_0p5_0p02_0031_0015" 5587
"/Engine/EngineMaterials/Substrate/GLints/dict_16_192_64_0p5_0p02_0031_0014" 5588
"/Engine/EngineMaterials/Substrate/GLints/dict_16_192_64_0p5_0p02_0031_0009" 5589
"../../../Engine/Content/EngineMaterials/Substrate/GLints/dict_16_192_64_0p5_0p02_0032_0001.uasset" 5590
"/Engine/EngineMaterials/Substrate/GLints/dict_16_192_64_0p5_0p02_0032_0000" 5591
"/Engine/EngineMaterials/Substrate/GLints/dict_16_192_64_0p5_0p02_0032_0001" 5592
"../../../Engine/Content/EngineMaterials/Substrate/GLints/dict_16_192_64_0p5_0p02_0032_0003.uasset" 5593
"/Engine/EngineMaterials/Substrate/GLints/dict_16_192_64_0p5_0p02_0032_0003" 5594
"../../../Engine/Content/EngineMaterials/Substrate/GLints/dict_16_192_64_0p5_0p02_0032_0005.uasset" 5595
"../../../Engine/Content/EngineMaterials/Substrate/GLints/dict_16_192_64_0p5_0p02_0032_0002.uasset" 5596
"../../../Engine/Content/EngineMaterials/Substrate/GLints/dict_16_192_64_0p5_0p02_0031_0013.uasset" 5597
"../../../Engine/Content/EngineMaterials/Substrate/GLints/dict_16_192_64_0p5_0p02_0032_0004.uasset" 5598
"../../../Engine/Content/EngineMaterials/Substrate/GLints/dict_16_192_64_0p5_0p02_0032_0006.uasset" 5599
"../../../Engine/Content/EngineMaterials/Substrate/GLints/dict_16_192_64_0p5_0p02_0032_0008.uasset" 5600
"/Engine/EngineMaterials/Substrate/GLints/dict_16_192_64_0p5_0p02_0032_0004" 5601
"/Engine/EngineMaterials/Substrate/GLints/dict_16_192_64_0p5_0p02_0032_0002" 5602
"/Engine/EngineMaterials/Substrate/GLints/dict_16_192_64_0p5_0p02_0031_0013" 5603
"/Engine/EngineMaterials/Substrate/GLints/dict_16_192_64_0p5_0p02_0032_0006" 5604
"/Engine/EngineMaterials/Substrate/GLints/dict_16_192_64_0p5_0p02_0032_0005" 5605
"/Engine/EngineMaterials/Substrate/GLints/dict_16_192_64_0p5_0p02_0032_0008" 5606
"../../../Engine/Content/EngineMaterials/Substrate/GLints/dict_16_192_64_0p5_0p02_0032_0007.uasset" 5607
"../../../Engine/Content/EngineMaterials/Substrate/GLints/dict_16_192_64_0p5_0p02_0032_0009.uasset" 5608
"../../../Engine/Content/EngineMaterials/Substrate/GLints/dict_16_192_64_0p5_0p02_0032_0012.uasset" 5609
"/Engine/EngineMaterials/Substrate/GLints/dict_16_192_64_0p5_0p02_0032_0009" 5610
"/Engine/EngineMaterials/Substrate/GLints/dict_16_192_64_0p5_0p02_0032_0007" 5611
"/Engine/EngineMaterials/Substrate/GLints/dict_16_192_64_0p5_0p02_0032_0012" 5612
"../../../Engine/Content/EngineMaterials/Substrate/GLints/dict_16_192_64_0p5_0p02_0032_0010.uasset" 5613
"../../../Engine/Content/EngineMaterials/Substrate/GLints/dict_16_192_64_0p5_0p02_0032_0011.uasset" 5614
"../../../Engine/Content/EngineMaterials/Substrate/GLints/dict_16_192_64_0p5_0p02_0032_0014.uasset" 5615
"../../../Engine/Content/EngineMaterials/Substrate/GLints/dict_16_192_64_0p5_0p02_0032_0015.uasset" 5616
"../../../Engine/Content/EngineMaterials/Substrate/GLints/dict_16_192_64_0p5_0p02_0033_0000.uasset" 5617
"../../../Engine/Content/EngineMaterials/Substrate/GLints/dict_16_192_64_0p5_0p02_0033_0002.uasset" 5618
"../../../Engine/Content/EngineMaterials/Substrate/GLints/dict_16_192_64_0p5_0p02_0033_0001.uasset" 5619
"/Engine/EngineMaterials/Substrate/GLints/dict_16_192_64_0p5_0p02_0032_0014" 5620
"/Engine/EngineMaterials/Substrate/GLints/dict_16_192_64_0p5_0p02_0032_0011" 5621
"/Engine/EngineMaterials/Substrate/GLints/dict_16_192_64_0p5_0p02_0032_0010" 5622
"/Engine/EngineMaterials/Substrate/GLints/dict_16_192_64_0p5_0p02_0033_0002" 5623
"/Engine/EngineMaterials/Substrate/GLints/dict_16_192_64_0p5_0p02_0033_0000" 5624
"/Engine/EngineMaterials/Substrate/GLints/dict_16_192_64_0p5_0p02_0032_0015" 5625
"/Engine/EngineMaterials/Substrate/GLints/dict_16_192_64_0p5_0p02_0033_0001" 5626
"../../../Engine/Content/EngineMaterials/Substrate/GLints/dict_16_192_64_0p5_0p02_0033_0005.uasset" 5627
"../../../Engine/Content/EngineMaterials/Substrate/GLints/dict_16_192_64_0p5_0p02_0033_0003.uasset" 5628
"../../../Engine/Content/EngineMaterials/Substrate/GLints/dict_16_192_64_0p5_0p02_0033_0007.uasset" 5629
"../../../Engine/Content/EngineMaterials/Substrate/GLints/dict_16_192_64_0p5_0p02_0033_0006.uasset" 5630
"/Engine/EngineMaterials/Substrate/GLints/dict_16_192_64_0p5_0p02_0033_0007" 5631
"/Engine/EngineMaterials/Substrate/GLints/dict_16_192_64_0p5_0p02_0033_0006" 5632
"/Engine/EngineMaterials/Substrate/GLints/dict_16_192_64_0p5_0p02_0033_0003" 5633
"/Engine/EngineMaterials/Substrate/GLints/dict_16_192_64_0p5_0p02_0033_0005" 5634
"../../../Engine/Content/EngineMaterials/Substrate/GLints/dict_16_192_64_0p5_0p02_0033_0010.uasset" 5635
"../../../Engine/Content/EngineMaterials/Substrate/GLints/dict_16_192_64_0p5_0p02_0033_0008.uasset" 5636
"../../../Engine/Content/EngineMaterials/Substrate/GLints/dict_16_192_64_0p5_0p02_0033_0011.uasset" 5637
"../../../Engine/Content/EngineMaterials/Substrate/GLints/dict_16_192_64_0p5_0p02_0033_0009.uasset" 5638
"../../../Engine/Content/EngineMaterials/Substrate/GLints/dict_16_192_64_0p5_0p02_0033_0012.uasset" 5639
"../../../Engine/Content/EngineMaterials/Substrate/GLints/dict_16_192_64_0p5_0p02_0033_0015.uasset" 5640
"../../../Engine/Content/EngineMaterials/Substrate/GLints/dict_16_192_64_0p5_0p02_0033_0014.uasset" 5641
"/Engine/EngineMaterials/Substrate/GLints/dict_16_192_64_0p5_0p02_0033_0010" 5642
"/Engine/EngineMaterials/Substrate/GLints/dict_16_192_64_0p5_0p02_0033_0009" 5643
"/Engine/EngineMaterials/Substrate/GLints/dict_16_192_64_0p5_0p02_0033_0015" 5644
"/Engine/EngineMaterials/Substrate/GLints/dict_16_192_64_0p5_0p02_0033_0014" 5645
"/Engine/EngineMaterials/Substrate/GLints/dict_16_192_64_0p5_0p02_0033_0012" 5646
"/Engine/EngineMaterials/Substrate/GLints/dict_16_192_64_0p5_0p02_0033_0011" 5647
"/Engine/EngineMaterials/Substrate/GLints/dict_16_192_64_0p5_0p02_0033_0008" 5648
"../../../Engine/Content/EngineMaterials/Substrate/GLints/dict_16_192_64_0p5_0p02_0032_0013.uasset" 5649
"../../../Engine/Content/EngineMaterials/Substrate/GLints/dict_16_192_64_0p5_0p02_0034_0001.uasset" 5650
"../../../Engine/Content/EngineMaterials/Substrate/GLints/dict_16_192_64_0p5_0p02_0034_0002.uasset" 5651
"../../../Engine/Content/EngineMaterials/Substrate/GLints/dict_16_192_64_0p5_0p02_0034_0004.uasset" 5652
"../../../Engine/Content/EngineMaterials/Substrate/GLints/dict_16_192_64_0p5_0p02_0034_0000.uasset" 5653
"/Engine/EngineMaterials/Substrate/GLints/dict_16_192_64_0p5_0p02_0032_0013" 5654
"/Engine/EngineMaterials/Substrate/GLints/dict_16_192_64_0p5_0p02_0034_0001" 5655
"/Engine/EngineMaterials/Substrate/GLints/dict_16_192_64_0p5_0p02_0034_0000" 5656
"/Engine/EngineMaterials/Substrate/GLints/dict_16_192_64_0p5_0p02_0034_0004" 5657
"/Engine/EngineMaterials/Substrate/GLints/dict_16_192_64_0p5_0p02_0034_0002" 5658
"../../../Engine/Content/EngineMaterials/Substrate/GLints/dict_16_192_64_0p5_0p02_0034_0007.uasset" 5659
"../../../Engine/Content/EngineMaterials/Substrate/GLints/dict_16_192_64_0p5_0p02_0034_0005.uasset" 5660
"../../../Engine/Content/EngineMaterials/Substrate/GLints/dict_16_192_64_0p5_0p02_0034_0008.uasset" 5661
"../../../Engine/Content/EngineMaterials/Substrate/GLints/dict_16_192_64_0p5_0p02_0034_0003.uasset" 5662
"/Engine/EngineMaterials/Substrate/GLints/dict_16_192_64_0p5_0p02_0034_0007" 5663
"../../../Engine/Content/EngineMaterials/Substrate/GLints/dict_16_192_64_0p5_0p02_0034_0006.uasset" 5664
"/Engine/EngineMaterials/Substrate/GLints/dict_16_192_64_0p5_0p02_0034_0005" 5665
"../../../Engine/Content/EngineMaterials/Substrate/GLints/dict_16_192_64_0p5_0p02_0033_0004.uasset" 5666
"/Engine/EngineMaterials/Substrate/GLints/dict_16_192_64_0p5_0p02_0034_0008" 5667
"/Engine/EngineMaterials/Substrate/GLints/dict_16_192_64_0p5_0p02_0034_0003" 5668
"/Engine/EngineMaterials/Substrate/GLints/dict_16_192_64_0p5_0p02_0033_0004" 5669
"/Engine/EngineMaterials/Substrate/GLints/dict_16_192_64_0p5_0p02_0034_0006" 5670
"../../../Engine/Content/EngineMaterials/Substrate/GLints/dict_16_192_64_0p5_0p02_0034_0010.uasset" 5671
"../../../Engine/Content/EngineMaterials/Substrate/GLints/dict_16_192_64_0p5_0p02_0034_0012.uasset" 5672
"../../../Engine/Content/EngineMaterials/Substrate/GLints/dict_16_192_64_0p5_0p02_0034_0013.uasset" 5673
"/Engine/EngineMaterials/Substrate/GLints/dict_16_192_64_0p5_0p02_0034_0010" 5674
"../../../Engine/Content/EngineMaterials/Substrate/GLints/dict_16_192_64_0p5_0p02_0034_0009.uasset" 5675
"/Engine/EngineMaterials/Substrate/GLints/dict_16_192_64_0p5_0p02_0034_0013" 5676
"/Engine/EngineMaterials/Substrate/GLints/dict_16_192_64_0p5_0p02_0034_0012" 5677
"/Engine/EngineMaterials/Substrate/GLints/dict_16_192_64_0p5_0p02_0034_0009" 5678
"../../../Engine/Content/EngineMaterials/Substrate/GLints/dict_16_192_64_0p5_0p02_0034_0015.uasset" 5679
"../../../Engine/Content/EngineMaterials/Substrate/GLints/dict_16_192_64_0p5_0p02_0034_0011.uasset" 5680
"../../../Engine/Content/EngineMaterials/Substrate/GLints/dict_16_192_64_0p5_0p02_0033_0013.uasset" 5681
"../../../Engine/Content/EngineMaterials/Substrate/GLints/dict_16_192_64_0p5_0p02_0035_0001.uasset" 5682
"/Engine/EngineMaterials/Substrate/GLints/dict_16_192_64_0p5_0p02_0034_0015" 5683
"/Engine/EngineMaterials/Substrate/GLints/dict_16_192_64_0p5_0p02_0035_0001" 5684
"/Engine/EngineMaterials/Substrate/GLints/dict_16_192_64_0p5_0p02_0033_0013" 5685
"../../../Engine/Content/EngineMaterials/Substrate/GLints/dict_16_192_64_0p5_0p02_0035_0002.uasset" 5686
"/Engine/EngineMaterials/Substrate/GLints/dict_16_192_64_0p5_0p02_0034_0011" 5687
"../../../Engine/Content/EngineMaterials/Substrate/GLints/dict_16_192_64_0p5_0p02_0035_0005.uasset" 5688
"/Engine/EngineMaterials/Substrate/GLints/dict_16_192_64_0p5_0p02_0035_0002" 5689
"/Engine/EngineMaterials/Substrate/GLints/dict_16_192_64_0p5_0p02_0035_0005" 5690
"../../../Engine/Content/EngineMaterials/Substrate/GLints/dict_16_192_64_0p5_0p02_0034_0014.uasset" 5691
"../../../Engine/Content/EngineMaterials/Substrate/GLints/dict_16_192_64_0p5_0p02_0035_0004.uasset" 5692
"../../../Engine/Content/EngineMaterials/Substrate/GLints/dict_16_192_64_0p5_0p02_0035_0007.uasset" 5693
"../../../Engine/Content/EngineMaterials/Substrate/GLints/dict_16_192_64_0p5_0p02_0035_0000.uasset" 5694
"/Engine/EngineMaterials/Substrate/GLints/dict_16_192_64_0p5_0p02_0035_0004" 5695
"/Engine/EngineMaterials/Substrate/GLints/dict_16_192_64_0p5_0p02_0035_0000" 5696
"../../../Engine/Content/EngineMaterials/Substrate/GLints/dict_16_192_64_0p5_0p02_0035_0003.uasset" 5697
"/Engine/EngineMaterials/Substrate/GLints/dict_16_192_64_0p5_0p02_0034_0014" 5698
"/Engine/EngineMaterials/Substrate/GLints/dict_16_192_64_0p5_0p02_0035_0007" 5699
"/Engine/EngineMaterials/Substrate/GLints/dict_16_192_64_0p5_0p02_0035_0003" 5700
"../../../Engine/Content/EngineMaterials/Substrate/GLints/dict_16_192_64_0p5_0p02_0035_0010.uasset" 5701
"../../../Engine/Content/EngineMaterials/Substrate/GLints/dict_16_192_64_0p5_0p02_0035_0006.uasset" 5702
"../../../Engine/Content/EngineMaterials/Substrate/GLints/dict_16_192_64_0p5_0p02_0035_0011.uasset" 5703
"../../../Engine/Content/EngineMaterials/Substrate/GLints/dict_16_192_64_0p5_0p02_0035_0012.uasset" 5704
"/Engine/EngineMaterials/Substrate/GLints/dict_16_192_64_0p5_0p02_0035_0012" 5705
"/Engine/EngineMaterials/Substrate/GLints/dict_16_192_64_0p5_0p02_0035_0011" 5706
"/Engine/EngineMaterials/Substrate/GLints/dict_16_192_64_0p5_0p02_0035_0010" 5707
"../../../Engine/Content/EngineMaterials/Substrate/GLints/dict_16_192_64_0p5_0p02_0035_0013.uasset" 5708
"/Engine/EngineMaterials/Substrate/GLints/dict_16_192_64_0p5_0p02_0035_0006" 5709
"/Engine/EngineMaterials/Substrate/GLints/dict_16_192_64_0p5_0p02_0035_0013" 5710
"../../../Engine/Content/EngineMaterials/Substrate/GLints/dict_16_192_64_0p5_0p02_0036_0000.uasset" 5711
"../../../Engine/Content/EngineMaterials/Substrate/GLints/dict_16_192_64_0p5_0p02_0035_0015.uasset" 5712
"../../../Engine/Content/EngineMaterials/Substrate/GLints/dict_16_192_64_0p5_0p02_0035_0014.uasset" 5713
"../../../Engine/Content/EngineMaterials/Substrate/GLints/dict_16_192_64_0p5_0p02_0035_0009.uasset" 5714
"../../../Engine/Content/EngineMaterials/Substrate/GLints/dict_16_192_64_0p5_0p02_0036_0004.uasset" 5715
"/Engine/EngineMaterials/Substrate/GLints/dict_16_192_64_0p5_0p02_0036_0000" 5716
"/Engine/EngineMaterials/Substrate/GLints/dict_16_192_64_0p5_0p02_0036_0004" 5717
"/Engine/EngineMaterials/Substrate/GLints/dict_16_192_64_0p5_0p02_0035_0015" 5718
"/Engine/EngineMaterials/Substrate/GLints/dict_16_192_64_0p5_0p02_0035_0009" 5719
"/Engine/EngineMaterials/Substrate/GLints/dict_16_192_64_0p5_0p02_0035_0014" 5720
"../../../Engine/Content/EngineMaterials/Substrate/GLints/dict_16_192_64_0p5_0p02_0036_0001.uasset" 5721
"../../../Engine/Content/EngineMaterials/Substrate/GLints/dict_16_192_64_0p5_0p02_0036_0005.uasset" 5722
"../../../Engine/Content/EngineMaterials/Substrate/GLints/dict_16_192_64_0p5_0p02_0036_0006.uasset" 5723
"../../../Engine/Content/EngineMaterials/Substrate/GLints/dict_16_192_64_0p5_0p02_0036_0002.uasset" 5724
"../../../Engine/Content/EngineMaterials/Substrate/GLints/dict_16_192_64_0p5_0p02_0035_0008.uasset" 5725
"/Engine/EngineMaterials/Substrate/GLints/dict_16_192_64_0p5_0p02_0036_0001" 5726
"/Engine/EngineMaterials/Substrate/GLints/dict_16_192_64_0p5_0p02_0036_0005" 5727
"/Engine/EngineMaterials/Substrate/GLints/dict_16_192_64_0p5_0p02_0036_0006" 5728
"/Engine/EngineMaterials/Substrate/GLints/dict_16_192_64_0p5_0p02_0035_0008" 5729
"/Engine/EngineMaterials/Substrate/GLints/dict_16_192_64_0p5_0p02_0036_0002" 5730
"../../../Engine/Content/EngineMaterials/Substrate/GLints/dict_16_192_64_0p5_0p02_0036_0011.uasset" 5731
"../../../Engine/Content/EngineMaterials/Substrate/GLints/dict_16_192_64_0p5_0p02_0036_0007.uasset" 5732
"../../../Engine/Content/EngineMaterials/Substrate/GLints/dict_16_192_64_0p5_0p02_0036_0012.uasset" 5733
"../../../Engine/Content/EngineMaterials/Substrate/GLints/dict_16_192_64_0p5_0p02_0036_0010.uasset" 5734
"../../../Engine/Content/EngineMaterials/Substrate/GLints/dict_16_192_64_0p5_0p02_0036_0013.uasset" 5735
"/Engine/EngineMaterials/Substrate/GLints/dict_16_192_64_0p5_0p02_0036_0007" 5736
"/Engine/EngineMaterials/Substrate/GLints/dict_16_192_64_0p5_0p02_0036_0010" 5737
"/Engine/EngineMaterials/Substrate/GLints/dict_16_192_64_0p5_0p02_0036_0011" 5738
"/Engine/EngineMaterials/Substrate/GLints/dict_16_192_64_0p5_0p02_0036_0013" 5739
"/Engine/EngineMaterials/Substrate/GLints/dict_16_192_64_0p5_0p02_0036_0012" 5740
"../../../Engine/Content/EngineMaterials/Substrate/GLints/dict_16_192_64_0p5_0p02_0036_0009.uasset" 5741
"../../../Engine/Content/EngineMaterials/Substrate/GLints/dict_16_192_64_0p5_0p02_0036_0014.uasset" 5742
"../../../Engine/Content/EngineMaterials/Substrate/GLints/dict_16_192_64_0p5_0p02_0036_0015.uasset" 5743
"../../../Engine/Content/EngineMaterials/Substrate/GLints/dict_16_192_64_0p5_0p02_0037_0000.uasset" 5744
"../../../Engine/Content/EngineMaterials/Substrate/GLints/dict_16_192_64_0p5_0p02_0037_0002.uasset" 5745
"../../../Engine/Content/EngineMaterials/Substrate/GLints/dict_16_192_64_0p5_0p02_0036_0008.uasset" 5746
"../../../Engine/Content/EngineMaterials/Substrate/GLints/dict_16_192_64_0p5_0p02_0037_0004.uasset" 5747
"../../../Engine/Content/EngineMaterials/Substrate/GLints/dict_16_192_64_0p5_0p02_0037_0003.uasset" 5748
"/Engine/EngineMaterials/Substrate/GLints/dict_16_192_64_0p5_0p02_0037_0004" 5749
"/Engine/EngineMaterials/Substrate/GLints/dict_16_192_64_0p5_0p02_0036_0015" 5750
"/Engine/EngineMaterials/Substrate/GLints/dict_16_192_64_0p5_0p02_0036_0014" 5751
"/Engine/EngineMaterials/Substrate/GLints/dict_16_192_64_0p5_0p02_0036_0009" 5752
"/Engine/EngineMaterials/Substrate/GLints/dict_16_192_64_0p5_0p02_0037_0002" 5753
"/Engine/EngineMaterials/Substrate/GLints/dict_16_192_64_0p5_0p02_0037_0000" 5754
"/Engine/EngineMaterials/Substrate/GLints/dict_16_192_64_0p5_0p02_0036_0008" 5755
"/Engine/EngineMaterials/Substrate/GLints/dict_16_192_64_0p5_0p02_0037_0003" 5756
"../../../Engine/Content/EngineMaterials/Substrate/GLints/dict_16_192_64_0p5_0p02_0037_0005.uasset" 5757
"../../../Engine/Content/EngineMaterials/Substrate/GLints/dict_16_192_64_0p5_0p02_0037_0009.uasset" 5758
"../../../Engine/Content/EngineMaterials/Substrate/GLints/dict_16_192_64_0p5_0p02_0037_0006.uasset" 5759
"../../../Engine/Content/EngineMaterials/Substrate/GLints/dict_16_192_64_0p5_0p02_0037_0001.uasset" 5760
"/Engine/EngineMaterials/Substrate/GLints/dict_16_192_64_0p5_0p02_0037_0009" 5761
"/Engine/EngineMaterials/Substrate/GLints/dict_16_192_64_0p5_0p02_0037_0001" 5762
"/Engine/EngineMaterials/Substrate/GLints/dict_16_192_64_0p5_0p02_0037_0005" 5763
"/Engine/EngineMaterials/Substrate/GLints/dict_16_192_64_0p5_0p02_0037_0006" 5764
"../../../Engine/Content/EngineMaterials/Substrate/GLints/dict_16_192_64_0p5_0p02_0037_0010.uasset" 5765
"../../../Engine/Content/EngineMaterials/Substrate/GLints/dict_16_192_64_0p5_0p02_0036_0003.uasset" 5766
"../../../Engine/Content/EngineMaterials/Substrate/GLints/dict_16_192_64_0p5_0p02_0037_0012.uasset" 5767
"../../../Engine/Content/EngineMaterials/Substrate/GLints/dict_16_192_64_0p5_0p02_0037_0008.uasset" 5768
"../../../Engine/Content/EngineMaterials/Substrate/GLints/dict_16_192_64_0p5_0p02_0037_0007.uasset" 5769
"../../../Engine/Content/EngineMaterials/Substrate/GLints/dict_16_192_64_0p5_0p02_0037_0013.uasset" 5770
"../../../Engine/Content/EngineMaterials/Substrate/GLints/dict_16_192_64_0p5_0p02_0037_0014.uasset" 5771
"/Engine/EngineMaterials/Substrate/GLints/dict_16_192_64_0p5_0p02_0037_0010" 5772
"/Engine/EngineMaterials/Substrate/GLints/dict_16_192_64_0p5_0p02_0037_0014" 5773
"/Engine/EngineMaterials/Substrate/GLints/dict_16_192_64_0p5_0p02_0037_0008" 5774
"/Engine/EngineMaterials/Substrate/GLints/dict_16_192_64_0p5_0p02_0037_0013" 5775
"/Engine/EngineMaterials/Substrate/GLints/dict_16_192_64_0p5_0p02_0037_0012" 5776
"/Engine/EngineMaterials/Substrate/GLints/dict_16_192_64_0p5_0p02_0037_0007" 5777
"/Engine/EngineMaterials/Substrate/GLints/dict_16_192_64_0p5_0p02_0036_0003" 5778
"../../../Engine/Content/EngineMaterials/Substrate/GLints/dict_16_192_64_0p5_0p02_0038_0002.uasset" 5779
"../../../Engine/Content/EngineMaterials/Substrate/GLints/dict_16_192_64_0p5_0p02_0038_0003.uasset" 5780
"../../../Engine/Content/EngineMaterials/Substrate/GLints/dict_16_192_64_0p5_0p02_0037_0015.uasset" 5781
"../../../Engine/Content/EngineMaterials/Substrate/GLints/dict_16_192_64_0p5_0p02_0038_0004.uasset" 5782
"/Engine/EngineMaterials/Substrate/GLints/dict_16_192_64_0p5_0p02_0038_0004" 5783
"/Engine/EngineMaterials/Substrate/GLints/dict_16_192_64_0p5_0p02_0038_0003" 5784
"/Engine/EngineMaterials/Substrate/GLints/dict_16_192_64_0p5_0p02_0037_0015" 5785
"../../../Engine/Content/EngineMaterials/Substrate/GLints/dict_16_192_64_0p5_0p02_0038_0005.uasset" 5786
"/Engine/EngineMaterials/Substrate/GLints/dict_16_192_64_0p5_0p02_0038_0002" 5787
"/Engine/EngineMaterials/Substrate/GLints/dict_16_192_64_0p5_0p02_0038_0005" 5788
"../../../Engine/Content/EngineMaterials/Substrate/GLints/dict_16_192_64_0p5_0p02_0038_0007.uasset" 5789
"../../../Engine/Content/EngineMaterials/Substrate/GLints/dict_16_192_64_0p5_0p02_0038_0006.uasset" 5790
"../../../Engine/Content/EngineMaterials/Substrate/GLints/dict_16_192_64_0p5_0p02_0038_0009.uasset" 5791
"/Engine/EngineMaterials/Substrate/GLints/dict_16_192_64_0p5_0p02_0038_0009" 5792
"/Engine/EngineMaterials/Substrate/GLints/dict_16_192_64_0p5_0p02_0038_0007" 5793
"/Engine/EngineMaterials/Substrate/GLints/dict_16_192_64_0p5_0p02_0038_0006" 5794
"../../../Engine/Content/EngineMaterials/Substrate/GLints/dict_16_192_64_0p5_0p02_0038_0008.uasset" 5795
"../../../Engine/Content/EngineMaterials/Substrate/GLints/dict_16_192_64_0p5_0p02_0038_0011.uasset" 5796
"../../../Engine/Content/EngineMaterials/Substrate/GLints/dict_16_192_64_0p5_0p02_0037_0011.uasset" 5797
"../../../Engine/Content/EngineMaterials/Substrate/GLints/dict_16_192_64_0p5_0p02_0038_0000.uasset" 5798
"../../../Engine/Content/EngineMaterials/Substrate/GLints/dict_16_192_64_0p5_0p02_0038_0012.uasset" 5799
"../../../Engine/Content/EngineMaterials/Substrate/GLints/dict_16_192_64_0p5_0p02_0038_0013.uasset" 5800
"/Engine/EngineMaterials/Substrate/GLints/dict_16_192_64_0p5_0p02_0038_0000" 5801
"/Engine/EngineMaterials/Substrate/GLints/dict_16_192_64_0p5_0p02_0038_0008" 5802
"/Engine/EngineMaterials/Substrate/GLints/dict_16_192_64_0p5_0p02_0038_0013" 5803
"/Engine/EngineMaterials/Substrate/GLints/dict_16_192_64_0p5_0p02_0038_0012" 5804
"/Engine/EngineMaterials/Substrate/GLints/dict_16_192_64_0p5_0p02_0038_0011" 5805
"/Engine/EngineMaterials/Substrate/GLints/dict_16_192_64_0p5_0p02_0037_0011" 5806
"../../../Engine/Content/EngineMaterials/Substrate/GLints/dict_16_192_64_0p5_0p02_0038_0014.uasset" 5807
"../../../Engine/Content/EngineMaterials/Substrate/GLints/dict_16_192_64_0p5_0p02_0039_0001.uasset" 5808
"../../../Engine/Content/EngineMaterials/Substrate/GLints/dict_16_192_64_0p5_0p02_0039_0000.uasset" 5809
"../../../Engine/Content/EngineMaterials/Substrate/GLints/dict_16_192_64_0p5_0p02_0038_0015.uasset" 5810
"../../../Engine/Content/EngineMaterials/Substrate/GLints/dict_16_192_64_0p5_0p02_0039_0002.uasset" 5811
"../../../Engine/Content/EngineMaterials/Substrate/GLints/dict_16_192_64_0p5_0p02_0038_0001.uasset" 5812
"../../../Engine/Content/EngineMaterials/Substrate/GLints/dict_16_192_64_0p5_0p02_0039_0003.uasset" 5813
"/Engine/EngineMaterials/Substrate/GLints/dict_16_192_64_0p5_0p02_0039_0001" 5814
"/Engine/EngineMaterials/Substrate/GLints/dict_16_192_64_0p5_0p02_0039_0000" 5815
"/Engine/EngineMaterials/Substrate/GLints/dict_16_192_64_0p5_0p02_0038_0015" 5816
"/Engine/EngineMaterials/Substrate/GLints/dict_16_192_64_0p5_0p02_0039_0002" 5817
"/Engine/EngineMaterials/Substrate/GLints/dict_16_192_64_0p5_0p02_0039_0003" 5818
"/Engine/EngineMaterials/Substrate/GLints/dict_16_192_64_0p5_0p02_0038_0014" 5819
"../../../Engine/Content/EngineMaterials/Substrate/GLints/dict_16_192_64_0p5_0p02_0039_0006.uasset" 5820
"/Engine/EngineMaterials/Substrate/GLints/dict_16_192_64_0p5_0p02_0039_0006" 5821
"/Engine/EngineMaterials/Substrate/GLints/dict_16_192_64_0p5_0p02_0038_0001" 5822
"../../../Engine/Content/EngineMaterials/Substrate/GLints/dict_16_192_64_0p5_0p02_0039_0008.uasset" 5823
"../../../Engine/Content/EngineMaterials/Substrate/GLints/dict_16_192_64_0p5_0p02_0039_0009.uasset" 5824
"../../../Engine/Content/EngineMaterials/Substrate/GLints/dict_16_192_64_0p5_0p02_0039_0011.uasset" 5825
"../../../Engine/Content/EngineMaterials/Substrate/GLints/dict_16_192_64_0p5_0p02_0039_0005.uasset" 5826
"../../../Engine/Content/EngineMaterials/Substrate/GLints/dict_16_192_64_0p5_0p02_0039_0004.uasset" 5827
"/Engine/EngineMaterials/Substrate/GLints/dict_16_192_64_0p5_0p02_0039_0005" 5828
"/Engine/EngineMaterials/Substrate/GLints/dict_16_192_64_0p5_0p02_0039_0004" 5829
"/Engine/EngineMaterials/Substrate/GLints/dict_16_192_64_0p5_0p02_0039_0011" 5830
"/Engine/EngineMaterials/Substrate/GLints/dict_16_192_64_0p5_0p02_0039_0009" 5831
"../../../Engine/Content/EngineMaterials/Substrate/GLints/dict_16_192_64_0p5_0p02_0039_0013.uasset" 5832
"/Engine/EngineMaterials/Substrate/GLints/dict_16_192_64_0p5_0p02_0039_0008" 5833
"/Engine/EngineMaterials/Substrate/GLints/dict_16_192_64_0p5_0p02_0039_0013" 5834
"../../../Engine/Content/EngineMaterials/Substrate/GLints/dict_16_192_64_0p5_0p02_0039_0010.uasset" 5835
"/Engine/EngineMaterials/Substrate/GLints/dict_16_192_64_0p5_0p02_0039_0010" 5836
"../../../Engine/Content/EngineMaterials/Substrate/GLints/dict_16_192_64_0p5_0p02_0040_0000.uasset" 5837
"../../../Engine/Content/EngineMaterials/Substrate/GLints/dict_16_192_64_0p5_0p02_0039_0012.uasset" 5838
"../../../Engine/Content/EngineMaterials/Substrate/GLints/dict_16_192_64_0p5_0p02_0040_0001.uasset" 5839
"/Engine/EngineMaterials/Substrate/GLints/dict_16_192_64_0p5_0p02_0040_0000" 5840
"/Engine/EngineMaterials/Substrate/GLints/dict_16_192_64_0p5_0p02_0040_0001" 5841
"../../../Engine/Content/EngineMaterials/Substrate/GLints/dict_16_192_64_0p5_0p02_0040_0002.uasset" 5842
"../../../Engine/Content/EngineMaterials/Substrate/GLints/dict_16_192_64_0p5_0p02_0040_0004.uasset" 5843
"../../../Engine/Content/EngineMaterials/Substrate/GLints/dict_16_192_64_0p5_0p02_0039_0007.uasset" 5844
"../../../Engine/Content/EngineMaterials/Substrate/GLints/dict_16_192_64_0p5_0p02_0039_0014.uasset" 5845
"/Engine/EngineMaterials/Substrate/GLints/dict_16_192_64_0p5_0p02_0040_0002" 5846
"/Engine/EngineMaterials/Substrate/GLints/dict_16_192_64_0p5_0p02_0039_0012" 5847
"/Engine/EngineMaterials/Substrate/GLints/dict_16_192_64_0p5_0p02_0040_0004" 5848
"/Engine/EngineMaterials/Substrate/GLints/dict_16_192_64_0p5_0p02_0039_0014" 5849
"../../../Engine/Content/EngineMaterials/Substrate/GLints/dict_16_192_64_0p5_0p02_0040_0006.uasset" 5850
"../../../Engine/Content/EngineMaterials/Substrate/GLints/dict_16_192_64_0p5_0p02_0040_0007.uasset" 5851
"../../../Engine/Content/EngineMaterials/Substrate/GLints/dict_16_192_64_0p5_0p02_0039_0015.uasset" 5852
"../../../Engine/Content/EngineMaterials/Substrate/GLints/dict_16_192_64_0p5_0p02_0040_0005.uasset" 5853
"../../../Engine/Content/EngineMaterials/Substrate/GLints/dict_16_192_64_0p5_0p02_0040_0009.uasset" 5854
"../../../Engine/Content/EngineMaterials/Substrate/GLints/dict_16_192_64_0p5_0p02_0040_0003.uasset" 5855
"/Engine/EngineMaterials/Substrate/GLints/dict_16_192_64_0p5_0p02_0040_0005" 5856
"/Engine/EngineMaterials/Substrate/GLints/dict_16_192_64_0p5_0p02_0039_0015" 5857
"/Engine/EngineMaterials/Substrate/GLints/dict_16_192_64_0p5_0p02_0040_0009" 5858
"/Engine/EngineMaterials/Substrate/GLints/dict_16_192_64_0p5_0p02_0040_0007" 5859
"/Engine/EngineMaterials/Substrate/GLints/dict_16_192_64_0p5_0p02_0040_0003" 5860
"/Engine/EngineMaterials/Substrate/GLints/dict_16_192_64_0p5_0p02_0039_0007" 5861
"/Engine/EngineMaterials/Substrate/GLints/dict_16_192_64_0p5_0p02_0040_0006" 5862
"../../../Engine/Content/EngineMaterials/Substrate/GLints/dict_16_192_64_0p5_0p02_0040_0013.uasset" 5863
"../../../Engine/Content/EngineMaterials/Substrate/GLints/dict_16_192_64_0p5_0p02_0040_0011.uasset" 5864
"../../../Engine/Content/EngineMaterials/Substrate/GLints/dict_16_192_64_0p5_0p02_0040_0015.uasset" 5865
"../../../Engine/Content/EngineMaterials/Substrate/GLints/dict_16_192_64_0p5_0p02_0040_0014.uasset" 5866
"/Engine/EngineMaterials/Substrate/GLints/dict_16_192_64_0p5_0p02_0040_0015" 5867
"/Engine/EngineMaterials/Substrate/GLints/dict_16_192_64_0p5_0p02_0040_0014" 5868
"/Engine/EngineMaterials/Substrate/GLints/dict_16_192_64_0p5_0p02_0040_0011" 5869
"/Engine/EngineMaterials/Substrate/GLints/dict_16_192_64_0p5_0p02_0040_0013" 5870
"../../../Engine/Content/EngineMaterials/Substrate/GLints/dict_16_192_64_0p5_0p02_0041_0000.uasset" 5871
"../../../Engine/Content/EngineMaterials/Substrate/GLints/dict_16_192_64_0p5_0p02_0041_0001.uasset" 5872
"../../../Engine/Content/EngineMaterials/Substrate/GLints/dict_16_192_64_0p5_0p02_0040_0012.uasset" 5873
"../../../Engine/Content/EngineMaterials/Substrate/GLints/dict_16_192_64_0p5_0p02_0040_0008.uasset" 5874
"/Engine/EngineMaterials/Substrate/GLints/dict_16_192_64_0p5_0p02_0041_0001" 5875
"/Engine/EngineMaterials/Substrate/GLints/dict_16_192_64_0p5_0p02_0041_0000" 5876
"/Engine/EngineMaterials/Substrate/GLints/dict_16_192_64_0p5_0p02_0040_0012" 5877
"../../../Engine/Content/EngineMaterials/Substrate/GLints/dict_16_192_64_0p5_0p02_0038_0010.uasset" 5878
"/Engine/EngineMaterials/Substrate/GLints/dict_16_192_64_0p5_0p02_0040_0008" 5879
"/Engine/EngineMaterials/Substrate/GLints/dict_16_192_64_0p5_0p02_0038_0010" 5880
"../../../Engine/Content/EngineMaterials/Substrate/GLints/dict_16_192_64_0p5_0p02_0041_0003.uasset" 5881
"/Engine/EngineMaterials/Substrate/GLints/dict_16_192_64_0p5_0p02_0041_0003" 5882
"../../../Engine/Content/EngineMaterials/Substrate/GLints/dict_16_192_64_0p5_0p02_0041_0002.uasset" 5883
"../../../Engine/Content/EngineMaterials/Substrate/GLints/dict_16_192_64_0p5_0p02_0040_0010.uasset" 5884
"../../../Engine/Content/EngineMaterials/Substrate/GLints/dict_16_192_64_0p5_0p02_0041_0008.uasset" 5885
"../../../Engine/Content/EngineMaterials/Substrate/GLints/dict_16_192_64_0p5_0p02_0041_0006.uasset" 5886
"../../../Engine/Content/EngineMaterials/Substrate/GLints/dict_16_192_64_0p5_0p02_0041_0005.uasset" 5887
"/Engine/EngineMaterials/Substrate/GLints/dict_16_192_64_0p5_0p02_0041_0008" 5888
"/Engine/EngineMaterials/Substrate/GLints/dict_16_192_64_0p5_0p02_0040_0010" 5889
"/Engine/EngineMaterials/Substrate/GLints/dict_16_192_64_0p5_0p02_0041_0006" 5890
"/Engine/EngineMaterials/Substrate/GLints/dict_16_192_64_0p5_0p02_0041_0005" 5891
"/Engine/EngineMaterials/Substrate/GLints/dict_16_192_64_0p5_0p02_0041_0002" 5892
"../../../Engine/Content/EngineMaterials/Substrate/GLints/dict_16_192_64_0p5_0p02_0041_0011.uasset" 5893
"../../../Engine/Content/EngineMaterials/Substrate/GLints/dict_16_192_64_0p5_0p02_0041_0010.uasset" 5894
"../../../Engine/Content/EngineMaterials/Substrate/GLints/dict_16_192_64_0p5_0p02_0041_0004.uasset" 5895
"../../../Engine/Content/EngineMaterials/Substrate/GLints/dict_16_192_64_0p5_0p02_0041_0015.uasset" 5896
"../../../Engine/Content/EngineMaterials/Substrate/GLints/dict_16_192_64_0p5_0p02_0042_0000.uasset" 5897
"../../../Engine/Content/EngineMaterials/Substrate/GLints/dict_16_192_64_0p5_0p02_0041_0013.uasset" 5898
"../../../Engine/Content/EngineMaterials/Substrate/GLints/dict_16_192_64_0p5_0p02_0041_0012.uasset" 5899
"../../../Engine/Content/EngineMaterials/Substrate/GLints/dict_16_192_64_0p5_0p02_0041_0007.uasset" 5900
"../../../Engine/Content/EngineMaterials/Substrate/GLints/dict_16_192_64_0p5_0p02_0041_0014.uasset" 5901
"/Engine/EngineMaterials/Substrate/GLints/dict_16_192_64_0p5_0p02_0041_0007" 5902
"../../../Engine/Content/EngineMaterials/Substrate/GLints/dict_16_192_64_0p5_0p02_0042_0001.uasset" 5903
"/Engine/EngineMaterials/Substrate/GLints/dict_16_192_64_0p5_0p02_0042_0000" 5904
"/Engine/EngineMaterials/Substrate/GLints/dict_16_192_64_0p5_0p02_0041_0012" 5905
"/Engine/EngineMaterials/Substrate/GLints/dict_16_192_64_0p5_0p02_0041_0011" 5906
"/Engine/EngineMaterials/Substrate/GLints/dict_16_192_64_0p5_0p02_0041_0015" 5907
"/Engine/EngineMaterials/Substrate/GLints/dict_16_192_64_0p5_0p02_0041_0010" 5908
"/Engine/EngineMaterials/Substrate/GLints/dict_16_192_64_0p5_0p02_0041_0014" 5909
"/Engine/EngineMaterials/Substrate/GLints/dict_16_192_64_0p5_0p02_0041_0013" 5910
"/Engine/EngineMaterials/Substrate/GLints/dict_16_192_64_0p5_0p02_0041_0004" 5911
"/Engine/EngineMaterials/Substrate/GLints/dict_16_192_64_0p5_0p02_0042_0001" 5912
"../../../Engine/Content/EngineMaterials/Substrate/GLints/dict_16_192_64_0p5_0p02_0042_0002.uasset" 5913
"../../../Engine/Content/EngineMaterials/Substrate/GLints/dict_16_192_64_0p5_0p02_0042_0007.uasset" 5914
"/Engine/EngineMaterials/Substrate/GLints/dict_16_192_64_0p5_0p02_0042_0007" 5915
"../../../Engine/Content/EngineMaterials/Substrate/GLints/dict_16_192_64_0p5_0p02_0042_0006.uasset" 5916
"/Engine/EngineMaterials/Substrate/GLints/dict_16_192_64_0p5_0p02_0042_0002" 5917
"/Engine/EngineMaterials/Substrate/GLints/dict_16_192_64_0p5_0p02_0042_0006" 5918
"../../../Engine/Content/EngineMaterials/Substrate/GLints/dict_16_192_64_0p5_0p02_0042_0004.uasset" 5919
"../../../Engine/Content/EngineMaterials/Substrate/GLints/dict_16_192_64_0p5_0p02_0042_0008.uasset" 5920
"../../../Engine/Content/EngineMaterials/Substrate/GLints/dict_16_192_64_0p5_0p02_0042_0012.uasset" 5921
"../../../Engine/Content/EngineMaterials/Substrate/GLints/dict_16_192_64_0p5_0p02_0042_0010.uasset" 5922
"../../../Engine/Content/EngineMaterials/Substrate/GLints/dict_16_192_64_0p5_0p02_0042_0009.uasset" 5923
"/Engine/EngineMaterials/Substrate/GLints/dict_16_192_64_0p5_0p02_0042_0010" 5924
"/Engine/EngineMaterials/Substrate/GLints/dict_16_192_64_0p5_0p02_0042_0008" 5925
"../../../Engine/Content/EngineMaterials/Substrate/GLints/dict_16_192_64_0p5_0p02_0042_0013.uasset" 5926
"/Engine/EngineMaterials/Substrate/GLints/dict_16_192_64_0p5_0p02_0042_0012" 5927
"/Engine/EngineMaterials/Substrate/GLints/dict_16_192_64_0p5_0p02_0042_0004" 5928
"/Engine/EngineMaterials/Substrate/GLints/dict_16_192_64_0p5_0p02_0042_0009" 5929
"/Engine/EngineMaterials/Substrate/GLints/dict_16_192_64_0p5_0p02_0042_0013" 5930
"../../../Engine/Content/EngineMaterials/Substrate/GLints/dict_16_192_64_0p5_0p02_0042_0011.uasset" 5931
"../../../Engine/Content/EngineMaterials/Substrate/GLints/dict_16_192_64_0p5_0p02_0043_0001.uasset" 5932
"../../../Engine/Content/EngineMaterials/Substrate/GLints/dict_16_192_64_0p5_0p02_0042_0015.uasset" 5933
"../../../Engine/Content/EngineMaterials/Substrate/GLints/dict_16_192_64_0p5_0p02_0043_0000.uasset" 5934
"/Engine/EngineMaterials/Substrate/GLints/dict_16_192_64_0p5_0p02_0043_0001" 5935
"../../../Engine/Content/EngineMaterials/Substrate/GLints/dict_16_192_64_0p5_0p02_0043_0003.uasset" 5936
"/Engine/EngineMaterials/Substrate/GLints/dict_16_192_64_0p5_0p02_0043_0000" 5937
"/Engine/EngineMaterials/Substrate/GLints/dict_16_192_64_0p5_0p02_0042_0015" 5938
"/Engine/EngineMaterials/Substrate/GLints/dict_16_192_64_0p5_0p02_0042_0011" 5939
"/Engine/EngineMaterials/Substrate/GLints/dict_16_192_64_0p5_0p02_0043_0003" 5940
"../../../Engine/Content/EngineMaterials/Substrate/GLints/dict_16_192_64_0p5_0p02_0043_0002.uasset" 5941
"../../../Engine/Content/EngineMaterials/Substrate/GLints/dict_16_192_64_0p5_0p02_0042_0005.uasset" 5942
"../../../Engine/Content/EngineMaterials/Substrate/GLints/dict_16_192_64_0p5_0p02_0041_0009.uasset" 5943
"../../../Engine/Content/EngineMaterials/Substrate/GLints/dict_16_192_64_0p5_0p02_0043_0006.uasset" 5944
"../../../Engine/Content/EngineMaterials/Substrate/GLints/dict_16_192_64_0p5_0p02_0043_0007.uasset" 5945
"/Engine/EngineMaterials/Substrate/GLints/dict_16_192_64_0p5_0p02_0041_0009" 5946
"../../../Engine/Content/EngineMaterials/Substrate/GLints/dict_16_192_64_0p5_0p02_0043_0010.uasset" 5947
"/Engine/EngineMaterials/Substrate/GLints/dict_16_192_64_0p5_0p02_0043_0006" 5948
"../../../Engine/Content/EngineMaterials/Substrate/GLints/dict_16_192_64_0p5_0p02_0043_0005.uasset" 5949
"/Engine/EngineMaterials/Substrate/GLints/dict_16_192_64_0p5_0p02_0042_0005" 5950
"/Engine/EngineMaterials/Substrate/GLints/dict_16_192_64_0p5_0p02_0043_0007" 5951
"../../../Engine/Content/EngineMaterials/Substrate/GLints/dict_16_192_64_0p5_0p02_0043_0004.uasset" 5952
"/Engine/EngineMaterials/Substrate/GLints/dict_16_192_64_0p5_0p02_0043_0002" 5953
"/Engine/EngineMaterials/Substrate/GLints/dict_16_192_64_0p5_0p02_0043_0005" 5954
"../../../Engine/Content/EngineMaterials/Substrate/GLints/dict_16_192_64_0p5_0p02_0042_0014.uasset" 5955
"../../../Engine/Content/EngineMaterials/Substrate/GLints/dict_16_192_64_0p5_0p02_0043_0008.uasset" 5956
"/Engine/EngineMaterials/Substrate/GLints/dict_16_192_64_0p5_0p02_0043_0004" 5957
"/Engine/EngineMaterials/Substrate/GLints/dict_16_192_64_0p5_0p02_0043_0010" 5958
"/Engine/EngineMaterials/Substrate/GLints/dict_16_192_64_0p5_0p02_0042_0014" 5959
"/Engine/EngineMaterials/Substrate/GLints/dict_16_192_64_0p5_0p02_0043_0008" 5960
"../../../Engine/Content/EngineMaterials/Substrate/GLints/dict_16_192_64_0p5_0p02_0043_0012.uasset" 5961
"../../../Engine/Content/EngineMaterials/Substrate/GLints/dict_16_192_64_0p5_0p02_0043_0014.uasset" 5962
"../../../Engine/Content/EngineMaterials/Substrate/GLints/dict_16_192_64_0p5_0p02_0043_0015.uasset" 5963
"../../../Engine/Content/EngineMaterials/Substrate/GLints/dict_16_192_64_0p5_0p02_0043_0013.uasset" 5964
"../../../Engine/Content/EngineMaterials/Substrate/GLints/dict_16_192_64_0p5_0p02_0044_0001.uasset" 5965
"/Engine/EngineMaterials/Substrate/GLints/dict_16_192_64_0p5_0p02_0043_0015" 5966
"/Engine/EngineMaterials/Substrate/GLints/dict_16_192_64_0p5_0p02_0043_0014" 5967
"../../../Engine/Content/EngineMaterials/Substrate/GLints/dict_16_192_64_0p5_0p02_0043_0011.uasset" 5968
"/Engine/EngineMaterials/Substrate/GLints/dict_16_192_64_0p5_0p02_0043_0013" 5969
"/Engine/EngineMaterials/Substrate/GLints/dict_16_192_64_0p5_0p02_0043_0012" 5970
"/Engine/EngineMaterials/Substrate/GLints/dict_16_192_64_0p5_0p02_0044_0001" 5971
"../../../Engine/Content/EngineMaterials/Substrate/GLints/dict_16_192_64_0p5_0p02_0042_0003.uasset" 5972
"../../../Engine/Content/EngineMaterials/Substrate/GLints/dict_16_192_64_0p5_0p02_0044_0005.uasset" 5973
"../../../Engine/Content/EngineMaterials/Substrate/GLints/dict_16_192_64_0p5_0p02_0044_0004.uasset" 5974
"../../../Engine/Content/EngineMaterials/Substrate/GLints/dict_16_192_64_0p5_0p02_0044_0003.uasset" 5975
"../../../Engine/Content/EngineMaterials/Substrate/GLints/dict_16_192_64_0p5_0p02_0044_0002.uasset" 5976
"../../../Engine/Content/EngineMaterials/Substrate/GLints/dict_16_192_64_0p5_0p02_0044_0008.uasset" 5977
"../../../Engine/Content/EngineMaterials/Substrate/GLints/dict_16_192_64_0p5_0p02_0043_0009.uasset" 5978
"/Engine/EngineMaterials/Substrate/GLints/dict_16_192_64_0p5_0p02_0044_0003" 5979
"/Engine/EngineMaterials/Substrate/GLints/dict_16_192_64_0p5_0p02_0043_0011" 5980
"/Engine/EngineMaterials/Substrate/GLints/dict_16_192_64_0p5_0p02_0043_0009" 5981
"/Engine/EngineMaterials/Substrate/GLints/dict_16_192_64_0p5_0p02_0044_0008" 5982
"/Engine/EngineMaterials/Substrate/GLints/dict_16_192_64_0p5_0p02_0044_0005" 5983
"../../../Engine/Content/EngineMaterials/Substrate/GLints/dict_16_192_64_0p5_0p02_0044_0011.uasset" 5984
"/Engine/EngineMaterials/Substrate/GLints/dict_16_192_64_0p5_0p02_0044_0004" 5985
"/Engine/EngineMaterials/Substrate/GLints/dict_16_192_64_0p5_0p02_0042_0003" 5986
"/Engine/EngineMaterials/Substrate/GLints/dict_16_192_64_0p5_0p02_0044_0011" 5987
"/Engine/EngineMaterials/Substrate/GLints/dict_16_192_64_0p5_0p02_0044_0002" 5988
"../../../Engine/Content/EngineMaterials/Substrate/GLints/dict_16_192_64_0p5_0p02_0044_0014.uasset" 5989
"../../../Engine/Content/EngineMaterials/Substrate/GLints/dict_16_192_64_0p5_0p02_0044_0000.uasset" 5990
"../../../Engine/Content/EngineMaterials/Substrate/GLints/dict_16_192_64_0p5_0p02_0044_0007.uasset" 5991
"../../../Engine/Content/EngineMaterials/Substrate/GLints/dict_16_192_64_0p5_0p02_0044_0010.uasset" 5992
"../../../Engine/Content/EngineMaterials/Substrate/GLints/dict_16_192_64_0p5_0p02_0044_0006.uasset" 5993
"/Engine/EngineMaterials/Substrate/GLints/dict_16_192_64_0p5_0p02_0044_0010" 5994
"../../../Engine/Content/EngineMaterials/Substrate/GLints/dict_16_192_64_0p5_0p02_0044_0015.uasset" 5995
"/Engine/EngineMaterials/Substrate/GLints/dict_16_192_64_0p5_0p02_0044_0007" 5996
"/Engine/EngineMaterials/Substrate/GLints/dict_16_192_64_0p5_0p02_0044_0014" 5997
"../../../Engine/Content/EngineMaterials/Substrate/GLints/dict_16_192_64_0p5_0p02_0045_0000.uasset" 5998
"/Engine/EngineMaterials/Substrate/GLints/dict_16_192_64_0p5_0p02_0044_0006" 5999
"/Engine/EngineMaterials/Substrate/GLints/dict_16_192_64_0p5_0p02_0044_0000" 6000
"/Engine/EngineMaterials/Substrate/GLints/dict_16_192_64_0p5_0p02_0045_0000" 6001
"/Engine/EngineMaterials/Substrate/GLints/dict_16_192_64_0p5_0p02_0044_0015" 6002
"../../../Engine/Content/EngineMaterials/Substrate/GLints/dict_16_192_64_0p5_0p02_0045_0003.uasset" 6003
"../../../Engine/Content/EngineMaterials/Substrate/GLints/dict_16_192_64_0p5_0p02_0045_0004.uasset" 6004
"../../../Engine/Content/EngineMaterials/Substrate/GLints/dict_16_192_64_0p5_0p02_0045_0002.uasset" 6005
"../../../Engine/Content/EngineMaterials/Substrate/GLints/dict_16_192_64_0p5_0p02_0044_0009.uasset" 6006
"/Engine/EngineMaterials/Substrate/GLints/dict_16_192_64_0p5_0p02_0045_0003" 6007
"../../../Engine/Content/EngineMaterials/Substrate/GLints/dict_16_192_64_0p5_0p02_0044_0013.uasset" 6008
"/Engine/EngineMaterials/Substrate/GLints/dict_16_192_64_0p5_0p02_0045_0002" 6009
"/Engine/EngineMaterials/Substrate/GLints/dict_16_192_64_0p5_0p02_0044_0009" 6010
"../../../Engine/Content/EngineMaterials/Substrate/GLints/dict_16_192_64_0p5_0p02_0045_0007.uasset" 6011
"/Engine/EngineMaterials/Substrate/GLints/dict_16_192_64_0p5_0p02_0045_0004" 6012
"/Engine/EngineMaterials/Substrate/GLints/dict_16_192_64_0p5_0p02_0044_0013" 6013
"/Engine/EngineMaterials/Substrate/GLints/dict_16_192_64_0p5_0p02_0045_0007" 6014
"../../../Engine/Content/EngineMaterials/Substrate/GLints/dict_16_192_64_0p5_0p02_0045_0011.uasset" 6015
"../../../Engine/Content/EngineMaterials/Substrate/GLints/dict_16_192_64_0p5_0p02_0045_0006.uasset" 6016
"../../../Engine/Content/EngineMaterials/Substrate/GLints/dict_16_192_64_0p5_0p02_0045_0010.uasset" 6017
"../../../Engine/Content/EngineMaterials/Substrate/GLints/dict_16_192_64_0p5_0p02_0045_0009.uasset" 6018
"../../../Engine/Content/EngineMaterials/Substrate/GLints/dict_16_192_64_0p5_0p02_0045_0012.uasset" 6019
"/Engine/EngineMaterials/Substrate/GLints/dict_16_192_64_0p5_0p02_0045_0012" 6020
"../../../Engine/Content/EngineMaterials/Substrate/GLints/dict_16_192_64_0p5_0p02_0045_0005.uasset" 6021
"/Engine/EngineMaterials/Substrate/GLints/dict_16_192_64_0p5_0p02_0045_0011" 6022
"/Engine/EngineMaterials/Substrate/GLints/dict_16_192_64_0p5_0p02_0045_0010" 6023
"/Engine/EngineMaterials/Substrate/GLints/dict_16_192_64_0p5_0p02_0045_0009" 6024
"/Engine/EngineMaterials/Substrate/GLints/dict_16_192_64_0p5_0p02_0045_0006" 6025
"../../../Engine/Content/EngineMaterials/Substrate/GLints/dict_16_192_64_0p5_0p02_0045_0014.uasset" 6026
"/Engine/EngineMaterials/Substrate/GLints/dict_16_192_64_0p5_0p02_0045_0005" 6027
"../../../Engine/Content/EngineMaterials/Substrate/GLints/dict_16_192_64_0p5_0p02_0046_0000.uasset" 6028
"../../../Engine/Content/EngineMaterials/Substrate/GLints/dict_16_192_64_0p5_0p02_0044_0012.uasset" 6029
"../../../Engine/Content/EngineMaterials/Substrate/GLints/dict_16_192_64_0p5_0p02_0045_0013.uasset" 6030
"../../../Engine/Content/EngineMaterials/Substrate/GLints/dict_16_192_64_0p5_0p02_0045_0008.uasset" 6031
"../../../Engine/Content/EngineMaterials/Substrate/GLints/dict_16_192_64_0p5_0p02_0046_0002.uasset" 6032
"../../../Engine/Content/EngineMaterials/Substrate/GLints/dict_16_192_64_0p5_0p02_0045_0015.uasset" 6033
"../../../Engine/Content/EngineMaterials/Substrate/GLints/dict_16_192_64_0p5_0p02_0046_0004.uasset" 6034
"/Engine/EngineMaterials/Substrate/GLints/dict_16_192_64_0p5_0p02_0044_0012" 6035
"/Engine/EngineMaterials/Substrate/GLints/dict_16_192_64_0p5_0p02_0045_0008" 6036
"../../../Engine/Content/EngineMaterials/Substrate/GLints/dict_16_192_64_0p5_0p02_0046_0001.uasset" 6037
"/Engine/EngineMaterials/Substrate/GLints/dict_16_192_64_0p5_0p02_0046_0004" 6038
"/Engine/EngineMaterials/Substrate/GLints/dict_16_192_64_0p5_0p02_0046_0002" 6039
"/Engine/EngineMaterials/Substrate/GLints/dict_16_192_64_0p5_0p02_0046_0000" 6040
"/Engine/EngineMaterials/Substrate/GLints/dict_16_192_64_0p5_0p02_0045_0015" 6041
"/Engine/EngineMaterials/Substrate/GLints/dict_16_192_64_0p5_0p02_0045_0014" 6042
"/Engine/EngineMaterials/Substrate/GLints/dict_16_192_64_0p5_0p02_0045_0013" 6043
"/Engine/EngineMaterials/Substrate/GLints/dict_16_192_64_0p5_0p02_0046_0001" 6044
"../../../Engine/Content/EngineMaterials/Substrate/GLints/dict_16_192_64_0p5_0p02_0046_0005.uasset" 6045
"/Engine/EngineMaterials/Substrate/GLints/dict_16_192_64_0p5_0p02_0046_0005" 6046
"../../../Engine/Content/EngineMaterials/Substrate/GLints/dict_16_192_64_0p5_0p02_0046_0006.uasset" 6047
"../../../Engine/Content/EngineMaterials/Substrate/GLints/dict_16_192_64_0p5_0p02_0046_0008.uasset" 6048
"../../../Engine/Content/EngineMaterials/Substrate/GLints/dict_16_192_64_0p5_0p02_0046_0003.uasset" 6049
"../../../Engine/Content/EngineMaterials/Substrate/GLints/dict_16_192_64_0p5_0p02_0046_0009.uasset" 6050
"../../../Engine/Content/EngineMaterials/Substrate/GLints/dict_16_192_64_0p5_0p02_0046_0010.uasset" 6051
"/Engine/EngineMaterials/Substrate/GLints/dict_16_192_64_0p5_0p02_0046_0006" 6052
"../../../Engine/Content/EngineMaterials/Substrate/GLints/dict_16_192_64_0p5_0p02_0046_0012.uasset" 6053
"/Engine/EngineMaterials/Substrate/GLints/dict_16_192_64_0p5_0p02_0046_0003" 6054
"/Engine/EngineMaterials/Substrate/GLints/dict_16_192_64_0p5_0p02_0046_0009" 6055
"/Engine/EngineMaterials/Substrate/GLints/dict_16_192_64_0p5_0p02_0046_0008" 6056
"/Engine/EngineMaterials/Substrate/GLints/dict_16_192_64_0p5_0p02_0046_0012" 6057
"../../../Engine/Content/EngineMaterials/Substrate/GLints/dict_16_192_64_0p5_0p02_0046_0014.uasset" 6058
"../../../Engine/Content/EngineMaterials/Substrate/GLints/dict_16_192_64_0p5_0p02_0046_0015.uasset" 6059
"../../../Engine/Content/EngineMaterials/Substrate/GLints/dict_16_192_64_0p5_0p02_0047_0000.uasset" 6060
"/Engine/EngineMaterials/Substrate/GLints/dict_16_192_64_0p5_0p02_0047_0000" 6061
"/Engine/EngineMaterials/Substrate/GLints/dict_16_192_64_0p5_0p02_0046_0010" 6062
"/Engine/EngineMaterials/Substrate/GLints/dict_16_192_64_0p5_0p02_0046_0015" 6063
"/Engine/EngineMaterials/Substrate/GLints/dict_16_192_64_0p5_0p02_0046_0014" 6064
"../../../Engine/Content/EngineMaterials/Substrate/GLints/dict_16_192_64_0p5_0p02_0047_0002.uasset" 6065
"../../../Engine/Content/EngineMaterials/Substrate/GLints/dict_16_192_64_0p5_0p02_0047_0003.uasset" 6066
"../../../Engine/Content/EngineMaterials/Substrate/GLints/dict_16_192_64_0p5_0p02_0046_0013.uasset" 6067
"../../../Engine/Content/EngineMaterials/Substrate/GLints/dict_16_192_64_0p5_0p02_0047_0004.uasset" 6068
"../../../Engine/Content/EngineMaterials/Substrate/GLints/dict_16_192_64_0p5_0p02_0047_0001.uasset" 6069
"../../../Engine/Content/EngineMaterials/Substrate/GLints/dict_16_192_64_0p5_0p02_0046_0011.uasset" 6070
"../../../Engine/Content/EngineMaterials/Substrate/GLints/dict_16_192_64_0p5_0p02_0047_0005.uasset" 6071
"../../../Engine/Content/EngineMaterials/Substrate/GLints/dict_16_192_64_0p5_0p02_0047_0006.uasset" 6072
"/Engine/EngineMaterials/Substrate/GLints/dict_16_192_64_0p5_0p02_0047_0001" 6073
"../../../Engine/Content/EngineMaterials/Substrate/GLints/dict_16_192_64_0p5_0p02_0047_0007.uasset" 6074
"/Engine/EngineMaterials/Substrate/GLints/dict_16_192_64_0p5_0p02_0047_0003" 6075
"/Engine/EngineMaterials/Substrate/GLints/dict_16_192_64_0p5_0p02_0046_0011" 6076
"/Engine/EngineMaterials/Substrate/GLints/dict_16_192_64_0p5_0p02_0047_0006" 6077
"../../../Engine/Content/EngineMaterials/Substrate/GLints/dict_16_192_64_0p5_0p02_0046_0007.uasset" 6078
"/Engine/EngineMaterials/Substrate/GLints/dict_16_192_64_0p5_0p02_0047_0002" 6079
"/Engine/EngineMaterials/Substrate/GLints/dict_16_192_64_0p5_0p02_0046_0013" 6080
"../../../Engine/Content/EngineMaterials/Substrate/GLints/dict_16_192_64_0p5_0p02_0045_0001.uasset" 6081
"/Engine/EngineMaterials/Substrate/GLints/dict_16_192_64_0p5_0p02_0047_0007" 6082
"/Engine/EngineMaterials/Substrate/GLints/dict_16_192_64_0p5_0p02_0047_0005" 6083
"../../../Engine/Content/EngineMaterials/Substrate/GLints/dict_16_192_64_0p5_0p02_0047_0008.uasset" 6084
"/Engine/EngineMaterials/Substrate/GLints/dict_16_192_64_0p5_0p02_0047_0004" 6085
"/Engine/EngineMaterials/Substrate/GLints/dict_16_192_64_0p5_0p02_0046_0007" 6086
"/Engine/EngineMaterials/Substrate/GLints/dict_16_192_64_0p5_0p02_0045_0001" 6087
"../../../Engine/Content/EngineMaterials/Substrate/GLints/dict_16_192_64_0p5_0p02_0047_0009.uasset" 6088
"../../../Engine/Content/EngineMaterials/Substrate/GLints/dict_16_192_64_0p5_0p02_0047_0013.uasset" 6089
"../../../Engine/Content/EngineMaterials/Substrate/GLints/dict_16_192_64_0p5_0p02_0047_0011.uasset" 6090
"../../../Engine/Content/EngineMaterials/Substrate/GLints/dict_16_192_64_0p5_0p02_0047_0012.uasset" 6091
"../../../Engine/Content/EngineMaterials/Substrate/GLints/dict_16_192_64_0p5_0p02_0047_0015.uasset" 6092
"/Engine/EngineMaterials/Substrate/GLints/dict_16_192_64_0p5_0p02_0047_0008" 6093
"../../../Engine/Content/EngineMaterials/Substrate/GLints/dict_16_192_64_0p5_0p02_0048_0001.uasset" 6094
"/Engine/EngineMaterials/Substrate/GLints/dict_16_192_64_0p5_0p02_0047_0015" 6095
"/Engine/EngineMaterials/Substrate/GLints/dict_16_192_64_0p5_0p02_0047_0009" 6096
"/Engine/EngineMaterials/Substrate/GLints/dict_16_192_64_0p5_0p02_0047_0013" 6097
"/Engine/EngineMaterials/Substrate/GLints/dict_16_192_64_0p5_0p02_0047_0012" 6098
"/Engine/EngineMaterials/Substrate/GLints/dict_16_192_64_0p5_0p02_0047_0011" 6099
"/Engine/EngineMaterials/Substrate/GLints/dict_16_192_64_0p5_0p02_0048_0001" 6100
"../../../Engine/Content/EngineMaterials/Substrate/GLints/dict_16_192_64_0p5_0p02_0047_0010.uasset" 6101
"../../../Engine/Content/EngineMaterials/Substrate/GLints/dict_16_192_64_0p5_0p02_0048_0005.uasset" 6102
"../../../Engine/Content/EngineMaterials/Substrate/GLints/dict_16_192_64_0p5_0p02_0047_0014.uasset" 6103
"../../../Engine/Content/EngineMaterials/Substrate/GLints/dict_16_192_64_0p5_0p02_0048_0004.uasset" 6104
"../../../Engine/Content/EngineMaterials/Substrate/GLints/dict_16_192_64_0p5_0p02_0048_0000.uasset" 6105
"../../../Engine/Content/EngineMaterials/Substrate/GLints/dict_16_192_64_0p5_0p02_0048_0002.uasset" 6106
"../../../Engine/Content/EngineMaterials/Substrate/GLints/dict_16_192_64_0p5_0p02_0048_0008.uasset" 6107
"../../../Engine/Content/EngineMaterials/Substrate/GLints/dict_16_192_64_0p5_0p02_0048_0006.uasset" 6108
"../../../Engine/Content/EngineMaterials/Substrate/GLints/dict_16_192_64_0p5_0p02_0048_0007.uasset" 6109
"../../../Engine/Content/EngineMaterials/Substrate/GLints/dict_16_192_64_0p5_0p02_0048_0009.uasset" 6110
"../../../Engine/Content/EngineMaterials/Substrate/GLints/dict_16_192_64_0p5_0p02_0048_0012.uasset" 6111
"/Engine/EngineMaterials/Substrate/GLints/dict_16_192_64_0p5_0p02_0048_0007" 6112
"/Engine/EngineMaterials/Substrate/GLints/dict_16_192_64_0p5_0p02_0048_0000" 6113
"/Engine/EngineMaterials/Substrate/GLints/dict_16_192_64_0p5_0p02_0048_0006" 6114
"/Engine/EngineMaterials/Substrate/GLints/dict_16_192_64_0p5_0p02_0048_0009" 6115
"/Engine/EngineMaterials/Substrate/GLints/dict_16_192_64_0p5_0p02_0047_0014" 6116
"/Engine/EngineMaterials/Substrate/GLints/dict_16_192_64_0p5_0p02_0048_0005" 6117
"/Engine/EngineMaterials/Substrate/GLints/dict_16_192_64_0p5_0p02_0048_0004" 6118
"/Engine/EngineMaterials/Substrate/GLints/dict_16_192_64_0p5_0p02_0048_0002" 6119
"/Engine/EngineMaterials/Substrate/GLints/dict_16_192_64_0p5_0p02_0047_0010" 6120
"/Engine/EngineMaterials/Substrate/GLints/dict_16_192_64_0p5_0p02_0048_0008" 6121
"../../../Engine/Content/EngineMaterials/Substrate/GLints/dict_16_192_64_0p5_0p02_0048_0011.uasset" 6122
"../../../Engine/Content/EngineMaterials/Substrate/GLints/dict_16_192_64_0p5_0p02_0049_0000.uasset" 6123
"../../../Engine/Content/EngineMaterials/Substrate/GLints/dict_16_192_64_0p5_0p02_0048_0014.uasset" 6124
"../../../Engine/Content/EngineMaterials/Substrate/GLints/dict_16_192_64_0p5_0p02_0049_0003.uasset" 6125
"../../../Engine/Content/EngineMaterials/Substrate/GLints/dict_16_192_64_0p5_0p02_0049_0001.uasset" 6126
"../../../Engine/Content/EngineMaterials/Substrate/GLints/dict_16_192_64_0p5_0p02_0049_0002.uasset" 6127
"/Engine/EngineMaterials/Substrate/GLints/dict_16_192_64_0p5_0p02_0049_0001" 6128
"/Engine/EngineMaterials/Substrate/GLints/dict_16_192_64_0p5_0p02_0048_0012" 6129
"/Engine/EngineMaterials/Substrate/GLints/dict_16_192_64_0p5_0p02_0049_0000" 6130
"/Engine/EngineMaterials/Substrate/GLints/dict_16_192_64_0p5_0p02_0048_0011" 6131
"/Engine/EngineMaterials/Substrate/GLints/dict_16_192_64_0p5_0p02_0048_0014" 6132
"/Engine/EngineMaterials/Substrate/GLints/dict_16_192_64_0p5_0p02_0049_0003" 6133
"/Engine/EngineMaterials/Substrate/GLints/dict_16_192_64_0p5_0p02_0049_0002" 6134
"../../../Engine/Content/EngineMaterials/Substrate/GLints/dict_16_192_64_0p5_0p02_0049_0004.uasset" 6135
"../../../Engine/Content/EngineMaterials/Substrate/GLints/dict_16_192_64_0p5_0p02_0049_0005.uasset" 6136
"../../../Engine/Content/EngineMaterials/Substrate/GLints/dict_16_192_64_0p5_0p02_0049_0007.uasset" 6137
"../../../Engine/Content/EngineMaterials/Substrate/GLints/dict_16_192_64_0p5_0p02_0048_0003.uasset" 6138
"../../../Engine/Content/EngineMaterials/Substrate/GLints/dict_16_192_64_0p5_0p02_0049_0010.uasset" 6139
"/Engine/EngineMaterials/Substrate/GLints/dict_16_192_64_0p5_0p02_0048_0003" 6140
"../../../Engine/Content/EngineMaterials/Substrate/GLints/dict_16_192_64_0p5_0p02_0049_0009.uasset" 6141
"/Engine/EngineMaterials/Substrate/GLints/dict_16_192_64_0p5_0p02_0049_0005" 6142
"/Engine/EngineMaterials/Substrate/GLints/dict_16_192_64_0p5_0p02_0049_0004" 6143
"/Engine/EngineMaterials/Substrate/GLints/dict_16_192_64_0p5_0p02_0049_0007" 6144
"/Engine/EngineMaterials/Substrate/GLints/dict_16_192_64_0p5_0p02_0049_0010" 6145
"../../../Engine/Content/EngineMaterials/Substrate/GLints/dict_16_192_64_0p5_0p02_0049_0006.uasset" 6146
"../../../Engine/Content/EngineMaterials/Substrate/GLints/dict_16_192_64_0p5_0p02_0048_0015.uasset" 6147
"../../../Engine/Content/EngineMaterials/Substrate/GLints/dict_16_192_64_0p5_0p02_0049_0008.uasset" 6148
"../../../Engine/Content/EngineMaterials/Substrate/GLints/dict_16_192_64_0p5_0p02_0049_0013.uasset" 6149
"../../../Engine/Content/EngineMaterials/Substrate/GLints/dict_16_192_64_0p5_0p02_0049_0011.uasset" 6150
"/Engine/EngineMaterials/Substrate/GLints/dict_16_192_64_0p5_0p02_0049_0013" 6151
"/Engine/EngineMaterials/Substrate/GLints/dict_16_192_64_0p5_0p02_0049_0006" 6152
"/Engine/EngineMaterials/Substrate/GLints/dict_16_192_64_0p5_0p02_0048_0015" 6153
"/Engine/EngineMaterials/Substrate/GLints/dict_16_192_64_0p5_0p02_0049_0011" 6154
"../../../Engine/Content/EngineMaterials/Substrate/GLints/dict_16_192_64_0p5_0p02_0049_0014.uasset" 6155
"/Engine/EngineMaterials/Substrate/GLints/dict_16_192_64_0p5_0p02_0049_0009" 6156
"/Engine/EngineMaterials/Substrate/GLints/dict_16_192_64_0p5_0p02_0049_0008" 6157
"/Engine/EngineMaterials/Substrate/GLints/dict_16_192_64_0p5_0p02_0049_0014" 6158
"../../../Engine/Content/EngineMaterials/Substrate/GLints/dict_16_192_64_0p5_0p02_0050_0002.uasset" 6159
"../../../Engine/Content/EngineMaterials/Substrate/GLints/dict_16_192_64_0p5_0p02_0050_0000.uasset" 6160
"../../../Engine/Content/EngineMaterials/Substrate/GLints/dict_16_192_64_0p5_0p02_0050_0001.uasset" 6161
"../../../Engine/Content/EngineMaterials/Substrate/GLints/dict_16_192_64_0p5_0p02_0050_0003.uasset" 6162
"/Engine/EngineMaterials/Substrate/GLints/dict_16_192_64_0p5_0p02_0050_0003" 6163
"/Engine/EngineMaterials/Substrate/GLints/dict_16_192_64_0p5_0p02_0050_0002" 6164
"../../../Engine/Content/EngineMaterials/Substrate/GLints/dict_16_192_64_0p5_0p02_0050_0004.uasset" 6165
"/Engine/EngineMaterials/Substrate/GLints/dict_16_192_64_0p5_0p02_0050_0001" 6166
"/Engine/EngineMaterials/Substrate/GLints/dict_16_192_64_0p5_0p02_0050_0000" 6167
"../../../Engine/Content/EngineMaterials/Substrate/GLints/dict_16_192_64_0p5_0p02_0050_0007.uasset" 6168
"/Engine/EngineMaterials/Substrate/GLints/dict_16_192_64_0p5_0p02_0050_0007" 6169
"/Engine/EngineMaterials/Substrate/GLints/dict_16_192_64_0p5_0p02_0050_0004" 6170
"../../../Engine/Content/EngineMaterials/Substrate/GLints/dict_16_192_64_0p5_0p02_0050_0008.uasset" 6171
"../../../Engine/Content/EngineMaterials/Substrate/GLints/dict_16_192_64_0p5_0p02_0050_0005.uasset" 6172
"../../../Engine/Content/EngineMaterials/Substrate/GLints/dict_16_192_64_0p5_0p02_0048_0010.uasset" 6173
"../../../Engine/Content/EngineMaterials/Substrate/GLints/dict_16_192_64_0p5_0p02_0050_0010.uasset" 6174
"/Engine/EngineMaterials/Substrate/GLints/dict_16_192_64_0p5_0p02_0050_0008" 6175
"/Engine/EngineMaterials/Substrate/GLints/dict_16_192_64_0p5_0p02_0048_0010" 6176
"../../../Engine/Content/EngineMaterials/Substrate/GLints/dict_16_192_64_0p5_0p02_0049_0012.uasset" 6177
"/Engine/EngineMaterials/Substrate/GLints/dict_16_192_64_0p5_0p02_0050_0005" 6178
"/Engine/EngineMaterials/Substrate/GLints/dict_16_192_64_0p5_0p02_0050_0010" 6179
"/Engine/EngineMaterials/Substrate/GLints/dict_16_192_64_0p5_0p02_0049_0012" 6180
"../../../Engine/Content/EngineMaterials/Substrate/GLints/dict_16_192_64_0p5_0p02_0050_0009.uasset" 6181
"../../../Engine/Content/EngineMaterials/Substrate/GLints/dict_16_192_64_0p5_0p02_0049_0015.uasset" 6182
"../../../Engine/Content/EngineMaterials/Substrate/GLints/dict_16_192_64_0p5_0p02_0050_0013.uasset" 6183
"../../../Engine/Content/EngineMaterials/Substrate/GLints/dict_16_192_64_0p5_0p02_0050_0011.uasset" 6184
"../../../Engine/Content/EngineMaterials/Substrate/GLints/dict_16_192_64_0p5_0p02_0050_0012.uasset" 6185
"/Engine/EngineMaterials/Substrate/GLints/dict_16_192_64_0p5_0p02_0050_0013" 6186
"/Engine/EngineMaterials/Substrate/GLints/dict_16_192_64_0p5_0p02_0050_0012" 6187
"/Engine/EngineMaterials/Substrate/GLints/dict_16_192_64_0p5_0p02_0050_0011" 6188
"/Engine/EngineMaterials/Substrate/GLints/dict_16_192_64_0p5_0p02_0049_0015" 6189
"/Engine/EngineMaterials/Substrate/GLints/dict_16_192_64_0p5_0p02_0050_0009" 6190
"../../../Engine/Content/EngineMaterials/Substrate/GLints/dict_16_192_64_0p5_0p02_0051_0003.uasset" 6191
"/Engine/EngineMaterials/Substrate/GLints/dict_16_192_64_0p5_0p02_0051_0003" 6192
"../../../Engine/Content/EngineMaterials/Substrate/GLints/dict_16_192_64_0p5_0p02_0050_0015.uasset" 6193
"../../../Engine/Content/EngineMaterials/Substrate/GLints/dict_16_192_64_0p5_0p02_0051_0001.uasset" 6194
"../../../Engine/Content/EngineMaterials/Substrate/GLints/dict_16_192_64_0p5_0p02_0050_0006.uasset" 6195
"../../../Engine/Content/EngineMaterials/Substrate/GLints/dict_16_192_64_0p5_0p02_0051_0005.uasset" 6196
"/Engine/EngineMaterials/Substrate/GLints/dict_16_192_64_0p5_0p02_0050_0015" 6197
"/Engine/EngineMaterials/Substrate/GLints/dict_16_192_64_0p5_0p02_0050_0006" 6198
"/Engine/EngineMaterials/Substrate/GLints/dict_16_192_64_0p5_0p02_0051_0001" 6199
"/Engine/EngineMaterials/Substrate/GLints/dict_16_192_64_0p5_0p02_0051_0005" 6200
"../../../Engine/Content/EngineMaterials/Substrate/GLints/dict_16_192_64_0p5_0p02_0051_0000.uasset" 6201
"../../../Engine/Content/EngineMaterials/Substrate/GLints/dict_16_192_64_0p5_0p02_0051_0004.uasset" 6202
"../../../Engine/Content/EngineMaterials/Substrate/GLints/dict_16_192_64_0p5_0p02_0051_0007.uasset" 6203
"../../../Engine/Content/EngineMaterials/Substrate/GLints/dict_16_192_64_0p5_0p02_0051_0006.uasset" 6204
"../../../Engine/Content/EngineMaterials/Substrate/GLints/dict_16_192_64_0p5_0p02_0051_0002.uasset" 6205
"../../../Engine/Content/EngineMaterials/Substrate/GLints/dict_16_192_64_0p5_0p02_0051_0008.uasset" 6206
"../../../Engine/Content/EngineMaterials/Substrate/GLints/dict_16_192_64_0p5_0p02_0051_0010.uasset" 6207
"../../../Engine/Content/EngineMaterials/Substrate/GLints/dict_16_192_64_0p5_0p02_0051_0011.uasset" 6208
"/Engine/EngineMaterials/Substrate/GLints/dict_16_192_64_0p5_0p02_0051_0011" 6209
"/Engine/EngineMaterials/Substrate/GLints/dict_16_192_64_0p5_0p02_0051_0004" 6210
"/Engine/EngineMaterials/Substrate/GLints/dict_16_192_64_0p5_0p02_0051_0008" 6211
"/Engine/EngineMaterials/Substrate/GLints/dict_16_192_64_0p5_0p02_0051_0002" 6212
"/Engine/EngineMaterials/Substrate/GLints/dict_16_192_64_0p5_0p02_0051_0007" 6213
"../../../Engine/Content/EngineMaterials/Substrate/GLints/dict_16_192_64_0p5_0p02_0051_0013.uasset" 6214
"/Engine/EngineMaterials/Substrate/GLints/dict_16_192_64_0p5_0p02_0051_0000" 6215
"/Engine/EngineMaterials/Substrate/GLints/dict_16_192_64_0p5_0p02_0051_0006" 6216
"/Engine/EngineMaterials/Substrate/GLints/dict_16_192_64_0p5_0p02_0051_0013" 6217
"../../../Engine/Content/EngineMaterials/Substrate/GLints/dict_16_192_64_0p5_0p02_0050_0014.uasset" 6218
"../../../Engine/Content/EngineMaterials/Substrate/GLints/dict_16_192_64_0p5_0p02_0048_0013.uasset" 6219
"../../../Engine/Content/EngineMaterials/Substrate/GLints/dict_16_192_64_0p5_0p02_0051_0015.uasset" 6220
"../../../Engine/Content/EngineMaterials/Substrate/GLints/dict_16_192_64_0p5_0p02_0051_0014.uasset" 6221
"../../../Engine/Content/EngineMaterials/Substrate/GLints/dict_16_192_64_0p5_0p02_0052_0003.uasset" 6222
"/Engine/EngineMaterials/Substrate/GLints/dict_16_192_64_0p5_0p02_0050_0014" 6223
"../../../Engine/Content/EngineMaterials/Substrate/GLints/dict_16_192_64_0p5_0p02_0052_0000.uasset" 6224
"../../../Engine/Content/EngineMaterials/Substrate/GLints/dict_16_192_64_0p5_0p02_0051_0012.uasset" 6225
"../../../Engine/Content/EngineMaterials/Substrate/GLints/dict_16_192_64_0p5_0p02_0052_0004.uasset" 6226
"/Engine/EngineMaterials/Substrate/GLints/dict_16_192_64_0p5_0p02_0051_0010" 6227
"/Engine/EngineMaterials/Substrate/GLints/dict_16_192_64_0p5_0p02_0052_0003" 6228
"/Engine/EngineMaterials/Substrate/GLints/dict_16_192_64_0p5_0p02_0051_0015" 6229
"/Engine/EngineMaterials/Substrate/GLints/dict_16_192_64_0p5_0p02_0051_0014" 6230
"/Engine/EngineMaterials/Substrate/GLints/dict_16_192_64_0p5_0p02_0048_0013" 6231
"/Engine/EngineMaterials/Substrate/GLints/dict_16_192_64_0p5_0p02_0052_0004" 6232
"/Engine/EngineMaterials/Substrate/GLints/dict_16_192_64_0p5_0p02_0052_0000" 6233
"/Engine/EngineMaterials/Substrate/GLints/dict_16_192_64_0p5_0p02_0051_0012" 6234
"../../../Engine/Content/EngineMaterials/Substrate/GLints/dict_16_192_64_0p5_0p02_0052_0009.uasset" 6235
"../../../Engine/Content/EngineMaterials/Substrate/GLints/dict_16_192_64_0p5_0p02_0052_0005.uasset" 6236
"/Engine/EngineMaterials/Substrate/GLints/dict_16_192_64_0p5_0p02_0052_0005" 6237
"/Engine/EngineMaterials/Substrate/GLints/dict_16_192_64_0p5_0p02_0052_0009" 6238
"../../../Engine/Content/EngineMaterials/Substrate/GLints/dict_16_192_64_0p5_0p02_0052_0010.uasset" 6239
"../../../Engine/Content/EngineMaterials/Substrate/GLints/dict_16_192_64_0p5_0p02_0052_0007.uasset" 6240
"../../../Engine/Content/EngineMaterials/Substrate/GLints/dict_16_192_64_0p5_0p02_0052_0008.uasset" 6241
"../../../Engine/Content/EngineMaterials/Substrate/GLints/dict_16_192_64_0p5_0p02_0052_0001.uasset" 6242
"../../../Engine/Content/EngineMaterials/Substrate/GLints/dict_16_192_64_0p5_0p02_0051_0009.uasset" 6243
"../../../Engine/Content/EngineMaterials/Substrate/GLints/dict_16_192_64_0p5_0p02_0052_0002.uasset" 6244
"../../../Engine/Content/EngineMaterials/Substrate/GLints/dict_16_192_64_0p5_0p02_0052_0012.uasset" 6245
"../../../Engine/Content/EngineMaterials/Substrate/GLints/dict_16_192_64_0p5_0p02_0052_0015.uasset" 6246
"/Engine/EngineMaterials/Substrate/GLints/dict_16_192_64_0p5_0p02_0052_0001" 6247
"/Engine/EngineMaterials/Substrate/GLints/dict_16_192_64_0p5_0p02_0052_0010" 6248
"/Engine/EngineMaterials/Substrate/GLints/dict_16_192_64_0p5_0p02_0051_0009" 6249
"/Engine/EngineMaterials/Substrate/GLints/dict_16_192_64_0p5_0p02_0052_0012" 6250
"../../../Engine/Content/EngineMaterials/Substrate/GLints/dict_16_192_64_0p5_0p02_0052_0014.uasset" 6251
"/Engine/EngineMaterials/Substrate/GLints/dict_16_192_64_0p5_0p02_0052_0015" 6252
"../../../Engine/Content/EngineMaterials/Substrate/GLints/dict_16_192_64_0p5_0p02_0052_0013.uasset" 6253
"/Engine/EngineMaterials/Substrate/GLints/dict_16_192_64_0p5_0p02_0052_0002" 6254
"/Engine/EngineMaterials/Substrate/GLints/dict_16_192_64_0p5_0p02_0052_0008" 6255
"/Engine/EngineMaterials/Substrate/GLints/dict_16_192_64_0p5_0p02_0052_0007" 6256
"/Engine/EngineMaterials/Substrate/GLints/dict_16_192_64_0p5_0p02_0052_0014" 6257
"/Engine/EngineMaterials/Substrate/GLints/dict_16_192_64_0p5_0p02_0052_0013" 6258
"../../../Engine/Content/EngineMaterials/Substrate/GLints/dict_16_192_64_0p5_0p02_0053_0002.uasset" 6259
"../../../Engine/Content/EngineMaterials/Substrate/GLints/dict_16_192_64_0p5_0p02_0053_0005.uasset" 6260
"../../../Engine/Content/EngineMaterials/Substrate/GLints/dict_16_192_64_0p5_0p02_0053_0006.uasset" 6261
"../../../Engine/Content/EngineMaterials/Substrate/GLints/dict_16_192_64_0p5_0p02_0052_0011.uasset" 6262
"/Engine/EngineMaterials/Substrate/GLints/dict_16_192_64_0p5_0p02_0052_0011" 6263
"/Engine/EngineMaterials/Substrate/GLints/dict_16_192_64_0p5_0p02_0053_0006" 6264
"/Engine/EngineMaterials/Substrate/GLints/dict_16_192_64_0p5_0p02_0053_0005" 6265
"/Engine/EngineMaterials/Substrate/GLints/dict_16_192_64_0p5_0p02_0053_0002" 6266
"../../../Engine/Content/EngineMaterials/Substrate/GLints/dict_16_192_64_0p5_0p02_0053_0008.uasset" 6267
"../../../Engine/Content/EngineMaterials/Substrate/GLints/dict_16_192_64_0p5_0p02_0053_0001.uasset" 6268
"../../../Engine/Content/EngineMaterials/Substrate/GLints/dict_16_192_64_0p5_0p02_0053_0010.uasset" 6269
"/Engine/EngineMaterials/Substrate/GLints/dict_16_192_64_0p5_0p02_0053_0010" 6270
"/Engine/EngineMaterials/Substrate/GLints/dict_16_192_64_0p5_0p02_0053_0008" 6271
"/Engine/EngineMaterials/Substrate/GLints/dict_16_192_64_0p5_0p02_0053_0001" 6272
"../../../Engine/Content/EngineMaterials/Substrate/GLints/dict_16_192_64_0p5_0p02_0053_0007.uasset" 6273
"../../../Engine/Content/EngineMaterials/Substrate/GLints/dict_16_192_64_0p5_0p02_0053_0011.uasset" 6274
"../../../Engine/Content/EngineMaterials/Substrate/GLints/dict_16_192_64_0p5_0p02_0053_0000.uasset" 6275
"../../../Engine/Content/EngineMaterials/Substrate/GLints/dict_16_192_64_0p5_0p02_0053_0012.uasset" 6276
"../../../Engine/Content/EngineMaterials/Substrate/GLints/dict_16_192_64_0p5_0p02_0053_0004.uasset" 6277
"/Engine/EngineMaterials/Substrate/GLints/dict_16_192_64_0p5_0p02_0053_0000" 6278
"/Engine/EngineMaterials/Substrate/GLints/dict_16_192_64_0p5_0p02_0053_0007" 6279
"/Engine/EngineMaterials/Substrate/GLints/dict_16_192_64_0p5_0p02_0053_0004" 6280
"/Engine/EngineMaterials/Substrate/GLints/dict_16_192_64_0p5_0p02_0053_0012" 6281
"/Engine/EngineMaterials/Substrate/GLints/dict_16_192_64_0p5_0p02_0053_0011" 6282
"../../../Engine/Content/EngineMaterials/Substrate/GLints/dict_16_192_64_0p5_0p02_0054_0000.uasset" 6283
"../../../Engine/Content/EngineMaterials/Substrate/GLints/dict_16_192_64_0p5_0p02_0053_0009.uasset" 6284
"../../../Engine/Content/EngineMaterials/Substrate/GLints/dict_16_192_64_0p5_0p02_0053_0003.uasset" 6285
"../../../Engine/Content/EngineMaterials/Substrate/GLints/dict_16_192_64_0p5_0p02_0053_0015.uasset" 6286
"/Engine/EngineMaterials/Substrate/GLints/dict_16_192_64_0p5_0p02_0053_0003" 6287
"/Engine/EngineMaterials/Substrate/GLints/dict_16_192_64_0p5_0p02_0054_0000" 6288
"/Engine/EngineMaterials/Substrate/GLints/dict_16_192_64_0p5_0p02_0053_0009" 6289
"/Engine/EngineMaterials/Substrate/GLints/dict_16_192_64_0p5_0p02_0053_0015" 6290
"../../../Engine/Content/EngineMaterials/Substrate/GLints/dict_16_192_64_0p5_0p02_0054_0002.uasset" 6291
"../../../Engine/Content/EngineMaterials/Substrate/GLints/dict_16_192_64_0p5_0p02_0054_0001.uasset" 6292
"../../../Engine/Content/EngineMaterials/Substrate/GLints/dict_16_192_64_0p5_0p02_0054_0006.uasset" 6293
"../../../Engine/Content/EngineMaterials/Substrate/GLints/dict_16_192_64_0p5_0p02_0053_0013.uasset" 6294
"../../../Engine/Content/EngineMaterials/Substrate/GLints/dict_16_192_64_0p5_0p02_0054_0003.uasset" 6295
"../../../Engine/Content/EngineMaterials/Substrate/GLints/dict_16_192_64_0p5_0p02_0054_0008.uasset" 6296
"/Engine/EngineMaterials/Substrate/GLints/dict_16_192_64_0p5_0p02_0053_0013" 6297
"../../../Engine/Content/EngineMaterials/Substrate/GLints/dict_16_192_64_0p5_0p02_0054_0005.uasset" 6298
"/Engine/EngineMaterials/Substrate/GLints/dict_16_192_64_0p5_0p02_0054_0003" 6299
"/Engine/EngineMaterials/Substrate/GLints/dict_16_192_64_0p5_0p02_0054_0002" 6300
"/Engine/EngineMaterials/Substrate/GLints/dict_16_192_64_0p5_0p02_0054_0008" 6301
"/Engine/EngineMaterials/Substrate/GLints/dict_16_192_64_0p5_0p02_0054_0001" 6302
"../../../Engine/Content/EngineMaterials/Substrate/GLints/dict_16_192_64_0p5_0p02_0054_0009.uasset" 6303
"/Engine/EngineMaterials/Substrate/GLints/dict_16_192_64_0p5_0p02_0054_0006" 6304
"/Engine/EngineMaterials/Substrate/GLints/dict_16_192_64_0p5_0p02_0054_0009" 6305
"/Engine/EngineMaterials/Substrate/GLints/dict_16_192_64_0p5_0p02_0054_0005" 6306
"../../../Engine/Content/EngineMaterials/Substrate/GLints/dict_16_192_64_0p5_0p02_0054_0004.uasset" 6307
"/Engine/EngineMaterials/Substrate/GLints/dict_16_192_64_0p5_0p02_0054_0004" 6308
"../../../Engine/Content/EngineMaterials/Substrate/GLints/dict_16_192_64_0p5_0p02_0053_0014.uasset" 6309
"/Engine/EngineMaterials/Substrate/GLints/dict_16_192_64_0p5_0p02_0053_0014" 6310
"../../../Engine/Content/EngineMaterials/Substrate/GLints/dict_16_192_64_0p5_0p02_0054_0010.uasset" 6311
"../../../Engine/Content/EngineMaterials/Substrate/GLints/dict_16_192_64_0p5_0p02_0054_0012.uasset" 6312
"../../../Engine/Content/EngineMaterials/Substrate/GLints/dict_16_192_64_0p5_0p02_0054_0014.uasset" 6313
"../../../Engine/Content/EngineMaterials/Substrate/GLints/dict_16_192_64_0p5_0p02_0055_0001.uasset" 6314
"../../../Engine/Content/EngineMaterials/Substrate/GLints/dict_16_192_64_0p5_0p02_0055_0002.uasset" 6315
"../../../Engine/Content/EngineMaterials/Substrate/GLints/dict_16_192_64_0p5_0p02_0055_0003.uasset" 6316
"/Engine/EngineMaterials/Substrate/GLints/dict_16_192_64_0p5_0p02_0055_0001" 6317
"/Engine/EngineMaterials/Substrate/GLints/dict_16_192_64_0p5_0p02_0054_0010" 6318
"/Engine/EngineMaterials/Substrate/GLints/dict_16_192_64_0p5_0p02_0055_0003" 6319
"/Engine/EngineMaterials/Substrate/GLints/dict_16_192_64_0p5_0p02_0054_0014" 6320
"/Engine/EngineMaterials/Substrate/GLints/dict_16_192_64_0p5_0p02_0055_0002" 6321
"/Engine/EngineMaterials/Substrate/GLints/dict_16_192_64_0p5_0p02_0054_0012" 6322
"../../../Engine/Content/EngineMaterials/Substrate/GLints/dict_16_192_64_0p5_0p02_0055_0005.uasset" 6323
"../../../Engine/Content/EngineMaterials/Substrate/GLints/dict_16_192_64_0p5_0p02_0055_0004.uasset" 6324
"../../../Engine/Content/EngineMaterials/Substrate/GLints/dict_16_192_64_0p5_0p02_0055_0006.uasset" 6325
"../../../Engine/Content/EngineMaterials/Substrate/GLints/dict_16_192_64_0p5_0p02_0054_0013.uasset" 6326
"../../../Engine/Content/EngineMaterials/Substrate/GLints/dict_16_192_64_0p5_0p02_0054_0011.uasset" 6327
"../../../Engine/Content/EngineMaterials/Substrate/GLints/dict_16_192_64_0p5_0p02_0055_0007.uasset" 6328
"../../../Engine/Content/EngineMaterials/Substrate/GLints/dict_16_192_64_0p5_0p02_0055_0008.uasset" 6329
"../../../Engine/Content/EngineMaterials/Substrate/GLints/dict_16_192_64_0p5_0p02_0055_0009.uasset" 6330
"/Engine/EngineMaterials/Substrate/GLints/dict_16_192_64_0p5_0p02_0055_0009" 6331
"/Engine/EngineMaterials/Substrate/GLints/dict_16_192_64_0p5_0p02_0055_0008" 6332
"../../../Engine/Content/EngineMaterials/Substrate/GLints/dict_16_192_64_0p5_0p02_0055_0013.uasset" 6333
"/Engine/EngineMaterials/Substrate/GLints/dict_16_192_64_0p5_0p02_0054_0011" 6334
"/Engine/EngineMaterials/Substrate/GLints/dict_16_192_64_0p5_0p02_0055_0007" 6335
"/Engine/EngineMaterials/Substrate/GLints/dict_16_192_64_0p5_0p02_0055_0006" 6336
"../../../Engine/Content/EngineMaterials/Substrate/GLints/dict_16_192_64_0p5_0p02_0055_0012.uasset" 6337
"../../../Engine/Content/EngineMaterials/Substrate/GLints/dict_16_192_64_0p5_0p02_0055_0014.uasset" 6338
"/Engine/EngineMaterials/Substrate/GLints/dict_16_192_64_0p5_0p02_0055_0005" 6339
"/Engine/EngineMaterials/Substrate/GLints/dict_16_192_64_0p5_0p02_0055_0004" 6340
"/Engine/EngineMaterials/Substrate/GLints/dict_16_192_64_0p5_0p02_0054_0013" 6341
"/Engine/EngineMaterials/Substrate/GLints/dict_16_192_64_0p5_0p02_0055_0013" 6342
"/Engine/EngineMaterials/Substrate/GLints/dict_16_192_64_0p5_0p02_0055_0012" 6343
"/Engine/EngineMaterials/Substrate/GLints/dict_16_192_64_0p5_0p02_0055_0014" 6344
"../../../Engine/Content/EngineMaterials/Substrate/GLints/dict_16_192_64_0p5_0p02_0055_0011.uasset" 6345
"../../../Engine/Content/EngineMaterials/Substrate/GLints/dict_16_192_64_0p5_0p02_0055_0015.uasset" 6346
"../../../Engine/Content/EngineMaterials/Substrate/GLints/dict_16_192_64_0p5_0p02_0056_0001.uasset" 6347
"../../../Engine/Content/EngineMaterials/Substrate/GLints/dict_16_192_64_0p5_0p02_0056_0000.uasset" 6348
"../../../Engine/Content/EngineMaterials/Substrate/GLints/dict_16_192_64_0p5_0p02_0056_0003.uasset" 6349
"../../../Engine/Content/EngineMaterials/Substrate/GLints/dict_16_192_64_0p5_0p02_0056_0004.uasset" 6350
"../../../Engine/Content/EngineMaterials/Substrate/GLints/dict_16_192_64_0p5_0p02_0055_0010.uasset" 6351
"../../../Engine/Content/EngineMaterials/Substrate/GLints/dict_16_192_64_0p5_0p02_0054_0007.uasset" 6352
"/Engine/EngineMaterials/Substrate/GLints/dict_16_192_64_0p5_0p02_0056_0003" 6353
"../../../Engine/Content/EngineMaterials/Substrate/GLints/dict_16_192_64_0p5_0p02_0056_0005.uasset" 6354
"/Engine/EngineMaterials/Substrate/GLints/dict_16_192_64_0p5_0p02_0056_0001" 6355
"/Engine/EngineMaterials/Substrate/GLints/dict_16_192_64_0p5_0p02_0056_0000" 6356
"/Engine/EngineMaterials/Substrate/GLints/dict_16_192_64_0p5_0p02_0055_0015" 6357
"/Engine/EngineMaterials/Substrate/GLints/dict_16_192_64_0p5_0p02_0054_0007" 6358
"../../../Engine/Content/EngineMaterials/Substrate/GLints/dict_16_192_64_0p5_0p02_0056_0006.uasset" 6359
"/Engine/EngineMaterials/Substrate/GLints/dict_16_192_64_0p5_0p02_0055_0011" 6360
"/Engine/EngineMaterials/Substrate/GLints/dict_16_192_64_0p5_0p02_0055_0010" 6361
"/Engine/EngineMaterials/Substrate/GLints/dict_16_192_64_0p5_0p02_0056_0004" 6362
"/Engine/EngineMaterials/Substrate/GLints/dict_16_192_64_0p5_0p02_0056_0005" 6363
"/Engine/EngineMaterials/Substrate/GLints/dict_16_192_64_0p5_0p02_0056_0006" 6364
"../../../Engine/Content/EngineMaterials/Substrate/GLints/dict_16_192_64_0p5_0p02_0056_0007.uasset" 6365
"../../../Engine/Content/EngineMaterials/Substrate/GLints/dict_16_192_64_0p5_0p02_0056_0009.uasset" 6366
"../../../Engine/Content/EngineMaterials/Substrate/GLints/dict_16_192_64_0p5_0p02_0056_0002.uasset" 6367
"../../../Engine/Content/EngineMaterials/Substrate/GLints/dict_16_192_64_0p5_0p02_0056_0011.uasset" 6368
"../../../Engine/Content/EngineMaterials/Substrate/GLints/dict_16_192_64_0p5_0p02_0056_0010.uasset" 6369
"../../../Engine/Content/EngineMaterials/Substrate/GLints/dict_16_192_64_0p5_0p02_0056_0012.uasset" 6370
"../../../Engine/Content/EngineMaterials/Substrate/GLints/dict_16_192_64_0p5_0p02_0056_0013.uasset" 6371
"../../../Engine/Content/EngineMaterials/Substrate/GLints/dict_16_192_64_0p5_0p02_0056_0015.uasset" 6372
"../../../Engine/Content/EngineMaterials/Substrate/GLints/dict_16_192_64_0p5_0p02_0057_0000.uasset" 6373
"/Engine/EngineMaterials/Substrate/GLints/dict_16_192_64_0p5_0p02_0056_0007" 6374
"/Engine/EngineMaterials/Substrate/GLints/dict_16_192_64_0p5_0p02_0056_0013" 6375
"/Engine/EngineMaterials/Substrate/GLints/dict_16_192_64_0p5_0p02_0056_0002" 6376
"/Engine/EngineMaterials/Substrate/GLints/dict_16_192_64_0p5_0p02_0056_0012" 6377
"../../../Engine/Content/EngineMaterials/Substrate/GLints/dict_16_192_64_0p5_0p02_0057_0002.uasset" 6378
"/Engine/EngineMaterials/Substrate/GLints/dict_16_192_64_0p5_0p02_0057_0000" 6379
"../../../Engine/Content/EngineMaterials/Substrate/GLints/dict_16_192_64_0p5_0p02_0057_0001.uasset" 6380
"/Engine/EngineMaterials/Substrate/GLints/dict_16_192_64_0p5_0p02_0056_0015" 6381
"/Engine/EngineMaterials/Substrate/GLints/dict_16_192_64_0p5_0p02_0056_0011" 6382
"/Engine/EngineMaterials/Substrate/GLints/dict_16_192_64_0p5_0p02_0056_0010" 6383
"/Engine/EngineMaterials/Substrate/GLints/dict_16_192_64_0p5_0p02_0056_0009" 6384
"/Engine/EngineMaterials/Substrate/GLints/dict_16_192_64_0p5_0p02_0057_0002" 6385
"/Engine/EngineMaterials/Substrate/GLints/dict_16_192_64_0p5_0p02_0057_0001" 6386
"../../../Engine/Content/EngineMaterials/Substrate/GLints/dict_16_192_64_0p5_0p02_0056_0014.uasset" 6387
"../../../Engine/Content/EngineMaterials/Substrate/GLints/dict_16_192_64_0p5_0p02_0057_0003.uasset" 6388
"../../../Engine/Content/EngineMaterials/Substrate/GLints/dict_16_192_64_0p5_0p02_0055_0000.uasset" 6389
"../../../Engine/Content/EngineMaterials/Substrate/GLints/dict_16_192_64_0p5_0p02_0057_0005.uasset" 6390
"../../../Engine/Content/EngineMaterials/Substrate/GLints/dict_16_192_64_0p5_0p02_0054_0015.uasset" 6391
"../../../Engine/Content/EngineMaterials/Substrate/GLints/dict_16_192_64_0p5_0p02_0057_0006.uasset" 6392
"../../../Engine/Content/EngineMaterials/Substrate/GLints/dict_16_192_64_0p5_0p02_0057_0004.uasset" 6393
"../../../Engine/Content/EngineMaterials/Substrate/GLints/dict_16_192_64_0p5_0p02_0057_0008.uasset" 6394
"../../../Engine/Content/EngineMaterials/Substrate/GLints/dict_16_192_64_0p5_0p02_0057_0010.uasset" 6395
"../../../Engine/Content/EngineMaterials/Substrate/GLints/dict_16_192_64_0p5_0p02_0057_0012.uasset" 6396
"../../../Engine/Content/EngineMaterials/Substrate/GLints/dict_16_192_64_0p5_0p02_0057_0014.uasset" 6397
"/Engine/EngineMaterials/Substrate/GLints/dict_16_192_64_0p5_0p02_0057_0005" 6398
"../../../Engine/Content/EngineMaterials/Substrate/GLints/dict_16_192_64_0p5_0p02_0057_0013.uasset" 6399
"/Engine/EngineMaterials/Substrate/GLints/dict_16_192_64_0p5_0p02_0057_0004" 6400
"/Engine/EngineMaterials/Substrate/GLints/dict_16_192_64_0p5_0p02_0055_0000" 6401
"/Engine/EngineMaterials/Substrate/GLints/dict_16_192_64_0p5_0p02_0057_0003" 6402
"/Engine/EngineMaterials/Substrate/GLints/dict_16_192_64_0p5_0p02_0054_0015" 6403
"/Engine/EngineMaterials/Substrate/GLints/dict_16_192_64_0p5_0p02_0057_0014" 6404
"/Engine/EngineMaterials/Substrate/GLints/dict_16_192_64_0p5_0p02_0057_0012" 6405
"/Engine/EngineMaterials/Substrate/GLints/dict_16_192_64_0p5_0p02_0057_0008" 6406
"../../../Engine/Content/EngineMaterials/Substrate/GLints/dict_16_192_64_0p5_0p02_0057_0015.uasset" 6407
"../../../Engine/Content/EngineMaterials/Substrate/GLints/dict_16_192_64_0p5_0p02_0058_0000.uasset" 6408
"/Engine/EngineMaterials/Substrate/GLints/dict_16_192_64_0p5_0p02_0057_0006" 6409
"/Engine/EngineMaterials/Substrate/GLints/dict_16_192_64_0p5_0p02_0056_0014" 6410
"/Engine/EngineMaterials/Substrate/GLints/dict_16_192_64_0p5_0p02_0057_0010" 6411
"/Engine/EngineMaterials/Substrate/GLints/dict_16_192_64_0p5_0p02_0058_0000" 6412
"/Engine/EngineMaterials/Substrate/GLints/dict_16_192_64_0p5_0p02_0057_0015" 6413
"/Engine/EngineMaterials/Substrate/GLints/dict_16_192_64_0p5_0p02_0057_0013" 6414
"../../../Engine/Content/EngineMaterials/Substrate/GLints/dict_16_192_64_0p5_0p02_0056_0008.uasset" 6415
"../../../Engine/Content/EngineMaterials/Substrate/GLints/dict_16_192_64_0p5_0p02_0058_0001.uasset" 6416
"../../../Engine/Content/EngineMaterials/Substrate/GLints/dict_16_192_64_0p5_0p02_0057_0007.uasset" 6417
"../../../Engine/Content/EngineMaterials/Substrate/GLints/dict_16_192_64_0p5_0p02_0058_0003.uasset" 6418
"../../../Engine/Content/EngineMaterials/Substrate/GLints/dict_16_192_64_0p5_0p02_0058_0004.uasset" 6419
"../../../Engine/Content/EngineMaterials/Substrate/GLints/dict_16_192_64_0p5_0p02_0058_0005.uasset" 6420
"../../../Engine/Content/EngineMaterials/Substrate/GLints/dict_16_192_64_0p5_0p02_0058_0002.uasset" 6421
"../../../Engine/Content/EngineMaterials/Substrate/GLints/dict_16_192_64_0p5_0p02_0058_0006.uasset" 6422
"../../../Engine/Content/EngineMaterials/Substrate/GLints/dict_16_192_64_0p5_0p02_0058_0008.uasset" 6423
"/Engine/EngineMaterials/Substrate/GLints/dict_16_192_64_0p5_0p02_0058_0008" 6424
"/Engine/EngineMaterials/Substrate/GLints/dict_16_192_64_0p5_0p02_0058_0002" 6425
"/Engine/EngineMaterials/Substrate/GLints/dict_16_192_64_0p5_0p02_0057_0007" 6426
"/Engine/EngineMaterials/Substrate/GLints/dict_16_192_64_0p5_0p02_0058_0006" 6427
"/Engine/EngineMaterials/Substrate/GLints/dict_16_192_64_0p5_0p02_0058_0005" 6428
"/Engine/EngineMaterials/Substrate/GLints/dict_16_192_64_0p5_0p02_0058_0004" 6429
"/Engine/EngineMaterials/Substrate/GLints/dict_16_192_64_0p5_0p02_0058_0003" 6430
"/Engine/EngineMaterials/Substrate/GLints/dict_16_192_64_0p5_0p02_0056_0008" 6431
"/Engine/EngineMaterials/Substrate/GLints/dict_16_192_64_0p5_0p02_0058_0001" 6432
"../../../Engine/Content/EngineMaterials/Substrate/GLints/dict_16_192_64_0p5_0p02_0058_0010.uasset" 6433
"../../../Engine/Content/EngineMaterials/Substrate/GLints/dict_16_192_64_0p5_0p02_0058_0013.uasset" 6434
"../../../Engine/Content/EngineMaterials/Substrate/GLints/dict_16_192_64_0p5_0p02_0058_0007.uasset" 6435
"../../../Engine/Content/EngineMaterials/Substrate/GLints/dict_16_192_64_0p5_0p02_0058_0015.uasset" 6436
"../../../Engine/Content/EngineMaterials/Substrate/GLints/dict_16_192_64_0p5_0p02_0059_0000.uasset" 6437
"../../../Engine/Content/EngineMaterials/Substrate/GLints/dict_16_192_64_0p5_0p02_0059_0001.uasset" 6438
"../../../Engine/Content/EngineMaterials/Substrate/GLints/dict_16_192_64_0p5_0p02_0058_0014.uasset" 6439
"/Engine/EngineMaterials/Substrate/GLints/dict_16_192_64_0p5_0p02_0058_0010" 6440
"../../../Engine/Content/EngineMaterials/Substrate/GLints/dict_16_192_64_0p5_0p02_0058_0012.uasset" 6441
"/Engine/EngineMaterials/Substrate/GLints/dict_16_192_64_0p5_0p02_0058_0013" 6442
"/Engine/EngineMaterials/Substrate/GLints/dict_16_192_64_0p5_0p02_0059_0001" 6443
"/Engine/EngineMaterials/Substrate/GLints/dict_16_192_64_0p5_0p02_0058_0007" 6444
"/Engine/EngineMaterials/Substrate/GLints/dict_16_192_64_0p5_0p02_0059_0000" 6445
"/Engine/EngineMaterials/Substrate/GLints/dict_16_192_64_0p5_0p02_0058_0015" 6446
"/Engine/EngineMaterials/Substrate/GLints/dict_16_192_64_0p5_0p02_0058_0014" 6447
"../../../Engine/Content/EngineMaterials/Substrate/GLints/dict_16_192_64_0p5_0p02_0059_0002.uasset" 6448
"/Engine/EngineMaterials/Substrate/GLints/dict_16_192_64_0p5_0p02_0059_0002" 6449
"/Engine/EngineMaterials/Substrate/GLints/dict_16_192_64_0p5_0p02_0058_0012" 6450
"../../../Engine/Content/EngineMaterials/Substrate/GLints/dict_16_192_64_0p5_0p02_0059_0005.uasset" 6451
"../../../Engine/Content/EngineMaterials/Substrate/GLints/dict_16_192_64_0p5_0p02_0059_0004.uasset" 6452
"../../../Engine/Content/EngineMaterials/Substrate/GLints/dict_16_192_64_0p5_0p02_0059_0007.uasset" 6453
"../../../Engine/Content/EngineMaterials/Substrate/GLints/dict_16_192_64_0p5_0p02_0058_0009.uasset" 6454
"../../../Engine/Content/EngineMaterials/Substrate/GLints/dict_16_192_64_0p5_0p02_0057_0009.uasset" 6455
"../../../Engine/Content/EngineMaterials/Substrate/GLints/dict_16_192_64_0p5_0p02_0059_0006.uasset" 6456
"../../../Engine/Content/EngineMaterials/Substrate/GLints/dict_16_192_64_0p5_0p02_0059_0010.uasset" 6457
"/Engine/EngineMaterials/Substrate/GLints/dict_16_192_64_0p5_0p02_0059_0007" 6458
"/Engine/EngineMaterials/Substrate/GLints/dict_16_192_64_0p5_0p02_0058_0009" 6459
"/Engine/EngineMaterials/Substrate/GLints/dict_16_192_64_0p5_0p02_0059_0006" 6460
"/Engine/EngineMaterials/Substrate/GLints/dict_16_192_64_0p5_0p02_0059_0005" 6461
"../../../Engine/Content/EngineMaterials/Substrate/GLints/dict_16_192_64_0p5_0p02_0059_0009.uasset" 6462
"/Engine/EngineMaterials/Substrate/GLints/dict_16_192_64_0p5_0p02_0059_0010" 6463
"/Engine/EngineMaterials/Substrate/GLints/dict_16_192_64_0p5_0p02_0059_0004" 6464
"/Engine/EngineMaterials/Substrate/GLints/dict_16_192_64_0p5_0p02_0057_0009" 6465
"/Engine/EngineMaterials/Substrate/GLints/dict_16_192_64_0p5_0p02_0059_0009" 6466
"../../../Engine/Content/EngineMaterials/Substrate/GLints/dict_16_192_64_0p5_0p02_0059_0008.uasset" 6467
"../../../Engine/Content/EngineMaterials/Substrate/GLints/dict_16_192_64_0p5_0p02_0058_0011.uasset" 6468
"../../../Engine/Content/EngineMaterials/Substrate/GLints/dict_16_192_64_0p5_0p02_0059_0014.uasset" 6469
"../../../Engine/Content/EngineMaterials/Substrate/GLints/dict_16_192_64_0p5_0p02_0060_0002.uasset" 6470
"../../../Engine/Content/EngineMaterials/Substrate/GLints/dict_16_192_64_0p5_0p02_0060_0000.uasset" 6471
"../../../Engine/Content/EngineMaterials/Substrate/GLints/dict_16_192_64_0p5_0p02_0059_0003.uasset" 6472
"../../../Engine/Content/EngineMaterials/Substrate/GLints/dict_16_192_64_0p5_0p02_0060_0003.uasset" 6473
"../../../Engine/Content/EngineMaterials/Substrate/GLints/dict_16_192_64_0p5_0p02_0059_0011.uasset" 6474
"/Engine/EngineMaterials/Substrate/GLints/dict_16_192_64_0p5_0p02_0059_0008" 6475
"../../../Engine/Content/EngineMaterials/Substrate/GLints/dict_16_192_64_0p5_0p02_0059_0015.uasset" 6476
"/Engine/EngineMaterials/Substrate/GLints/dict_16_192_64_0p5_0p02_0058_0011" 6477
"/Engine/EngineMaterials/Substrate/GLints/dict_16_192_64_0p5_0p02_0059_0011" 6478
"/Engine/EngineMaterials/Substrate/GLints/dict_16_192_64_0p5_0p02_0060_0003" 6479
"/Engine/EngineMaterials/Substrate/GLints/dict_16_192_64_0p5_0p02_0059_0003" 6480
"/Engine/EngineMaterials/Substrate/GLints/dict_16_192_64_0p5_0p02_0060_0002" 6481
"/Engine/EngineMaterials/Substrate/GLints/dict_16_192_64_0p5_0p02_0060_0000" 6482
"/Engine/EngineMaterials/Substrate/GLints/dict_16_192_64_0p5_0p02_0059_0014" 6483
"/Engine/EngineMaterials/Substrate/GLints/dict_16_192_64_0p5_0p02_0059_0015" 6484
"../../../Engine/Content/EngineMaterials/Substrate/GLints/dict_16_192_64_0p5_0p02_0060_0006.uasset" 6485
"../../../Engine/Content/EngineMaterials/Substrate/GLints/dict_16_192_64_0p5_0p02_0060_0005.uasset" 6486
"../../../Engine/Content/EngineMaterials/Substrate/GLints/dict_16_192_64_0p5_0p02_0060_0007.uasset" 6487
"../../../Engine/Content/EngineMaterials/Substrate/GLints/dict_16_192_64_0p5_0p02_0052_0006.uasset" 6488
"../../../Engine/Content/EngineMaterials/Substrate/GLints/dict_16_192_64_0p5_0p02_0060_0001.uasset" 6489
"../../../Engine/Content/EngineMaterials/Substrate/GLints/dict_16_192_64_0p5_0p02_0060_0008.uasset" 6490
"../../../Engine/Content/EngineMaterials/Substrate/GLints/dict_16_192_64_0p5_0p02_0060_0011.uasset" 6491
"../../../Engine/Content/EngineMaterials/Substrate/GLints/dict_16_192_64_0p5_0p02_0060_0012.uasset" 6492
"../../../Engine/Content/EngineMaterials/Substrate/GLints/dict_16_192_64_0p5_0p02_0060_0014.uasset" 6493
"../../../Engine/Content/EngineMaterials/Substrate/GLints/dict_16_192_64_0p5_0p02_0060_0009.uasset" 6494
"/Engine/EngineMaterials/Substrate/GLints/dict_16_192_64_0p5_0p02_0060_0011" 6495
"/Engine/EngineMaterials/Substrate/GLints/dict_16_192_64_0p5_0p02_0052_0006" 6496
"/Engine/EngineMaterials/Substrate/GLints/dict_16_192_64_0p5_0p02_0060_0009" 6497
"../../../Engine/Content/EngineMaterials/Substrate/GLints/dict_16_192_64_0p5_0p02_0059_0012.uasset" 6498
"/Engine/EngineMaterials/Substrate/GLints/dict_16_192_64_0p5_0p02_0060_0012" 6499
"../../../Engine/Content/EngineMaterials/Substrate/GLints/dict_16_192_64_0p5_0p02_0057_0011.uasset" 6500
"/Engine/EngineMaterials/Substrate/GLints/dict_16_192_64_0p5_0p02_0060_0008" 6501
"../../../Engine/Content/EngineMaterials/Substrate/GLints/dict_16_192_64_0p5_0p02_0061_0001.uasset" 6502
"/Engine/EngineMaterials/Substrate/GLints/dict_16_192_64_0p5_0p02_0060_0001" 6503
"../../../Engine/Content/EngineMaterials/Substrate/GLints/dict_16_192_64_0p5_0p02_0061_0000.uasset" 6504
"/Engine/EngineMaterials/Substrate/GLints/dict_16_192_64_0p5_0p02_0060_0007" 6505
"/Engine/EngineMaterials/Substrate/GLints/dict_16_192_64_0p5_0p02_0060_0006" 6506
"/Engine/EngineMaterials/Substrate/GLints/dict_16_192_64_0p5_0p02_0060_0005" 6507
"/Engine/EngineMaterials/Substrate/GLints/dict_16_192_64_0p5_0p02_0060_0014" 6508
"/Engine/EngineMaterials/Substrate/GLints/dict_16_192_64_0p5_0p02_0061_0001" 6509
"/Engine/EngineMaterials/Substrate/GLints/dict_16_192_64_0p5_0p02_0061_0000" 6510
"/Engine/EngineMaterials/Substrate/GLints/dict_16_192_64_0p5_0p02_0057_0011" 6511
"/Engine/EngineMaterials/Substrate/GLints/dict_16_192_64_0p5_0p02_0059_0012" 6512
"../../../Engine/Content/EngineMaterials/Substrate/GLints/dict_16_192_64_0p5_0p02_0061_0003.uasset" 6513
"../../../Engine/Content/EngineMaterials/Substrate/GLints/dict_16_192_64_0p5_0p02_0060_0015.uasset" 6514
"../../../Engine/Content/EngineMaterials/Substrate/GLints/dict_16_192_64_0p5_0p02_0061_0002.uasset" 6515
"/Engine/EngineMaterials/Substrate/GLints/dict_16_192_64_0p5_0p02_0061_0003" 6516
"/Engine/EngineMaterials/Substrate/GLints/dict_16_192_64_0p5_0p02_0060_0015" 6517
"/Engine/EngineMaterials/Substrate/GLints/dict_16_192_64_0p5_0p02_0061_0002" 6518
"../../../Engine/Content/EngineMaterials/Substrate/GLints/dict_16_192_64_0p5_0p02_0060_0010.uasset" 6519
"../../../Engine/Content/EngineMaterials/Substrate/GLints/dict_16_192_64_0p5_0p02_0061_0007.uasset" 6520
"../../../Engine/Content/EngineMaterials/Substrate/GLints/dict_16_192_64_0p5_0p02_0060_0013.uasset" 6521
"../../../Engine/Content/EngineMaterials/Substrate/GLints/dict_16_192_64_0p5_0p02_0061_0006.uasset" 6522
"../../../Engine/Content/EngineMaterials/Substrate/GLints/dict_16_192_64_0p5_0p02_0061_0010.uasset" 6523
"../../../Engine/Content/EngineMaterials/Substrate/GLints/dict_16_192_64_0p5_0p02_0061_0008.uasset" 6524
"../../../Engine/Content/EngineMaterials/Substrate/GLints/dict_16_192_64_0p5_0p02_0061_0009.uasset" 6525
"../../../Engine/Content/EngineMaterials/Substrate/GLints/dict_16_192_64_0p5_0p02_0061_0014.uasset" 6526
"../../../Engine/Content/EngineMaterials/Substrate/GLints/dict_16_192_64_0p5_0p02_0061_0011.uasset" 6527
"../../../Engine/Content/EngineMaterials/Substrate/GLints/dict_16_192_64_0p5_0p02_0061_0012.uasset" 6528
"../../../Engine/Content/EngineMaterials/Substrate/GLints/dict_16_192_64_0p5_0p02_0061_0013.uasset" 6529
"../../../Engine/Content/EngineMaterials/Substrate/GLints/dict_16_192_64_0p5_0p02_0061_0015.uasset" 6530
"/Engine/EngineMaterials/Substrate/GLints/dict_16_192_64_0p5_0p02_0061_0013" 6531
"/Engine/EngineMaterials/Substrate/GLints/dict_16_192_64_0p5_0p02_0061_0012" 6532
"/Engine/EngineMaterials/Substrate/GLints/dict_16_192_64_0p5_0p02_0061_0011" 6533
"/Engine/EngineMaterials/Substrate/GLints/dict_16_192_64_0p5_0p02_0061_0010" 6534
"/Engine/EngineMaterials/Substrate/GLints/dict_16_192_64_0p5_0p02_0061_0009" 6535
"/Engine/EngineMaterials/Substrate/GLints/dict_16_192_64_0p5_0p02_0060_0010" 6536
"/Engine/EngineMaterials/Substrate/GLints/dict_16_192_64_0p5_0p02_0060_0013" 6537
"/Engine/EngineMaterials/Substrate/GLints/dict_16_192_64_0p5_0p02_0061_0008" 6538
"/Engine/EngineMaterials/Substrate/GLints/dict_16_192_64_0p5_0p02_0061_0007" 6539
"/Engine/EngineMaterials/Substrate/GLints/dict_16_192_64_0p5_0p02_0061_0014" 6540
"/Engine/EngineMaterials/Substrate/GLints/dict_16_192_64_0p5_0p02_0061_0006" 6541
"/Engine/EngineMaterials/Substrate/GLints/dict_16_192_64_0p5_0p02_0061_0015" 6542
"../../../Engine/Content/EngineMaterials/Substrate/GLints/dict_16_192_64_0p5_0p02_0059_0013.uasset" 6543
"../../../Engine/Content/EngineMaterials/Substrate/GLints/dict_16_192_64_0p5_0p02_0062_0004.uasset" 6544
"../../../Engine/Content/EngineMaterials/Substrate/GLints/dict_16_192_64_0p5_0p02_0061_0005.uasset" 6545
"../../../Engine/Content/EngineMaterials/Substrate/GLints/dict_16_192_64_0p5_0p02_0062_0005.uasset" 6546
"../../../Engine/Content/EngineMaterials/Substrate/GLints/dict_16_192_64_0p5_0p02_0062_0006.uasset" 6547
"../../../Engine/Content/EngineMaterials/Substrate/GLints/dict_16_192_64_0p5_0p02_0062_0002.uasset" 6548
"../../../Engine/Content/EngineMaterials/Substrate/GLints/dict_16_192_64_0p5_0p02_0062_0003.uasset" 6549
"../../../Engine/Content/EngineMaterials/Substrate/GLints/dict_16_192_64_0p5_0p02_0062_0001.uasset" 6550
"../../../Engine/Content/EngineMaterials/Substrate/GLints/dict_16_192_64_0p5_0p02_0061_0004.uasset" 6551
"../../../Engine/Content/EngineMaterials/Substrate/GLints/dict_16_192_64_0p5_0p02_0062_0011.uasset" 6552
"../../../Engine/Content/EngineMaterials/Substrate/GLints/dict_16_192_64_0p5_0p02_0060_0004.uasset" 6553
"../../../Engine/Content/EngineMaterials/Substrate/GLints/dict_16_192_64_0p5_0p02_0062_0014.uasset" 6554
"../../../Engine/Content/EngineMaterials/Substrate/GLints/dict_16_192_64_0p5_0p02_0062_0007.uasset" 6555
"../../../Engine/Content/EngineMaterials/Substrate/GLints/dict_16_192_64_0p5_0p02_0062_0008.uasset" 6556
"../../../Engine/Content/EngineMaterials/Substrate/GLints/dict_16_192_64_0p5_0p02_0062_0012.uasset" 6557
"../../../Engine/Content/EngineMaterials/Substrate/GLints/dict_16_192_64_0p5_0p02_0062_0009.uasset" 6558
"/Engine/EngineMaterials/Substrate/GLints/dict_16_192_64_0p5_0p02_0062_0008" 6559
"/Engine/EngineMaterials/Substrate/GLints/dict_16_192_64_0p5_0p02_0061_0004" 6560
"../../../Engine/Content/EngineMaterials/Substrate/GLints/dict_16_192_64_0p5_0p02_0063_0000.uasset" 6561
"/Engine/EngineMaterials/Substrate/GLints/dict_16_192_64_0p5_0p02_0062_0014" 6562
"/Engine/EngineMaterials/Substrate/GLints/dict_16_192_64_0p5_0p02_0062_0012" 6563
"/Engine/EngineMaterials/Substrate/GLints/dict_16_192_64_0p5_0p02_0060_0004" 6564
"/Engine/EngineMaterials/Substrate/GLints/dict_16_192_64_0p5_0p02_0062_0011" 6565
"/Engine/EngineMaterials/Substrate/GLints/dict_16_192_64_0p5_0p02_0061_0005" 6566
"/Engine/EngineMaterials/Substrate/GLints/dict_16_192_64_0p5_0p02_0062_0007" 6567
"/Engine/EngineMaterials/Substrate/GLints/dict_16_192_64_0p5_0p02_0062_0006" 6568
"/Engine/EngineMaterials/Substrate/GLints/dict_16_192_64_0p5_0p02_0062_0005" 6569
"/Engine/EngineMaterials/Substrate/GLints/dict_16_192_64_0p5_0p02_0062_0004" 6570
"/Engine/EngineMaterials/Substrate/GLints/dict_16_192_64_0p5_0p02_0062_0003" 6571
"/Engine/EngineMaterials/Substrate/GLints/dict_16_192_64_0p5_0p02_0062_0002" 6572
"/Engine/EngineMaterials/Substrate/GLints/dict_16_192_64_0p5_0p02_0062_0001" 6573
"/Engine/EngineMaterials/Substrate/GLints/dict_16_192_64_0p5_0p02_0059_0013" 6574
"/Engine/EngineMaterials/Substrate/GLints/dict_16_192_64_0p5_0p02_0062_0009" 6575
"../../../Engine/Content/EngineMaterials/Substrate/GLints/dict_16_192_64_0p5_0p02_0063_0004.uasset" 6576
"/Engine/EngineMaterials/Substrate/GLints/dict_16_192_64_0p5_0p02_0063_0004" 6577
"../../../Engine/Content/EngineMaterials/Substrate/GLints/dict_16_192_64_0p5_0p02_0063_0005.uasset" 6578
"/Engine/EngineMaterials/Substrate/GLints/dict_16_192_64_0p5_0p02_0063_0000" 6579
"../../../Engine/Content/EngineMaterials/Substrate/GLints/dict_16_192_64_0p5_0p02_0063_0006.uasset" 6580
"/Engine/EngineMaterials/Substrate/GLints/dict_16_192_64_0p5_0p02_0063_0006" 6581
"/Engine/EngineMaterials/Substrate/GLints/dict_16_192_64_0p5_0p02_0063_0005" 6582
"../../../Engine/Content/EngineMaterials/Substrate/GLints/dict_16_192_64_0p5_0p02_0063_0007.uasset" 6583
"../../../Engine/Content/EngineMaterials/Substrate/GLints/dict_16_192_64_0p5_0p02_0063_0009.uasset" 6584
"../../../Engine/Content/EngineMaterials/Substrate/GLints/dict_16_192_64_0p5_0p02_0063_0008.uasset" 6585
"../../../Engine/Content/EngineMaterials/Substrate/GLints/dict_16_192_64_0p5_0p02_0063_0011.uasset" 6586
"../../../Engine/Content/EngineMaterials/Substrate/GLints/dict_16_192_64_0p5_0p02_0063_0010.uasset" 6587
"../../../Engine/Content/EngineMaterials/Substrate/GLints/dict_16_192_64_0p5_0p02_0063_0012.uasset" 6588
"../../../Engine/Content/EngineMaterials/Substrate/GLints/AGlintTex2dArray.uasset" 6589
"../../../Engine/Content/EngineMaterials/Substrate/GLints/dict_16_192_64_0p5_0p02_0063_0014.uasset" 6590
"../../../Engine/Content/EngineMaterials/Substrate/GLints/dict_16_192_64_0p5_0p02_0063_0013.uasset" 6591
"../../../Engine/Content/EngineMaterials/Substrate/GLints/dict_16_192_64_0p5_0p02_0062_0000.uasset" 6592
"/Engine/EngineMaterials/Substrate/GLints/dict_16_192_64_0p5_0p02_0063_0011" 6593
"/Engine/EngineMaterials/Substrate/GLints/dict_16_192_64_0p5_0p02_0063_0010" 6594
"/Engine/EngineMaterials/Substrate/GLints/dict_16_192_64_0p5_0p02_0063_0009" 6595
"../../../Engine/Content/EngineMaterials/Substrate/GLints/dict_16_192_64_0p5_0p02_0063_0015.uasset" 6596
"/Engine/EngineMaterials/Substrate/GLints/dict_16_192_64_0p5_0p02_0063_0008" 6597
"/Engine/EngineMaterials/Substrate/GLints/dict_16_192_64_0p5_0p02_0063_0007" 6598
"/Engine/EngineMaterials/Substrate/GLints/dict_16_192_64_0p5_0p02_0063_0014" 6599
"/Engine/EngineMaterials/Substrate/GLints/dict_16_192_64_0p5_0p02_0063_0013" 6600
"/Engine/EngineMaterials/Substrate/GLints/dict_16_192_64_0p5_0p02_0062_0000" 6601
"/Engine/EngineMaterials/Substrate/GLints/dict_16_192_64_0p5_0p02_0063_0012" 6602
"/Engine/EngineMaterials/Substrate/GLints/dict_16_192_64_0p5_0p02_0063_0015" 6603
"../../../Engine/Content/EngineMaterials/Substrate/GLints/dict_16_192_64_0p5_0p02_0062_0013.uasset" 6604
"../../../Engine/Content/EngineMaterials/Substrate/Glints2/dict_0000_0000.uasset" 6605
"../../../Engine/Content/EngineMaterials/Substrate/GLints/dict_16_192_64_0p5_0p02_0063_0002.uasset" 6606
"../../../Engine/Content/EngineMaterials/Substrate/Glints2/dict_0000_0001.uasset" 6607
"../../../Engine/Content/EngineMaterials/Substrate/Glints2/dict_0000_0003.uasset" 6608
"../../../Engine/Content/EngineMaterials/Substrate/Glints2/dict_0000_0004.uasset" 6609
"../../../Engine/Content/EngineMaterials/Substrate/Glints2/dict_0000_0006.uasset" 6610
"../../../Engine/Content/EngineMaterials/Substrate/Glints2/dict_0000_0009.uasset" 6611
"../../../Engine/Content/EngineMaterials/Substrate/Glints2/dict_0000_0008.uasset" 6612
"../../../Engine/Content/EngineMaterials/Substrate/Glints2/dict_0000_0010.uasset" 6613
"../../../Engine/Content/EngineMaterials/Substrate/Glints2/dict_0000_0002.uasset" 6614
"../../../Engine/Content/EngineMaterials/Substrate/GLints/dict_16_192_64_0p5_0p02_0063_0003.uasset" 6615
"/Engine/EngineMaterials/Substrate/Glints2/dict_0000_0010" 6616
"../../../Engine/Content/EngineMaterials/Substrate/Glints2/dict_0000_0011.uasset" 6617
"/Engine/EngineMaterials/Substrate/Glints2/dict_0000_0009" 6618
"/Engine/EngineMaterials/Substrate/Glints2/dict_0000_0008" 6619
"../../../Engine/Content/EngineMaterials/Substrate/Glints2/dict_0000_0013.uasset" 6620
"/Engine/EngineMaterials/Substrate/Glints2/dict_0000_0006" 6621
"/Engine/EngineMaterials/Substrate/GLints/dict_16_192_64_0p5_0p02_0062_0013" 6622
"../../../Engine/Content/EngineMaterials/Substrate/Glints2/dict_0000_0012.uasset" 6623
"/Engine/EngineMaterials/Substrate/Glints2/dict_0000_0004" 6624
"/Engine/EngineMaterials/Substrate/Glints2/dict_0000_0003" 6625
"/Engine/EngineMaterials/Substrate/Glints2/dict_0000_0002" 6626
"/Engine/EngineMaterials/Substrate/Glints2/dict_0000_0001" 6627
"/Engine/EngineMaterials/Substrate/Glints2/dict_0000_0000" 6628
"/Engine/EngineMaterials/Substrate/GLints/dict_16_192_64_0p5_0p02_0063_0003" 6629
"/Engine/EngineMaterials/Substrate/GLints/dict_16_192_64_0p5_0p02_0063_0002" 6630
"../../../Engine/Content/EngineMaterials/Substrate/Glints2/dict_0000_0014.uasset" 6631
"/Engine/EngineMaterials/Substrate/Glints2/dict_0000_0014" 6632
"/Engine/EngineMaterials/Substrate/Glints2/dict_0000_0013" 6633
"/Engine/EngineMaterials/Substrate/Glints2/dict_0000_0012" 6634
"/Engine/EngineMaterials/Substrate/Glints2/dict_0000_0011" 6635
"../../../Engine/Content/EngineMaterials/Substrate/Glints2/dict_0000_0016.uasset" 6636
"../../../Engine/Content/EngineMaterials/Substrate/Glints2/dict_0000_0018.uasset" 6637
"../../../Engine/Content/EngineMaterials/Substrate/Glints2/dict_0000_0005.uasset" 6638
"../../../Engine/Content/EngineMaterials/Substrate/Glints2/dict_0000_0007.uasset" 6639
"../../../Engine/Content/EngineMaterials/Substrate/Glints2/dict_0000_0019.uasset" 6640
"../../../Engine/Content/EngineMaterials/Substrate/Glints2/dict_0000_0017.uasset" 6641
"../../../Engine/Content/EngineMaterials/Substrate/Glints2/dict_0000_0020.uasset" 6642
"../../../Engine/Content/EngineMaterials/Substrate/GLints/dict_16_192_64_0p5_0p02_0063_0001.uasset" 6643
"../../../Engine/Content/EngineMaterials/Substrate/Glints2/dict_0000_0022.uasset" 6644
"../../../Engine/Content/EngineMaterials/Substrate/Glints2/dict_0000_0026.uasset" 6645
"../../../Engine/Content/EngineMaterials/Substrate/Glints2/dict_0000_0024.uasset" 6646
"../../../Engine/Content/EngineMaterials/Substrate/Glints2/dict_0000_0025.uasset" 6647
"../../../Engine/Content/EngineMaterials/Substrate/Glints2/dict_0000_0027.uasset" 6648
"/Engine/EngineMaterials/Substrate/Glints2/dict_0000_0022" 6649
"../../../Engine/Content/EngineMaterials/Substrate/Glints2/dict_0000_0029.uasset" 6650
"/Engine/EngineMaterials/Substrate/Glints2/dict_0000_0007" 6651
"/Engine/EngineMaterials/Substrate/Glints2/dict_0000_0020" 6652
"/Engine/EngineMaterials/Substrate/Glints2/dict_0000_0005" 6653
"/Engine/EngineMaterials/Substrate/Glints2/dict_0000_0019" 6654
"/Engine/EngineMaterials/Substrate/Glints2/dict_0000_0027" 6655
"/Engine/EngineMaterials/Substrate/Glints2/dict_0000_0024" 6656
"/Engine/EngineMaterials/Substrate/Glints2/dict_0000_0026" 6657
"/Engine/EngineMaterials/Substrate/Glints2/dict_0000_0018" 6658
"/Engine/EngineMaterials/Substrate/Glints2/dict_0000_0025" 6659
"../../../Engine/Content/EngineMaterials/Substrate/Glints2/dict_0000_0023.uasset" 6660
"/Engine/EngineMaterials/Substrate/GLints/dict_16_192_64_0p5_0p02_0063_0001" 6661
"/Engine/EngineMaterials/Substrate/Glints2/dict_0000_0017" 6662
"/Engine/EngineMaterials/Substrate/Glints2/dict_0000_0016" 6663
"/Engine/EngineMaterials/Substrate/Glints2/dict_0000_0023" 6664
"/Engine/EngineMaterials/Substrate/Glints2/dict_0000_0029" 6665
"../../../Engine/Content/EngineMaterials/Substrate/Glints2/dict_0000_0030.uasset" 6666
"../../../Engine/Content/EngineMaterials/Substrate/Glints2/dict_0000_0032.uasset" 6667
"../../../Engine/Content/EngineMaterials/Substrate/Glints2/dict_0000_0033.uasset" 6668
"../../../Engine/Content/EngineMaterials/Substrate/Glints2/dict_0000_0034.uasset" 6669
"../../../Engine/Content/EngineMaterials/Substrate/Glints2/dict_0000_0031.uasset" 6670
"../../../Engine/Content/EngineMaterials/Substrate/Glints2/dict_0000_0036.uasset" 6671
"../../../Engine/Content/EngineMaterials/Substrate/Glints2/dict_0000_0035.uasset" 6672
"../../../Engine/Content/EngineMaterials/Substrate/Glints2/dict_0000_0039.uasset" 6673
"../../../Engine/Content/EngineMaterials/Substrate/GLints/dict_16_192_64_0p5_0p02_0062_0010.uasset" 6674
"../../../Engine/Content/EngineMaterials/Substrate/Glints2/dict_0000_0038.uasset" 6675
"../../../Engine/Content/EngineMaterials/Substrate/Glints2/dict_0000_0037.uasset" 6676
"../../../Engine/Content/EngineMaterials/Substrate/Glints2/dict_0000_0041.uasset" 6677
"../../../Engine/Content/EngineMaterials/Substrate/Glints2/dict_0000_0042.uasset" 6678
"/Engine/EngineMaterials/Substrate/Glints2/dict_0000_0036" 6679
"../../../Engine/Content/EngineMaterials/Substrate/Glints2/dict_0000_0040.uasset" 6680
"/Engine/EngineMaterials/Substrate/Glints2/dict_0000_0035" 6681
"/Engine/EngineMaterials/Substrate/Glints2/dict_0000_0034" 6682
"../../../Engine/Content/EngineMaterials/Substrate/Glints2/dict_0000_0045.uasset" 6683
"../../../Engine/Content/EngineMaterials/Substrate/Glints2/dict_0000_0015.uasset" 6684
"../../../Engine/Content/EngineMaterials/Substrate/Glints2/dict_0000_0043.uasset" 6685
"/Engine/EngineMaterials/Substrate/Glints2/dict_0000_0033" 6686
"../../../Engine/Content/EngineMaterials/Substrate/GLints/dict_16_192_64_0p5_0p02_0062_0015.uasset" 6687
"../../../Engine/Content/EngineMaterials/Substrate/Glints2/dict_0000_0044.uasset" 6688
"/Engine/EngineMaterials/Substrate/Glints2/dict_0000_0032" 6689
"/Engine/EngineMaterials/Substrate/Glints2/dict_0000_0031" 6690
"/Engine/EngineMaterials/Substrate/Glints2/dict_0000_0030" 6691
"/Engine/EngineMaterials/Substrate/Glints2/dict_0000_0039" 6692
"/Engine/EngineMaterials/Substrate/Glints2/dict_0000_0038" 6693
"/Engine/EngineMaterials/Substrate/GLints/dict_16_192_64_0p5_0p02_0062_0010" 6694
"/Engine/EngineMaterials/Substrate/Glints2/dict_0000_0037" 6695
"/Engine/EngineMaterials/Substrate/GLints/dict_16_192_64_0p5_0p02_0062_0015" 6696
"/Engine/EngineMaterials/Substrate/Glints2/dict_0000_0040" 6697
"/Engine/EngineMaterials/Substrate/GLints/AGlintTex2dArray" 6698
"../../../Engine/Content/EngineMaterials/Substrate/Glints2/dict_0000_0049.uasset" 6699
"../../../Engine/Content/EngineMaterials/Substrate/Glints2/dict_0000_0048.uasset" 6700
"../../../Engine/Content/EngineMaterials/Substrate/Glints2/dict_0000_0047.uasset" 6701
"../../../Engine/Content/EngineMaterials/Substrate/Glints2/dict_0000_0052.uasset" 6702
"../../../Engine/Content/EngineMaterials/Substrate/Glints2/dict_0000_0054.uasset" 6703
"../../../Engine/Content/EngineMaterials/Substrate/Glints2/dict_0000_0051.uasset" 6704
"/Engine/EngineMaterials/Substrate/Glints2/dict_0000_0045" 6705
"/Engine/EngineMaterials/Substrate/Glints2/dict_0000_0044" 6706
"/Engine/EngineMaterials/Substrate/Glints2/dict_0000_0043" 6707
"../../../Engine/Content/EngineMaterials/Substrate/Glints2/dict_0000_0056.uasset" 6708
"/Engine/EngineMaterials/Substrate/Glints2/dict_0000_0042" 6709
"/Engine/EngineMaterials/Substrate/Glints2/dict_0000_0041" 6710
"/Engine/EngineMaterials/Substrate/Glints2/dict_0000_0015" 6711
"/Engine/EngineMaterials/Substrate/Glints2/dict_0000_0052" 6712
"/Engine/EngineMaterials/Substrate/Glints2/dict_0000_0051" 6713
"/Engine/EngineMaterials/Substrate/Glints2/dict_0000_0049" 6714
"/Engine/EngineMaterials/Substrate/Glints2/dict_0000_0054" 6715
"../../../Engine/Content/EngineMaterials/Substrate/Glints2/dict_0000_0058.uasset" 6716
"/Engine/EngineMaterials/Substrate/Glints2/dict_0000_0048" 6717
"/Engine/EngineMaterials/Substrate/Glints2/dict_0000_0047" 6718
"/Engine/EngineMaterials/Substrate/Glints2/dict_0000_0056" 6719
"/Engine/EngineMaterials/Substrate/Glints2/dict_0000_0058" 6720
"../../../Engine/Content/EngineMaterials/Substrate/Glints2/dict_0000_0057.uasset" 6721
"../../../Engine/Content/EngineMaterials/Substrate/Glints2/dict_0000_0021.uasset" 6722
"../../../Engine/Content/EngineMaterials/Substrate/Glints2/dict_0000_0060.uasset" 6723
"../../../Engine/Content/EngineMaterials/Substrate/Glints2/dict_0000_0061.uasset" 6724
"../../../Engine/Content/EngineMaterials/Substrate/Glints2/dict_0000_0062.uasset" 6725
"../../../Engine/Content/EngineMaterials/Substrate/Glints2/dict_0000_0059.uasset" 6726
"../../../Engine/Content/EngineMaterials/Substrate/Glints2/dict_0000_0064.uasset" 6727
"../../../Engine/Content/EngineMaterials/Substrate/Glints2/dict_0000_0063.uasset" 6728
"../../../Engine/Content/EngineMaterials/Substrate/Glints2/dict_0000_0066.uasset" 6729
"../../../Engine/Content/EngineMaterials/Substrate/Glints2/dict_0000_0067.uasset" 6730
"../../../Engine/Content/EngineMaterials/Substrate/Glints2/dict_0000_0069.uasset" 6731
"../../../Engine/Content/EngineMaterials/Substrate/Glints2/dict_0000_0065.uasset" 6732
"../../../Engine/Content/EngineMaterials/Substrate/Glints2/dict_0000_0070.uasset" 6733
"../../../Engine/Content/EngineMaterials/Substrate/Glints2/dict_0000_0050.uasset" 6734
"../../../Engine/Content/EngineMaterials/Substrate/Glints2/dict_0000_0068.uasset" 6735
"../../../Engine/Content/EngineMaterials/Substrate/Glints2/dict_0000_0071.uasset" 6736
"../../../Engine/Content/EngineMaterials/Substrate/Glints2/dict_0000_0072.uasset" 6737
"/Engine/EngineMaterials/Substrate/Glints2/dict_0000_0066" 6738
"/Engine/EngineMaterials/Substrate/Glints2/dict_0000_0065" 6739
"/Engine/EngineMaterials/Substrate/Glints2/dict_0000_0021" 6740
"/Engine/EngineMaterials/Substrate/Glints2/dict_0000_0064" 6741
"/Engine/EngineMaterials/Substrate/Glints2/dict_0000_0063" 6742
"/Engine/EngineMaterials/Substrate/Glints2/dict_0000_0050" 6743
"../../../Engine/Content/EngineMaterials/Substrate/Glints2/dict_0000_0053.uasset" 6744
"../../../Engine/Content/EngineMaterials/Substrate/Glints2/dict_0000_0078.uasset" 6745
"/Engine/EngineMaterials/Substrate/Glints2/dict_0000_0062" 6746
"/Engine/EngineMaterials/Substrate/Glints2/dict_0000_0061" 6747
"../../../Engine/Content/EngineMaterials/Substrate/Glints2/dict_0000_0075.uasset" 6748
"/Engine/EngineMaterials/Substrate/Glints2/dict_0000_0060" 6749
"../../../Engine/Content/EngineMaterials/Substrate/Glints2/dict_0000_0079.uasset" 6750
"/Engine/EngineMaterials/Substrate/Glints2/dict_0000_0059" 6751
"/Engine/EngineMaterials/Substrate/Glints2/dict_0000_0072" 6752
"/Engine/EngineMaterials/Substrate/Glints2/dict_0000_0071" 6753
"/Engine/EngineMaterials/Substrate/Glints2/dict_0000_0057" 6754
"../../../Engine/Content/EngineMaterials/Substrate/Glints2/dict_0000_0073.uasset" 6755
"../../../Engine/Content/EngineMaterials/Substrate/Glints2/dict_0000_0074.uasset" 6756
"/Engine/EngineMaterials/Substrate/Glints2/dict_0000_0070" 6757
"/Engine/EngineMaterials/Substrate/Glints2/dict_0000_0069" 6758
"/Engine/EngineMaterials/Substrate/Glints2/dict_0000_0068" 6759
"/Engine/EngineMaterials/Substrate/Glints2/dict_0000_0067" 6760
"/Engine/EngineMaterials/Substrate/Glints2/dict_0000_0053" 6761
"/Engine/EngineMaterials/Substrate/Glints2/dict_0000_0075" 6762
"/Engine/EngineMaterials/Substrate/Glints2/dict_0000_0074" 6763
"/Engine/EngineMaterials/Substrate/Glints2/dict_0000_0079" 6764
"/Engine/EngineMaterials/Substrate/Glints2/dict_0000_0078" 6765
"/Engine/EngineMaterials/Substrate/Glints2/dict_0000_0073" 6766
"../../../Engine/Content/EngineMaterials/Substrate/Glints2/dict_0000_0046.uasset" 6767
"../../../Engine/Content/EngineMaterials/Substrate/Glints2/dict_0000_0055.uasset" 6768
"../../../Engine/Content/EngineMaterials/Substrate/Glints2/dict_0000_0077.uasset" 6769
"../../../Engine/Content/EngineMaterials/Substrate/Glints2/dict_0000_0083.uasset" 6770
"../../../Engine/Content/EngineMaterials/Substrate/Glints2/dict_0000_0082.uasset" 6771
"../../../Engine/Content/EngineMaterials/Substrate/Glints2/dict_0000_0081.uasset" 6772
"../../../Engine/Content/EngineMaterials/Substrate/Glints2/dict_0000_0084.uasset" 6773
"../../../Engine/Content/EngineMaterials/Substrate/Glints2/dict_0000_0087.uasset" 6774
"../../../Engine/Content/EngineMaterials/Substrate/Glints2/dict_0000_0086.uasset" 6775
"../../../Engine/Content/EngineMaterials/Substrate/Glints2/dict_0000_0089.uasset" 6776
"../../../Engine/Content/EngineMaterials/Substrate/Glints2/dict_0000_0088.uasset" 6777
"../../../Engine/Content/EngineMaterials/Substrate/Glints2/dict_0000_0090.uasset" 6778
"../../../Engine/Content/EngineMaterials/Substrate/Glints2/dict_0000_0091.uasset" 6779
"/Engine/EngineMaterials/Substrate/Glints2/dict_0000_0055" 6780
"/Engine/EngineMaterials/Substrate/Glints2/dict_0000_0082" 6781
"/Engine/EngineMaterials/Substrate/Glints2/dict_0000_0081" 6782
"/Engine/EngineMaterials/Substrate/Glints2/dict_0000_0091" 6783
"/Engine/EngineMaterials/Substrate/Glints2/dict_0000_0083" 6784
"/Engine/EngineMaterials/Substrate/Glints2/dict_0000_0077" 6785
"/Engine/EngineMaterials/Substrate/Glints2/dict_0000_0046" 6786
"../../../Engine/Content/EngineMaterials/Substrate/Glints2/dict_0000_0093.uasset" 6787
"../../../Engine/Content/EngineMaterials/Substrate/Glints2/dict_0000_0080.uasset" 6788
"/Engine/EngineMaterials/Substrate/Glints2/dict_0000_0090" 6789
"../../../Engine/Content/EngineMaterials/Substrate/Glints2/dict_0000_0085.uasset" 6790
"/Engine/EngineMaterials/Substrate/Glints2/dict_0000_0089" 6791
"../../../Engine/Content/EngineMaterials/Substrate/Glints2/dict_0000_0097.uasset" 6792
"/Engine/EngineMaterials/Substrate/Glints2/dict_0000_0088" 6793
"/Engine/EngineMaterials/Substrate/Glints2/dict_0000_0087" 6794
"/Engine/EngineMaterials/Substrate/Glints2/dict_0000_0086" 6795
"/Engine/EngineMaterials/Substrate/Glints2/dict_0000_0084" 6796
"/Engine/EngineMaterials/Substrate/Glints2/dict_0000_0097" 6797
"/Engine/EngineMaterials/Substrate/Glints2/dict_0000_0080" 6798
"/Engine/EngineMaterials/Substrate/Glints2/dict_0000_0093" 6799
"/Engine/EngineMaterials/Substrate/Glints2/dict_0000_0085" 6800
"../../../Engine/Content/EngineMaterials/Substrate/Glints2/dict_0000_0096.uasset" 6801
"../../../Engine/Content/EngineMaterials/Substrate/Glints2/dict_0000_0095.uasset" 6802
"../../../Engine/Content/EngineMaterials/Substrate/Glints2/dict_0000_0094.uasset" 6803
"../../../Engine/Content/EngineMaterials/Substrate/Glints2/dict_0000_0092.uasset" 6804
"../../../Engine/Content/EngineMaterials/Substrate/Glints2/dict_0000_0101.uasset" 6805
"../../../Engine/Content/EngineMaterials/Substrate/Glints2/dict_0000_0098.uasset" 6806
"../../../Engine/Content/EngineMaterials/Substrate/Glints2/dict_0000_0103.uasset" 6807
"../../../Engine/Content/EngineMaterials/Substrate/Glints2/dict_0000_0076.uasset" 6808
"../../../Engine/Content/EngineMaterials/Substrate/Glints2/dict_0000_0104.uasset" 6809
"../../../Engine/Content/EngineMaterials/Substrate/Glints2/dict_0000_0106.uasset" 6810
"../../../Engine/Content/EngineMaterials/Substrate/Glints2/dict_0000_0102.uasset" 6811
"/Engine/EngineMaterials/Substrate/Glints2/dict_0000_0106" 6812
"/Engine/EngineMaterials/Substrate/Glints2/dict_0000_0098" 6813
"/Engine/EngineMaterials/Substrate/Glints2/dict_0000_0096" 6814
"../../../Engine/Content/EngineMaterials/Substrate/Glints2/dict_0000_0105.uasset" 6815
"/Engine/EngineMaterials/Substrate/Glints2/dict_0000_0095" 6816
"/Engine/EngineMaterials/Substrate/Glints2/dict_0000_0094" 6817
"/Engine/EngineMaterials/Substrate/Glints2/dict_0000_0092" 6818
"/Engine/EngineMaterials/Substrate/Glints2/dict_0000_0104" 6819
"/Engine/EngineMaterials/Substrate/Glints2/dict_0000_0103" 6820
"/Engine/EngineMaterials/Substrate/Glints2/dict_0000_0102" 6821
"/Engine/EngineMaterials/Substrate/Glints2/dict_0000_0101" 6822
"/Engine/EngineMaterials/Substrate/Glints2/dict_0000_0076" 6823
"/Engine/EngineMaterials/Substrate/Glints2/dict_0000_0105" 6824
"../../../Engine/Content/EngineMaterials/Substrate/Glints2/dict_0000_0028.uasset" 6825
"../../../Engine/Content/EngineMaterials/Substrate/Glints2/dict_0000_0110.uasset" 6826
"../../../Engine/Content/EngineMaterials/Substrate/Glints2/dict_0000_0111.uasset" 6827
"../../../Engine/Content/EngineMaterials/Substrate/Glints2/dict_0000_0107.uasset" 6828
"../../../Engine/Content/EngineMaterials/Substrate/Glints2/dict_0000_0115.uasset" 6829
"../../../Engine/Content/EngineMaterials/Substrate/Glints2/dict_0000_0108.uasset" 6830
"../../../Engine/Content/EngineMaterials/Substrate/Glints2/dict_0000_0112.uasset" 6831
"../../../Engine/Content/EngineMaterials/Substrate/Glints2/dict_0000_0116.uasset" 6832
"../../../Engine/Content/EngineMaterials/Substrate/Glints2/dict_0000_0117.uasset" 6833
"../../../Engine/Content/EngineMaterials/Substrate/Glints2/dict_0000_0118.uasset" 6834
"/Engine/EngineMaterials/Substrate/Glints2/dict_0000_0118" 6835
"../../../Engine/Content/EngineMaterials/Substrate/Glints2/dict_0000_0121.uasset" 6836
"../../../Engine/Content/EngineMaterials/Substrate/Glints2/dict_0000_0109.uasset" 6837
"../../../Engine/Content/EngineMaterials/Substrate/Glints2/dict_0000_0119.uasset" 6838
"../../../Engine/Content/EngineMaterials/Substrate/Glints2/dict_0000_0120.uasset" 6839
"/Engine/EngineMaterials/Substrate/Glints2/dict_0000_0117" 6840
"/Engine/EngineMaterials/Substrate/Glints2/dict_0000_0116" 6841
"/Engine/EngineMaterials/Substrate/Glints2/dict_0000_0028" 6842
"/Engine/EngineMaterials/Substrate/Glints2/dict_0000_0115" 6843
"/Engine/EngineMaterials/Substrate/Glints2/dict_0000_0112" 6844
"/Engine/EngineMaterials/Substrate/Glints2/dict_0000_0111" 6845
"../../../Engine/Content/EngineMaterials/Substrate/Glints2/dict_0000_0122.uasset" 6846
"/Engine/EngineMaterials/Substrate/Glints2/dict_0000_0110" 6847
"/Engine/EngineMaterials/Substrate/Glints2/dict_0000_0108" 6848
"/Engine/EngineMaterials/Substrate/Glints2/dict_0000_0107" 6849
"/Engine/EngineMaterials/Substrate/Glints2/dict_0000_0119" 6850
"/Engine/EngineMaterials/Substrate/Glints2/dict_0000_0122" 6851
"/Engine/EngineMaterials/Substrate/Glints2/dict_0000_0121" 6852
"/Engine/EngineMaterials/Substrate/Glints2/dict_0000_0109" 6853
"/Engine/EngineMaterials/Substrate/Glints2/dict_0000_0120" 6854
"../../../Engine/Content/EngineMaterials/Substrate/Glints2/dict_0000_0123.uasset" 6855
"../../../Engine/Content/EngineMaterials/Substrate/Glints2/dict_0000_0124.uasset" 6856
"../../../Engine/Content/EngineMaterials/Substrate/Glints2/dict_0000_0126.uasset" 6857
"../../../Engine/Content/EngineMaterials/Substrate/Glints2/dict_0000_0127.uasset" 6858
"../../../Engine/Content/EngineMaterials/Substrate/Glints2/dict_0000_0128.uasset" 6859
"../../../Engine/Content/EngineMaterials/Substrate/Glints2/dict_0000_0129.uasset" 6860
"../../../Engine/Content/EngineMaterials/Substrate/Glints2/dict_0000_0099.uasset" 6861
"../../../Engine/Content/EngineMaterials/Substrate/Glints2/dict_0000_0133.uasset" 6862
"../../../Engine/Content/EngineMaterials/Substrate/Glints2/dict_0000_0134.uasset" 6863
"../../../Engine/Content/EngineMaterials/Substrate/Glints2/dict_0000_0131.uasset" 6864
"../../../Engine/Content/EngineMaterials/Substrate/Glints2/dict_0000_0130.uasset" 6865
"../../../Engine/Content/EngineMaterials/Substrate/Glints2/dict_0000_0132.uasset" 6866
"../../../Engine/Content/EngineMaterials/Substrate/Glints2/dict_0000_0113.uasset" 6867
"/Engine/EngineMaterials/Substrate/Glints2/dict_0000_0134" 6868
"../../../Engine/Content/EngineMaterials/Substrate/Glints2/dict_0000_0137.uasset" 6869
"/Engine/EngineMaterials/Substrate/Glints2/dict_0000_0099" 6870
"/Engine/EngineMaterials/Substrate/Glints2/dict_0000_0133" 6871
"/Engine/EngineMaterials/Substrate/Glints2/dict_0000_0123" 6872
"/Engine/EngineMaterials/Substrate/Glints2/dict_0000_0132" 6873
"/Engine/EngineMaterials/Substrate/Glints2/dict_0000_0131" 6874
"/Engine/EngineMaterials/Substrate/Glints2/dict_0000_0130" 6875
"/Engine/EngineMaterials/Substrate/Glints2/dict_0000_0129" 6876
"/Engine/EngineMaterials/Substrate/Glints2/dict_0000_0128" 6877
"/Engine/EngineMaterials/Substrate/Glints2/dict_0000_0127" 6878
"/Engine/EngineMaterials/Substrate/Glints2/dict_0000_0126" 6879
"/Engine/EngineMaterials/Substrate/Glints2/dict_0000_0113" 6880
"/Engine/EngineMaterials/Substrate/Glints2/dict_0000_0124" 6881
"/Engine/EngineMaterials/Substrate/Glints2/dict_0000_0137" 6882
"../../../Engine/Content/EngineMaterials/Substrate/Glints2/dict_0000_0141.uasset" 6883
"../../../Engine/Content/EngineMaterials/Substrate/Glints2/dict_0000_0136.uasset" 6884
"../../../Engine/Content/EngineMaterials/Substrate/Glints2/dict_0000_0142.uasset" 6885
"../../../Engine/Content/EngineMaterials/Substrate/Glints2/dict_0000_0144.uasset" 6886
"../../../Engine/Content/EngineMaterials/Substrate/Glints2/dict_0000_0135.uasset" 6887
"../../../Engine/Content/EngineMaterials/Substrate/Glints2/dict_0000_0140.uasset" 6888
"../../../Engine/Content/EngineMaterials/Substrate/Glints2/dict_0000_0138.uasset" 6889
"../../../Engine/Content/EngineMaterials/Substrate/Glints2/dict_0000_0139.uasset" 6890
"../../../Engine/Content/EngineMaterials/Substrate/Glints2/dict_0000_0145.uasset" 6891
"/Engine/EngineMaterials/Substrate/Glints2/dict_0000_0135" 6892
"/Engine/EngineMaterials/Substrate/Glints2/dict_0000_0145" 6893
"/Engine/EngineMaterials/Substrate/Glints2/dict_0000_0144" 6894
"/Engine/EngineMaterials/Substrate/Glints2/dict_0000_0142" 6895
"/Engine/EngineMaterials/Substrate/Glints2/dict_0000_0141" 6896
"/Engine/EngineMaterials/Substrate/Glints2/dict_0000_0140" 6897
"/Engine/EngineMaterials/Substrate/Glints2/dict_0000_0139" 6898
"/Engine/EngineMaterials/Substrate/Glints2/dict_0000_0138" 6899
"/Engine/EngineMaterials/Substrate/Glints2/dict_0000_0136" 6900
"../../../Engine/Content/EngineMaterials/Substrate/Glints2/dict_0000_0146.uasset" 6901
"../../../Engine/Content/EngineMaterials/Substrate/Glints2/dict_0000_0151.uasset" 6902
"../../../Engine/Content/EngineMaterials/Substrate/Glints2/dict_0000_0152.uasset" 6903
"../../../Engine/Content/EngineMaterials/Substrate/Glints2/dict_0000_0125.uasset" 6904
"../../../Engine/Content/EngineMaterials/Substrate/Glints2/dict_0000_0149.uasset" 6905
"../../../Engine/Content/EngineMaterials/Substrate/Glints2/dict_0000_0150.uasset" 6906
"../../../Engine/Content/EngineMaterials/Substrate/Glints2/dict_0000_0153.uasset" 6907
"../../../Engine/Content/EngineMaterials/Substrate/Glints2/dict_0000_0154.uasset" 6908
"/Engine/EngineMaterials/Substrate/Glints2/dict_0000_0149" 6909
"/Engine/EngineMaterials/Substrate/Glints2/dict_0000_0154" 6910
"/Engine/EngineMaterials/Substrate/Glints2/dict_0000_0153" 6911
"/Engine/EngineMaterials/Substrate/Glints2/dict_0000_0125" 6912
"/Engine/EngineMaterials/Substrate/Glints2/dict_0000_0152" 6913
"/Engine/EngineMaterials/Substrate/Glints2/dict_0000_0146" 6914
"../../../Engine/Content/EngineMaterials/Substrate/Glints2/dict_0000_0148.uasset" 6915
"/Engine/EngineMaterials/Substrate/Glints2/dict_0000_0151" 6916
"/Engine/EngineMaterials/Substrate/Glints2/dict_0000_0150" 6917
"/Engine/EngineMaterials/Substrate/Glints2/dict_0000_0148" 6918
"../../../Engine/Content/EngineMaterials/Substrate/Glints2/dict_0000_0156.uasset" 6919
"../../../Engine/Content/EngineMaterials/Substrate/Glints2/dict_0000_0157.uasset" 6920
"../../../Engine/Content/EngineMaterials/Substrate/Glints2/dict_0000_0147.uasset" 6921
"../../../Engine/Content/EngineMaterials/Substrate/Glints2/dict_0000_0158.uasset" 6922
"../../../Engine/Content/EngineMaterials/Substrate/Glints2/dict_0000_0161.uasset" 6923
"../../../Engine/Content/EngineMaterials/Substrate/Glints2/dict_0000_0160.uasset" 6924
"../../../Engine/Content/EngineMaterials/Substrate/Glints2/dict_0000_0163.uasset" 6925
"../../../Engine/Content/EngineMaterials/Substrate/Glints2/dict_0000_0167.uasset" 6926
"../../../Engine/Content/EngineMaterials/Substrate/Glints2/dict_0000_0165.uasset" 6927
"/Engine/EngineMaterials/Substrate/Glints2/dict_0000_0163" 6928
"/Engine/EngineMaterials/Substrate/Glints2/dict_0000_0161" 6929
"/Engine/EngineMaterials/Substrate/Glints2/dict_0000_0160" 6930
"/Engine/EngineMaterials/Substrate/Glints2/dict_0000_0158" 6931
"/Engine/EngineMaterials/Substrate/Glints2/dict_0000_0157" 6932
"/Engine/EngineMaterials/Substrate/Glints2/dict_0000_0156" 6933
"/Engine/EngineMaterials/Substrate/Glints2/dict_0000_0147" 6934
"/Engine/EngineMaterials/Substrate/Glints2/dict_0000_0167" 6935
"/Engine/EngineMaterials/Substrate/Glints2/dict_0000_0165" 6936
"../../../Engine/Content/EngineMaterials/Substrate/Glints2/dict_0000_0114.uasset" 6937
"../../../Engine/Content/EngineMaterials/Substrate/Glints2/dict_0000_0159.uasset" 6938
"../../../Engine/Content/EngineMaterials/Substrate/Glints2/dict_0000_0164.uasset" 6939
"../../../Engine/Content/EngineMaterials/Substrate/Glints2/dict_0000_0166.uasset" 6940
"../../../Engine/Content/EngineMaterials/Substrate/Glints2/dict_0000_0168.uasset" 6941
"../../../Engine/Content/EngineMaterials/Substrate/Glints2/dict_0000_0169.uasset" 6942
"../../../Engine/Content/EngineMaterials/Substrate/Glints2/dict_0000_0162.uasset" 6943
"../../../Engine/Content/EngineMaterials/Substrate/Glints2/dict_0000_0175.uasset" 6944
"../../../Engine/Content/EngineMaterials/Substrate/Glints2/dict_0000_0174.uasset" 6945
"../../../Engine/Content/EngineMaterials/Substrate/Glints2/dict_0000_0173.uasset" 6946
"/Engine/EngineMaterials/Substrate/Glints2/dict_0000_0162" 6947
"/Engine/EngineMaterials/Substrate/Glints2/dict_0000_0173" 6948
"/Engine/EngineMaterials/Substrate/Glints2/dict_0000_0159" 6949
"/Engine/EngineMaterials/Substrate/Glints2/dict_0000_0169" 6950
"/Engine/EngineMaterials/Substrate/Glints2/dict_0000_0114" 6951
"/Engine/EngineMaterials/Substrate/Glints2/dict_0000_0168" 6952
"/Engine/EngineMaterials/Substrate/Glints2/dict_0000_0166" 6953
"/Engine/EngineMaterials/Substrate/Glints2/dict_0000_0164" 6954
"/Engine/EngineMaterials/Substrate/Glints2/dict_0000_0175" 6955
"/Engine/EngineMaterials/Substrate/Glints2/dict_0000_0174" 6956
"../../../Engine/Content/EngineMaterials/Substrate/Glints2/dict_0000_0177.uasset" 6957
"../../../Engine/Content/EngineMaterials/Substrate/Glints2/dict_0000_0171.uasset" 6958
"../../../Engine/Content/EngineMaterials/Substrate/Glints2/dict_0000_0178.uasset" 6959
"../../../Engine/Content/EngineMaterials/Substrate/Glints2/dict_0000_0172.uasset" 6960
"../../../Engine/Content/EngineMaterials/Substrate/Glints2/dict_0000_0176.uasset" 6961
"../../../Engine/Content/EngineMaterials/Substrate/Glints2/dict_0000_0181.uasset" 6962
"../../../Engine/Content/EngineMaterials/Substrate/Glints2/dict_0000_0182.uasset" 6963
"../../../Engine/Content/EngineMaterials/Substrate/Glints2/dict_0000_0143.uasset" 6964
"../../../Engine/Content/EngineMaterials/Substrate/Glints2/dict_0000_0184.uasset" 6965
"../../../Engine/Content/EngineMaterials/Substrate/Glints2/dict_0000_0155.uasset" 6966
"../../../Engine/Content/EngineMaterials/Substrate/Glints2/dict_0000_0100.uasset" 6967
"/Engine/EngineMaterials/Substrate/Glints2/dict_0000_0182" 6968
"/Engine/EngineMaterials/Substrate/Glints2/dict_0000_0172" 6969
"/Engine/EngineMaterials/Substrate/Glints2/dict_0000_0171" 6970
"../../../Engine/Content/EngineMaterials/Substrate/Glints2/dict_0000_0185.uasset" 6971
"/Engine/EngineMaterials/Substrate/Glints2/dict_0000_0181" 6972
"/Engine/EngineMaterials/Substrate/Glints2/dict_0000_0184" 6973
"/Engine/EngineMaterials/Substrate/Glints2/dict_0000_0155" 6974
"/Engine/EngineMaterials/Substrate/Glints2/dict_0000_0143" 6975
"/Engine/EngineMaterials/Substrate/Glints2/dict_0000_0178" 6976
"../../../Engine/Content/EngineMaterials/Substrate/Glints2/dict_0000_0186.uasset" 6977
"/Engine/EngineMaterials/Substrate/Glints2/dict_0000_0177" 6978
"/Engine/EngineMaterials/Substrate/Glints2/dict_0000_0176" 6979
"../../../Engine/Content/EngineMaterials/Substrate/Glints2/dict_0000_0183.uasset" 6980
"/Engine/EngineMaterials/Substrate/Glints2/dict_0000_0100" 6981
"/Engine/EngineMaterials/Substrate/Glints2/dict_0000_0185" 6982
"../../../Engine/Content/EngineMaterials/Substrate/Glints2/dict_0000_0188.uasset" 6983
"/Engine/EngineMaterials/Substrate/Glints2/dict_0000_0183" 6984
"/Engine/EngineMaterials/Substrate/Glints2/dict_0000_0188" 6985
"../../../Engine/Content/EngineMaterials/Substrate/Glints2/dict_0000_0193.uasset" 6986
"../../../Engine/Content/EngineMaterials/Substrate/Glints2/dict_0000_0191.uasset" 6987
"../../../Engine/Content/EngineMaterials/Substrate/Glints2/dict_0000_0190.uasset" 6988
"../../../Engine/Content/EngineMaterials/Substrate/Glints2/dict_0000_0179.uasset" 6989
"../../../Engine/Content/EngineMaterials/Substrate/Glints2/dict_0000_0192.uasset" 6990
"../../../Engine/Content/EngineMaterials/Substrate/Glints2/dict_0000_0170.uasset" 6991
"../../../Engine/Content/EngineMaterials/Substrate/Glints2/dict_0000_0180.uasset" 6992
"../../../Engine/Content/EngineMaterials/Substrate/Glints2/dict_0000_0195.uasset" 6993
"../../../Engine/Content/EngineMaterials/Substrate/Glints2/dict_0000_0194.uasset" 6994
"../../../Engine/Content/EngineMaterials/Substrate/Glints2/dict_0000_0197.uasset" 6995
"../../../Engine/Content/EngineMaterials/Substrate/Glints2/dict_0000_0199.uasset" 6996
"/Engine/EngineMaterials/Substrate/Glints2/dict_0000_0199" 6997
"/Engine/EngineMaterials/Substrate/Glints2/dict_0000_0186" 6998
"/Engine/EngineMaterials/Substrate/Glints2/dict_0000_0180" 6999
"/Engine/EngineMaterials/Substrate/Glints2/dict_0000_0179" 7000
"/Engine/EngineMaterials/Substrate/Glints2/dict_0000_0170" 7001
"/Engine/EngineMaterials/Substrate/Glints2/dict_0000_0197" 7002
"/Engine/EngineMaterials/Substrate/Glints2/dict_0000_0191" 7003
"/Engine/EngineMaterials/Substrate/Glints2/dict_0000_0195" 7004
"/Engine/EngineMaterials/Substrate/Glints2/dict_0000_0194" 7005
"/Engine/EngineMaterials/Substrate/Glints2/dict_0000_0193" 7006
"/Engine/EngineMaterials/Substrate/Glints2/dict_0000_0192" 7007
"/Engine/EngineMaterials/Substrate/Glints2/dict_0000_0190" 7008
"../../../Engine/Content/EngineMaterials/Substrate/Glints2/dict_0000_0203.uasset" 7009
"../../../Engine/Content/EngineMaterials/Substrate/Glints2/dict_0000_0196.uasset" 7010
"../../../Engine/Content/EngineMaterials/Substrate/Glints2/dict_0000_0187.uasset" 7011
"../../../Engine/Content/EngineMaterials/Substrate/Glints2/dict_0000_0201.uasset" 7012
"../../../Engine/Content/EngineMaterials/Substrate/Glints2/dict_0000_0205.uasset" 7013
"../../../Engine/Content/EngineMaterials/Substrate/Glints2/dict_0000_0198.uasset" 7014
"/Engine/EngineMaterials/Substrate/Glints2/dict_0000_0201" 7015
"../../../Engine/Content/EngineMaterials/Substrate/Glints2/dict_0000_0202.uasset" 7016
"../../../Engine/Content/EngineMaterials/Substrate/Glints2/dict_0000_0206.uasset" 7017
"/Engine/EngineMaterials/Substrate/Glints2/dict_0000_0187" 7018
"/Engine/EngineMaterials/Substrate/Glints2/dict_0000_0203" 7019
"/Engine/EngineMaterials/Substrate/Glints2/dict_0000_0196" 7020
"/Engine/EngineMaterials/Substrate/Glints2/dict_0000_0206" 7021
"/Engine/EngineMaterials/Substrate/Glints2/dict_0000_0205" 7022
"/Engine/EngineMaterials/Substrate/Glints2/dict_0000_0198" 7023
"../../../Engine/Content/EngineMaterials/Substrate/Glints2/dict_0000_0204.uasset" 7024
"/Engine/EngineMaterials/Substrate/Glints2/dict_0000_0202" 7025
"/Engine/EngineMaterials/Substrate/Glints2/dict_0000_0204" 7026
"../../../Engine/Content/EngineMaterials/Substrate/Glints2/dict_0000_0207.uasset" 7027
"../../../Engine/Content/EngineMaterials/Substrate/Glints2/dict_0000_0208.uasset" 7028
"../../../Engine/Content/EngineMaterials/Substrate/Glints2/dict_0000_0210.uasset" 7029
"../../../Engine/Content/EngineMaterials/Substrate/Glints2/dict_0000_0209.uasset" 7030
"../../../Engine/Content/EngineMaterials/Substrate/Glints2/dict_0000_0211.uasset" 7031
"../../../Engine/Content/EngineMaterials/Substrate/Glints2/dict_0000_0212.uasset" 7032
"../../../Engine/Content/EngineMaterials/Substrate/Glints2/dict_0000_0215.uasset" 7033
"../../../Engine/Content/EngineMaterials/Substrate/Glints2/dict_0000_0213.uasset" 7034
"../../../Engine/Content/EngineMaterials/Substrate/Glints2/dict_0000_0214.uasset" 7035
"/Engine/EngineMaterials/Substrate/Glints2/dict_0000_0211" 7036
"/Engine/EngineMaterials/Substrate/Glints2/dict_0000_0214" 7037
"/Engine/EngineMaterials/Substrate/Glints2/dict_0000_0215" 7038
"/Engine/EngineMaterials/Substrate/Glints2/dict_0000_0210" 7039
"/Engine/EngineMaterials/Substrate/Glints2/dict_0000_0209" 7040
"/Engine/EngineMaterials/Substrate/Glints2/dict_0000_0213" 7041
"../../../Engine/Content/EngineMaterials/Substrate/Glints2/dict_0000_0220.uasset" 7042
"/Engine/EngineMaterials/Substrate/Glints2/dict_0000_0208" 7043
"/Engine/EngineMaterials/Substrate/Glints2/dict_0000_0207" 7044
"../../../Engine/Content/EngineMaterials/Substrate/Glints2/dict_0000_0221.uasset" 7045
"/Engine/EngineMaterials/Substrate/Glints2/dict_0000_0212" 7046
"/Engine/EngineMaterials/Substrate/Glints2/dict_0000_0221" 7047
"/Engine/EngineMaterials/Substrate/Glints2/dict_0000_0220" 7048
"../../../Engine/Content/EngineMaterials/Substrate/Glints2/dict_0000_0217.uasset" 7049
"../../../Engine/Content/EngineMaterials/Substrate/Glints2/dict_0000_0200.uasset" 7050
"../../../Engine/Content/EngineMaterials/Substrate/Glints2/dict_0000_0219.uasset" 7051
"../../../Engine/Content/EngineMaterials/Substrate/Glints2/dict_0000_0218.uasset" 7052
"../../../Engine/Content/EngineMaterials/Substrate/Glints2/dict_0000_0222.uasset" 7053
"../../../Engine/Content/EngineMaterials/Substrate/Glints2/dict_0000_0226.uasset" 7054
"../../../Engine/Content/EngineMaterials/Substrate/Glints2/dict_0000_0229.uasset" 7055
"/Engine/EngineMaterials/Substrate/Glints2/dict_0000_0200" 7056
"/Engine/EngineMaterials/Substrate/Glints2/dict_0000_0226" 7057
"/Engine/EngineMaterials/Substrate/Glints2/dict_0000_0229" 7058
"/Engine/EngineMaterials/Substrate/Glints2/dict_0000_0222" 7059
"/Engine/EngineMaterials/Substrate/Glints2/dict_0000_0219" 7060
"/Engine/EngineMaterials/Substrate/Glints2/dict_0000_0218" 7061
"../../../Engine/Content/EngineMaterials/Substrate/Glints2/dict_0000_0223.uasset" 7062
"../../../Engine/Content/EngineMaterials/Substrate/Glints2/dict_0000_0225.uasset" 7063
"/Engine/EngineMaterials/Substrate/Glints2/dict_0000_0217" 7064
"/Engine/EngineMaterials/Substrate/Glints2/dict_0000_0225" 7065
"/Engine/EngineMaterials/Substrate/Glints2/dict_0000_0223" 7066
"../../../Engine/Content/EngineMaterials/Substrate/Glints2/dict_0000_0230.uasset" 7067
"../../../Engine/Content/EngineMaterials/Substrate/Glints2/dict_0000_0232.uasset" 7068
"../../../Engine/Content/EngineMaterials/Substrate/Glints2/dict_0000_0216.uasset" 7069
"../../../Engine/Content/EngineMaterials/Substrate/Glints2/dict_0000_0224.uasset" 7070
"../../../Engine/Content/EngineMaterials/Substrate/Glints2/dict_0000_0231.uasset" 7071
"../../../Engine/Content/EngineMaterials/Substrate/Glints2/dict_0000_0237.uasset" 7072
"/Engine/EngineMaterials/Substrate/Glints2/dict_0000_0231" 7073
"/Engine/EngineMaterials/Substrate/Glints2/dict_0000_0230" 7074
"../../../Engine/Content/EngineMaterials/Substrate/Glints2/dict_0000_0234.uasset" 7075
"../../../Engine/Content/EngineMaterials/Substrate/Glints2/dict_0000_0233.uasset" 7076
"/Engine/EngineMaterials/Substrate/Glints2/dict_0000_0224" 7077
"../../../Engine/Content/EngineMaterials/Substrate/Glints2/dict_0000_0238.uasset" 7078
"/Engine/EngineMaterials/Substrate/Glints2/dict_0000_0232" 7079
"../../../Engine/Content/EngineMaterials/Substrate/Glints2/dict_0000_0240.uasset" 7080
"/Engine/EngineMaterials/Substrate/Glints2/dict_0000_0237" 7081
"/Engine/EngineMaterials/Substrate/Glints2/dict_0000_0216" 7082
"../../../Engine/Content/EngineMaterials/Substrate/Glints2/dict_0000_0228.uasset" 7083
"/Engine/EngineMaterials/Substrate/Glints2/dict_0000_0240" 7084
"/Engine/EngineMaterials/Substrate/Glints2/dict_0000_0238" 7085
"/Engine/EngineMaterials/Substrate/Glints2/dict_0000_0234" 7086
"/Engine/EngineMaterials/Substrate/Glints2/dict_0000_0233" 7087
"../../../Engine/Content/EngineMaterials/Substrate/Glints2/dict_0000_0244.uasset" 7088
"../../../Engine/Content/EngineMaterials/Substrate/Glints2/dict_0000_0227.uasset" 7089
"../../../Engine/Content/EngineMaterials/Substrate/Glints2/dict_0000_0243.uasset" 7090
"../../../Engine/Content/EngineMaterials/Substrate/Glints2/dict_0000_0245.uasset" 7091
"/Engine/EngineMaterials/Substrate/Glints2/dict_0000_0244" 7092
"/Engine/EngineMaterials/Substrate/Glints2/dict_0000_0243" 7093
"/Engine/EngineMaterials/Substrate/Glints2/dict_0000_0227" 7094
"/Engine/EngineMaterials/Substrate/Glints2/dict_0000_0228" 7095
"/Engine/EngineMaterials/Substrate/Glints2/dict_0000_0245" 7096
"../../../Engine/Content/EngineMaterials/Substrate/Glints2/dict_0000_0239.uasset" 7097
"../../../Engine/Content/EngineMaterials/Substrate/Glints2/dict_0000_0235.uasset" 7098
"../../../Engine/Content/EngineMaterials/Substrate/Glints2/dict_0000_0236.uasset" 7099
"../../../Engine/Content/EngineMaterials/Substrate/Glints2/dict_0000_0242.uasset" 7100
"../../../Engine/Content/EngineMaterials/Substrate/Glints2/dict_0000_0246.uasset" 7101
"../../../Engine/Content/EngineMaterials/Substrate/Glints2/dict_0000_0250.uasset" 7102
"../../../Engine/Content/EngineMaterials/Substrate/Glints2/dict_0000_0254.uasset" 7103
"../../../Engine/Content/EngineMaterials/Substrate/Glints2/dict_0000_0255.uasset" 7104
"../../../Engine/Content/EngineMaterials/Substrate/Glints2/dict_0000_0252.uasset" 7105
"/Engine/EngineMaterials/Substrate/Glints2/dict_0000_0254" 7106
"../../../Engine/Content/EngineMaterials/Substrate/Glints2/dict_0000_0253.uasset" 7107
"/Engine/EngineMaterials/Substrate/Glints2/dict_0000_0242" 7108
"/Engine/EngineMaterials/Substrate/Glints2/dict_0000_0239" 7109
"/Engine/EngineMaterials/Substrate/Glints2/dict_0000_0235" 7110
"/Engine/EngineMaterials/Substrate/Glints2/dict_0000_0255" 7111
"/Engine/EngineMaterials/Substrate/Glints2/dict_0000_0236" 7112
"/Engine/EngineMaterials/Substrate/Glints2/dict_0000_0252" 7113
"/Engine/EngineMaterials/Substrate/Glints2/dict_0000_0246" 7114
"/Engine/EngineMaterials/Substrate/Glints2/dict_0000_0250" 7115
"../../../Engine/Content/EngineMaterials/Substrate/Glints2/dict_0000_0249.uasset" 7116
"../../../Engine/Content/EngineMaterials/Substrate/Glints2/dict_0000_0189.uasset" 7117
"../../../Engine/Content/EngineMaterials/Substrate/Glints2/dict_0000_0251.uasset" 7118
"../../../Engine/Content/EngineMaterials/Substrate/Glints2/dict_0001_0002.uasset" 7119
"../../../Engine/Content/EngineMaterials/Substrate/Glints2/dict_0001_0000.uasset" 7120
"../../../Engine/Content/EngineMaterials/Substrate/Glints2/dict_0001_0001.uasset" 7121
"/Engine/EngineMaterials/Substrate/Glints2/dict_0000_0189" 7122
"../../../Engine/Content/EngineMaterials/Substrate/Glints2/dict_0001_0005.uasset" 7123
"/Engine/EngineMaterials/Substrate/Glints2/dict_0000_0253" 7124
"/Engine/EngineMaterials/Substrate/Glints2/dict_0001_0000" 7125
"/Engine/EngineMaterials/Substrate/Glints2/dict_0000_0251" 7126
"/Engine/EngineMaterials/Substrate/Glints2/dict_0001_0002" 7127
"/Engine/EngineMaterials/Substrate/Glints2/dict_0000_0249" 7128
"/Engine/EngineMaterials/Substrate/Glints2/dict_0001_0001" 7129
"/Engine/EngineMaterials/Substrate/Glints2/dict_0001_0005" 7130
"../../../Engine/Content/EngineMaterials/Substrate/Glints2/dict_0001_0010.uasset" 7131
"../../../Engine/Content/EngineMaterials/Substrate/Glints2/dict_0001_0007.uasset" 7132
"../../../Engine/Content/EngineMaterials/Substrate/Glints2/dict_0001_0006.uasset" 7133
"../../../Engine/Content/EngineMaterials/Substrate/Glints2/dict_0001_0003.uasset" 7134
"../../../Engine/Content/EngineMaterials/Substrate/Glints2/dict_0001_0009.uasset" 7135
"/Engine/EngineMaterials/Substrate/Glints2/dict_0001_0006" 7136
"/Engine/EngineMaterials/Substrate/Glints2/dict_0001_0010" 7137
"/Engine/EngineMaterials/Substrate/Glints2/dict_0001_0009" 7138
"/Engine/EngineMaterials/Substrate/Glints2/dict_0001_0007" 7139
"/Engine/EngineMaterials/Substrate/Glints2/dict_0001_0003" 7140
"../../../Engine/Content/EngineMaterials/Substrate/Glints2/dict_0001_0012.uasset" 7141
"../../../Engine/Content/EngineMaterials/Substrate/Glints2/dict_0001_0015.uasset" 7142
"../../../Engine/Content/EngineMaterials/Substrate/Glints2/dict_0000_0248.uasset" 7143
"../../../Engine/Content/EngineMaterials/Substrate/Glints2/dict_0000_0241.uasset" 7144
"../../../Engine/Content/EngineMaterials/Substrate/Glints2/dict_0001_0008.uasset" 7145
"../../../Engine/Content/EngineMaterials/Substrate/Glints2/dict_0001_0011.uasset" 7146
"/Engine/EngineMaterials/Substrate/Glints2/dict_0001_0015" 7147
"/Engine/EngineMaterials/Substrate/Glints2/dict_0001_0012" 7148
"../../../Engine/Content/EngineMaterials/Substrate/Glints2/dict_0001_0004.uasset" 7149
"/Engine/EngineMaterials/Substrate/Glints2/dict_0000_0241" 7150
"/Engine/EngineMaterials/Substrate/Glints2/dict_0001_0008" 7151
"/Engine/EngineMaterials/Substrate/Glints2/dict_0000_0248" 7152
"/Engine/EngineMaterials/Substrate/Glints2/dict_0001_0011" 7153
"../../../Engine/Content/EngineMaterials/Substrate/Glints2/dict_0001_0018.uasset" 7154
"../../../Engine/Content/EngineMaterials/Substrate/Glints2/dict_0001_0019.uasset" 7155
"../../../Engine/Content/EngineMaterials/Substrate/Glints2/dict_0001_0017.uasset" 7156
"../../../Engine/Content/EngineMaterials/Substrate/Glints2/dict_0001_0020.uasset" 7157
"../../../Engine/Content/EngineMaterials/Substrate/Glints2/dict_0001_0022.uasset" 7158
"../../../Engine/Content/EngineMaterials/Substrate/Glints2/dict_0001_0023.uasset" 7159
"../../../Engine/Content/EngineMaterials/Substrate/Glints2/dict_0001_0013.uasset" 7160
"../../../Engine/Content/EngineMaterials/Substrate/Glints2/dict_0001_0016.uasset" 7161
"/Engine/EngineMaterials/Substrate/Glints2/dict_0001_0013" 7162
"/Engine/EngineMaterials/Substrate/Glints2/dict_0001_0023" 7163
"/Engine/EngineMaterials/Substrate/Glints2/dict_0001_0022" 7164
"/Engine/EngineMaterials/Substrate/Glints2/dict_0001_0020" 7165
"../../../Engine/Content/EngineMaterials/Substrate/Glints2/dict_0001_0027.uasset" 7166
"../../../Engine/Content/EngineMaterials/Substrate/Glints2/dict_0001_0025.uasset" 7167
"/Engine/EngineMaterials/Substrate/Glints2/dict_0001_0019" 7168
"/Engine/EngineMaterials/Substrate/Glints2/dict_0001_0018" 7169
"/Engine/EngineMaterials/Substrate/Glints2/dict_0001_0017" 7170
"/Engine/EngineMaterials/Substrate/Glints2/dict_0001_0016" 7171
"/Engine/EngineMaterials/Substrate/Glints2/dict_0001_0027" 7172
"/Engine/EngineMaterials/Substrate/Glints2/dict_0001_0025" 7173
"../../../Engine/Content/EngineMaterials/Substrate/Glints2/dict_0000_0247.uasset" 7174
"../../../Engine/Content/EngineMaterials/Substrate/Glints2/dict_0001_0021.uasset" 7175
"../../../Engine/Content/EngineMaterials/Substrate/Glints2/dict_0001_0031.uasset" 7176
"../../../Engine/Content/EngineMaterials/Substrate/Glints2/dict_0001_0014.uasset" 7177
"../../../Engine/Content/EngineMaterials/Substrate/Glints2/dict_0001_0028.uasset" 7178
"../../../Engine/Content/EngineMaterials/Substrate/Glints2/dict_0001_0024.uasset" 7179
"../../../Engine/Content/EngineMaterials/Substrate/Glints2/dict_0001_0034.uasset" 7180
"/Engine/EngineMaterials/Substrate/Glints2/dict_0001_0031" 7181
"../../../Engine/Content/EngineMaterials/Substrate/Glints2/dict_0001_0029.uasset" 7182
"/Engine/EngineMaterials/Substrate/Glints2/dict_0001_0014" 7183
"/Engine/EngineMaterials/Substrate/Glints2/dict_0001_0024" 7184
"/Engine/EngineMaterials/Substrate/Glints2/dict_0001_0021" 7185
"/Engine/EngineMaterials/Substrate/Glints2/dict_0001_0004" 7186
"/Engine/EngineMaterials/Substrate/Glints2/dict_0001_0034" 7187
"/Engine/EngineMaterials/Substrate/Glints2/dict_0001_0028" 7188
"/Engine/EngineMaterials/Substrate/Glints2/dict_0000_0247" 7189
"../../../Engine/Content/EngineMaterials/Substrate/Glints2/dict_0001_0030.uasset" 7190
"/Engine/EngineMaterials/Substrate/Glints2/dict_0001_0029" 7191
"/Engine/EngineMaterials/Substrate/Glints2/dict_0001_0030" 7192
"../../../Engine/Content/EngineMaterials/Substrate/Glints2/dict_0001_0039.uasset" 7193
"/Engine/EngineMaterials/Substrate/Glints2/dict_0001_0039" 7194
"../../../Engine/Content/EngineMaterials/Substrate/Glints2/dict_0001_0026.uasset" 7195
"../../../Engine/Content/EngineMaterials/Substrate/Glints2/dict_0001_0042.uasset" 7196
"../../../Engine/Content/EngineMaterials/Substrate/Glints2/dict_0001_0038.uasset" 7197
"../../../Engine/Content/EngineMaterials/Substrate/Glints2/dict_0001_0035.uasset" 7198
"../../../Engine/Content/EngineMaterials/Substrate/Glints2/dict_0001_0036.uasset" 7199
"../../../Engine/Content/EngineMaterials/Substrate/Glints2/dict_0001_0041.uasset" 7200
"../../../Engine/Content/EngineMaterials/Substrate/Glints2/dict_0001_0044.uasset" 7201
"../../../Engine/Content/EngineMaterials/Substrate/Glints2/dict_0001_0040.uasset" 7202
"/Engine/EngineMaterials/Substrate/Glints2/dict_0001_0042" 7203
"/Engine/EngineMaterials/Substrate/Glints2/dict_0001_0041" 7204
"/Engine/EngineMaterials/Substrate/Glints2/dict_0001_0036" 7205
"/Engine/EngineMaterials/Substrate/Glints2/dict_0001_0035" 7206
"/Engine/EngineMaterials/Substrate/Glints2/dict_0001_0044" 7207
"/Engine/EngineMaterials/Substrate/Glints2/dict_0001_0026" 7208
"../../../Engine/Content/EngineMaterials/Substrate/Glints2/dict_0001_0048.uasset" 7209
"../../../Engine/Content/EngineMaterials/Substrate/Glints2/dict_0001_0033.uasset" 7210
"../../../Engine/Content/EngineMaterials/Substrate/Glints2/dict_0001_0047.uasset" 7211
"../../../Engine/Content/EngineMaterials/Substrate/Glints2/dict_0001_0043.uasset" 7212
"../../../Engine/Content/EngineMaterials/Substrate/Glints2/dict_0001_0049.uasset" 7213
"../../../Engine/Content/EngineMaterials/Substrate/Glints2/dict_0001_0046.uasset" 7214
"../../../Engine/Content/EngineMaterials/Substrate/Glints2/dict_0001_0052.uasset" 7215
"../../../Engine/Content/EngineMaterials/Substrate/Glints2/dict_0001_0051.uasset" 7216
"/Engine/EngineMaterials/Substrate/Glints2/dict_0001_0051" 7217
"/Engine/EngineMaterials/Substrate/Glints2/dict_0001_0040" 7218
"/Engine/EngineMaterials/Substrate/Glints2/dict_0001_0049" 7219
"/Engine/EngineMaterials/Substrate/Glints2/dict_0001_0048" 7220
"/Engine/EngineMaterials/Substrate/Glints2/dict_0001_0047" 7221
"/Engine/EngineMaterials/Substrate/Glints2/dict_0001_0046" 7222
"../../../Engine/Content/EngineMaterials/Substrate/Glints2/dict_0001_0057.uasset" 7223
"/Engine/EngineMaterials/Substrate/Glints2/dict_0001_0033" 7224
"/Engine/EngineMaterials/Substrate/Glints2/dict_0001_0043" 7225
"../../../Engine/Content/EngineMaterials/Substrate/Glints2/dict_0001_0054.uasset" 7226
"/Engine/EngineMaterials/Substrate/Glints2/dict_0001_0038" 7227
"/Engine/EngineMaterials/Substrate/Glints2/dict_0001_0052" 7228
"/Engine/EngineMaterials/Substrate/Glints2/dict_0001_0057" 7229
"/Engine/EngineMaterials/Substrate/Glints2/dict_0001_0054" 7230
"../../../Engine/Content/EngineMaterials/Substrate/Glints2/dict_0001_0032.uasset" 7231
"../../../Engine/Content/EngineMaterials/Substrate/Glints2/dict_0001_0053.uasset" 7232
"../../../Engine/Content/EngineMaterials/Substrate/Glints2/dict_0001_0059.uasset" 7233
"../../../Engine/Content/EngineMaterials/Substrate/Glints2/dict_0001_0055.uasset" 7234
"../../../Engine/Content/EngineMaterials/Substrate/Glints2/dict_0001_0037.uasset" 7235
"../../../Engine/Content/EngineMaterials/Substrate/Glints2/dict_0001_0060.uasset" 7236
"/Engine/EngineMaterials/Substrate/Glints2/dict_0001_0060" 7237
"../../../Engine/Content/EngineMaterials/Substrate/Glints2/dict_0001_0045.uasset" 7238
"../../../Engine/Content/EngineMaterials/Substrate/Glints2/dict_0001_0063.uasset" 7239
"/Engine/EngineMaterials/Substrate/Glints2/dict_0001_0037" 7240
"/Engine/EngineMaterials/Substrate/Glints2/dict_0001_0032" 7241
"/Engine/EngineMaterials/Substrate/Glints2/dict_0001_0059" 7242
"/Engine/EngineMaterials/Substrate/Glints2/dict_0001_0055" 7243
"/Engine/EngineMaterials/Substrate/Glints2/dict_0001_0053" 7244
"/Engine/EngineMaterials/Substrate/Glints2/dict_0001_0063" 7245
"/Engine/EngineMaterials/Substrate/Glints2/dict_0001_0045" 7246
"../../../Engine/Content/EngineMaterials/Substrate/Glints2/dict_0001_0066.uasset" 7247
"../../../Engine/Content/EngineMaterials/Substrate/Glints2/dict_0001_0064.uasset" 7248
"../../../Engine/Content/EngineMaterials/Substrate/Glints2/dict_0001_0068.uasset" 7249
"../../../Engine/Content/EngineMaterials/Substrate/Glints2/dict_0001_0069.uasset" 7250
"../../../Engine/Content/EngineMaterials/Substrate/Glints2/dict_0001_0050.uasset" 7251
"../../../Engine/Content/EngineMaterials/Substrate/Glints2/dict_0001_0071.uasset" 7252
"../../../Engine/Content/EngineMaterials/Substrate/Glints2/dict_0001_0056.uasset" 7253
"/Engine/EngineMaterials/Substrate/Glints2/dict_0001_0050" 7254
"../../../Engine/Content/EngineMaterials/Substrate/Glints2/dict_0001_0072.uasset" 7255
"/Engine/EngineMaterials/Substrate/Glints2/dict_0001_0069" 7256
"/Engine/EngineMaterials/Substrate/Glints2/dict_0001_0068" 7257
"../../../Engine/Content/EngineMaterials/Substrate/Glints2/dict_0001_0058.uasset" 7258
"/Engine/EngineMaterials/Substrate/Glints2/dict_0001_0064" 7259
"/Engine/EngineMaterials/Substrate/Glints2/dict_0001_0056" 7260
"/Engine/EngineMaterials/Substrate/Glints2/dict_0001_0066" 7261
"../../../Engine/Content/EngineMaterials/Substrate/Glints2/dict_0001_0073.uasset" 7262
"/Engine/EngineMaterials/Substrate/Glints2/dict_0001_0071" 7263
"/Engine/EngineMaterials/Substrate/Glints2/dict_0001_0058" 7264
"/Engine/EngineMaterials/Substrate/Glints2/dict_0001_0073" 7265
"/Engine/EngineMaterials/Substrate/Glints2/dict_0001_0072" 7266
"../../../Engine/Content/EngineMaterials/Substrate/Glints2/dict_0001_0078.uasset" 7267
"../../../Engine/Content/EngineMaterials/Substrate/Glints2/dict_0001_0065.uasset" 7268
"../../../Engine/Content/EngineMaterials/Substrate/Glints2/dict_0001_0076.uasset" 7269
"../../../Engine/Content/EngineMaterials/Substrate/Glints2/dict_0001_0075.uasset" 7270
"../../../Engine/Content/EngineMaterials/Substrate/Glints2/dict_0001_0079.uasset" 7271
"../../../Engine/Content/EngineMaterials/Substrate/Glints2/dict_0001_0062.uasset" 7272
"../../../Engine/Content/EngineMaterials/Substrate/Glints2/dict_0001_0081.uasset" 7273
"/Engine/EngineMaterials/Substrate/Glints2/dict_0001_0079" 7274
"/Engine/EngineMaterials/Substrate/Glints2/dict_0001_0078" 7275
"/Engine/EngineMaterials/Substrate/Glints2/dict_0001_0076" 7276
"/Engine/EngineMaterials/Substrate/Glints2/dict_0001_0075" 7277
"/Engine/EngineMaterials/Substrate/Glints2/dict_0001_0065" 7278
"/Engine/EngineMaterials/Substrate/Glints2/dict_0001_0081" 7279
"../../../Engine/Content/EngineMaterials/Substrate/Glints2/dict_0001_0077.uasset" 7280
"../../../Engine/Content/EngineMaterials/Substrate/Glints2/dict_0001_0067.uasset" 7281
"../../../Engine/Content/EngineMaterials/Substrate/Glints2/dict_0001_0061.uasset" 7282
"../../../Engine/Content/EngineMaterials/Substrate/Glints2/dict_0001_0083.uasset" 7283
"../../../Engine/Content/EngineMaterials/Substrate/Glints2/dict_0001_0084.uasset" 7284
"../../../Engine/Content/EngineMaterials/Substrate/Glints2/dict_0001_0086.uasset" 7285
"../../../Engine/Content/EngineMaterials/Substrate/Glints2/dict_0001_0080.uasset" 7286
"../../../Engine/Content/EngineMaterials/Substrate/Glints2/dict_0001_0089.uasset" 7287
"../../../Engine/Content/EngineMaterials/Substrate/Glints2/dict_0001_0090.uasset" 7288
"../../../Engine/Content/EngineMaterials/Substrate/Glints2/dict_0001_0074.uasset" 7289
"/Engine/EngineMaterials/Substrate/Glints2/dict_0001_0061" 7290
"/Engine/EngineMaterials/Substrate/Glints2/dict_0001_0080" 7291
"/Engine/EngineMaterials/Substrate/Glints2/dict_0001_0086" 7292
"/Engine/EngineMaterials/Substrate/Glints2/dict_0001_0090" 7293
"/Engine/EngineMaterials/Substrate/Glints2/dict_0001_0062" 7294
"/Engine/EngineMaterials/Substrate/Glints2/dict_0001_0067" 7295
"/Engine/EngineMaterials/Substrate/Glints2/dict_0001_0077" 7296
"/Engine/EngineMaterials/Substrate/Glints2/dict_0001_0084" 7297
"/Engine/EngineMaterials/Substrate/Glints2/dict_0001_0074" 7298
"/Engine/EngineMaterials/Substrate/Glints2/dict_0001_0089" 7299
"/Engine/EngineMaterials/Substrate/Glints2/dict_0001_0083" 7300
"../../../Engine/Content/EngineMaterials/Substrate/Glints2/dict_0001_0092.uasset" 7301
"../../../Engine/Content/EngineMaterials/Substrate/Glints2/dict_0001_0094.uasset" 7302
"../../../Engine/Content/EngineMaterials/Substrate/Glints2/dict_0001_0093.uasset" 7303
"../../../Engine/Content/EngineMaterials/Substrate/Glints2/dict_0001_0095.uasset" 7304
"../../../Engine/Content/EngineMaterials/Substrate/Glints2/dict_0001_0088.uasset" 7305
"../../../Engine/Content/EngineMaterials/Substrate/Glints2/dict_0001_0082.uasset" 7306
"../../../Engine/Content/EngineMaterials/Substrate/Glints2/dict_0001_0085.uasset" 7307
"../../../Engine/Content/EngineMaterials/Substrate/Glints2/dict_0001_0097.uasset" 7308
"../../../Engine/Content/EngineMaterials/Substrate/Glints2/dict_0001_0098.uasset" 7309
"/Engine/EngineMaterials/Substrate/Glints2/dict_0001_0088" 7310
"/Engine/EngineMaterials/Substrate/Glints2/dict_0001_0085" 7311
"/Engine/EngineMaterials/Substrate/Glints2/dict_0001_0097" 7312
"/Engine/EngineMaterials/Substrate/Glints2/dict_0001_0095" 7313
"../../../Engine/Content/EngineMaterials/Substrate/Glints2/dict_0001_0102.uasset" 7314
"/Engine/EngineMaterials/Substrate/Glints2/dict_0001_0094" 7315
"/Engine/EngineMaterials/Substrate/Glints2/dict_0001_0082" 7316
"/Engine/EngineMaterials/Substrate/Glints2/dict_0001_0093" 7317
"/Engine/EngineMaterials/Substrate/Glints2/dict_0001_0092" 7318
"/Engine/EngineMaterials/Substrate/Glints2/dict_0001_0098" 7319
"/Engine/EngineMaterials/Substrate/Glints2/dict_0001_0102" 7320
"../../../Engine/Content/EngineMaterials/Substrate/Glints2/dict_0001_0100.uasset" 7321
"../../../Engine/Content/EngineMaterials/Substrate/Glints2/dict_0001_0099.uasset" 7322
"../../../Engine/Content/EngineMaterials/Substrate/Glints2/dict_0001_0103.uasset" 7323
"../../../Engine/Content/EngineMaterials/Substrate/Glints2/dict_0001_0104.uasset" 7324
"../../../Engine/Content/EngineMaterials/Substrate/Glints2/dict_0001_0105.uasset" 7325
"../../../Engine/Content/EngineMaterials/Substrate/Glints2/dict_0001_0108.uasset" 7326
"../../../Engine/Content/EngineMaterials/Substrate/Glints2/dict_0001_0096.uasset" 7327
"../../../Engine/Content/EngineMaterials/Substrate/Glints2/dict_0001_0107.uasset" 7328
"../../../Engine/Content/EngineMaterials/Substrate/Glints2/dict_0001_0109.uasset" 7329
"../../../Engine/Content/EngineMaterials/Substrate/Glints2/dict_0001_0091.uasset" 7330
"../../../Engine/Content/EngineMaterials/Substrate/Glints2/dict_0001_0087.uasset" 7331
"/Engine/EngineMaterials/Substrate/Glints2/dict_0001_0087" 7332
"/Engine/EngineMaterials/Substrate/Glints2/dict_0001_0096" 7333
"/Engine/EngineMaterials/Substrate/Glints2/dict_0001_0105" 7334
"/Engine/EngineMaterials/Substrate/Glints2/dict_0001_0104" 7335
"/Engine/EngineMaterials/Substrate/Glints2/dict_0001_0100" 7336
"/Engine/EngineMaterials/Substrate/Glints2/dict_0001_0103" 7337
"/Engine/EngineMaterials/Substrate/Glints2/dict_0001_0109" 7338
"/Engine/EngineMaterials/Substrate/Glints2/dict_0001_0099" 7339
"/Engine/EngineMaterials/Substrate/Glints2/dict_0001_0107" 7340
"/Engine/EngineMaterials/Substrate/Glints2/dict_0001_0091" 7341
"../../../Engine/Content/EngineMaterials/Substrate/Glints2/dict_0001_0106.uasset" 7342
"/Engine/EngineMaterials/Substrate/Glints2/dict_0001_0108" 7343
"/Engine/EngineMaterials/Substrate/Glints2/dict_0001_0106" 7344
"../../../Engine/Content/EngineMaterials/Substrate/Glints2/dict_0001_0111.uasset" 7345
"../../../Engine/Content/EngineMaterials/Substrate/Glints2/dict_0001_0112.uasset" 7346
"../../../Engine/Content/EngineMaterials/Substrate/Glints2/dict_0001_0113.uasset" 7347
"../../../Engine/Content/EngineMaterials/Substrate/Glints2/dict_0001_0110.uasset" 7348
"../../../Engine/Content/EngineMaterials/Substrate/Glints2/dict_0001_0116.uasset" 7349
"../../../Engine/Content/EngineMaterials/Substrate/Glints2/dict_0001_0117.uasset" 7350
"../../../Engine/Content/EngineMaterials/Substrate/Glints2/dict_0001_0120.uasset" 7351
"../../../Engine/Content/EngineMaterials/Substrate/Glints2/dict_0001_0119.uasset" 7352
"../../../Engine/Content/EngineMaterials/Substrate/Glints2/dict_0001_0118.uasset" 7353
"../../../Engine/Content/EngineMaterials/Substrate/Glints2/dict_0001_0070.uasset" 7354
"/Engine/EngineMaterials/Substrate/Glints2/dict_0001_0070" 7355
"/Engine/EngineMaterials/Substrate/Glints2/dict_0001_0117" 7356
"/Engine/EngineMaterials/Substrate/Glints2/dict_0001_0116" 7357
"../../../Engine/Content/EngineMaterials/Substrate/Glints2/dict_0001_0121.uasset" 7358
"../../../Engine/Content/EngineMaterials/Substrate/Glints2/dict_0001_0124.uasset" 7359
"/Engine/EngineMaterials/Substrate/Glints2/dict_0001_0113" 7360
"/Engine/EngineMaterials/Substrate/Glints2/dict_0001_0112" 7361
"../../../Engine/Content/EngineMaterials/Substrate/Glints2/dict_0001_0122.uasset" 7362
"/Engine/EngineMaterials/Substrate/Glints2/dict_0001_0111" 7363
"/Engine/EngineMaterials/Substrate/Glints2/dict_0001_0120" 7364
"/Engine/EngineMaterials/Substrate/Glints2/dict_0001_0110" 7365
"/Engine/EngineMaterials/Substrate/Glints2/dict_0001_0118" 7366
"/Engine/EngineMaterials/Substrate/Glints2/dict_0001_0124" 7367
"/Engine/EngineMaterials/Substrate/Glints2/dict_0001_0122" 7368
"../../../Engine/Content/EngineMaterials/Substrate/Glints2/dict_0001_0125.uasset" 7369
"/Engine/EngineMaterials/Substrate/Glints2/dict_0001_0121" 7370
"/Engine/EngineMaterials/Substrate/Glints2/dict_0001_0119" 7371
"/Engine/EngineMaterials/Substrate/Glints2/dict_0001_0125" 7372
"../../../Engine/Content/EngineMaterials/Substrate/Glints2/dict_0001_0126.uasset" 7373
"../../../Engine/Content/EngineMaterials/Substrate/Glints2/dict_0001_0123.uasset" 7374
"../../../Engine/Content/EngineMaterials/Substrate/Glints2/dict_0001_0129.uasset" 7375
"../../../Engine/Content/EngineMaterials/Substrate/Glints2/dict_0001_0128.uasset" 7376
"../../../Engine/Content/EngineMaterials/Substrate/Glints2/dict_0001_0131.uasset" 7377
"../../../Engine/Content/EngineMaterials/Substrate/Glints2/dict_0001_0133.uasset" 7378
"../../../Engine/Content/EngineMaterials/Substrate/Glints2/dict_0001_0134.uasset" 7379
"/Engine/EngineMaterials/Substrate/Glints2/dict_0001_0126" 7380
"../../../Engine/Content/EngineMaterials/Substrate/Glints2/dict_0001_0130.uasset" 7381
"../../../Engine/Content/EngineMaterials/Substrate/Glints2/dict_0001_0114.uasset" 7382
"../../../Engine/Content/EngineMaterials/Substrate/Glints2/dict_0001_0101.uasset" 7383
"/Engine/EngineMaterials/Substrate/Glints2/dict_0001_0123" 7384
"../../../Engine/Content/EngineMaterials/Substrate/Glints2/dict_0001_0135.uasset" 7385
"/Engine/EngineMaterials/Substrate/Glints2/dict_0001_0134" 7386
"/Engine/EngineMaterials/Substrate/Glints2/dict_0001_0133" 7387
"/Engine/EngineMaterials/Substrate/Glints2/dict_0001_0131" 7388
"/Engine/EngineMaterials/Substrate/Glints2/dict_0001_0129" 7389
"/Engine/EngineMaterials/Substrate/Glints2/dict_0001_0128" 7390
"/Engine/EngineMaterials/Substrate/Glints2/dict_0001_0135" 7391
"/Engine/EngineMaterials/Substrate/Glints2/dict_0001_0114" 7392
"/Engine/EngineMaterials/Substrate/Glints2/dict_0001_0130" 7393
"/Engine/EngineMaterials/Substrate/Glints2/dict_0001_0101" 7394
"../../../Engine/Content/EngineMaterials/Substrate/Glints2/dict_0001_0137.uasset" 7395
"../../../Engine/Content/EngineMaterials/Substrate/Glints2/dict_0001_0127.uasset" 7396
"../../../Engine/Content/EngineMaterials/Substrate/Glints2/dict_0001_0138.uasset" 7397
"../../../Engine/Content/EngineMaterials/Substrate/Glints2/dict_0001_0132.uasset" 7398
"../../../Engine/Content/EngineMaterials/Substrate/Glints2/dict_0001_0136.uasset" 7399
"../../../Engine/Content/EngineMaterials/Substrate/Glints2/dict_0001_0141.uasset" 7400
"../../../Engine/Content/EngineMaterials/Substrate/Glints2/dict_0001_0140.uasset" 7401
"../../../Engine/Content/EngineMaterials/Substrate/Glints2/dict_0001_0115.uasset" 7402
"../../../Engine/Content/EngineMaterials/Substrate/Glints2/dict_0001_0142.uasset" 7403
"../../../Engine/Content/EngineMaterials/Substrate/Glints2/dict_0001_0139.uasset" 7404
"../../../Engine/Content/EngineMaterials/Substrate/Glints2/dict_0001_0143.uasset" 7405
"../../../Engine/Content/EngineMaterials/Substrate/Glints2/dict_0001_0150.uasset" 7406
"/Engine/EngineMaterials/Substrate/Glints2/dict_0001_0137" 7407
"../../../Engine/Content/EngineMaterials/Substrate/Glints2/dict_0001_0145.uasset" 7408
"/Engine/EngineMaterials/Substrate/Glints2/dict_0001_0115" 7409
"/Engine/EngineMaterials/Substrate/Glints2/dict_0001_0136" 7410
"../../../Engine/Content/EngineMaterials/Substrate/Glints2/dict_0001_0151.uasset" 7411
"/Engine/EngineMaterials/Substrate/Glints2/dict_0001_0150" 7412
"../../../Engine/Content/EngineMaterials/Substrate/Glints2/dict_0001_0147.uasset" 7413
"/Engine/EngineMaterials/Substrate/Glints2/dict_0001_0142" 7414
"/Engine/EngineMaterials/Substrate/Glints2/dict_0001_0132" 7415
"/Engine/EngineMaterials/Substrate/Glints2/dict_0001_0127" 7416
"/Engine/EngineMaterials/Substrate/Glints2/dict_0001_0141" 7417
"/Engine/EngineMaterials/Substrate/Glints2/dict_0001_0139" 7418
"/Engine/EngineMaterials/Substrate/Glints2/dict_0001_0138" 7419
"/Engine/EngineMaterials/Substrate/Glints2/dict_0001_0140" 7420
"/Engine/EngineMaterials/Substrate/Glints2/dict_0001_0147" 7421
"/Engine/EngineMaterials/Substrate/Glints2/dict_0001_0145" 7422
"/Engine/EngineMaterials/Substrate/Glints2/dict_0001_0151" 7423
"/Engine/EngineMaterials/Substrate/Glints2/dict_0001_0143" 7424
"../../../Engine/Content/EngineMaterials/Substrate/Glints2/dict_0001_0148.uasset" 7425
"../../../Engine/Content/EngineMaterials/Substrate/Glints2/dict_0001_0153.uasset" 7426
"../../../Engine/Content/EngineMaterials/Substrate/Glints2/dict_0001_0154.uasset" 7427
"../../../Engine/Content/EngineMaterials/Substrate/Glints2/dict_0001_0146.uasset" 7428
"../../../Engine/Content/EngineMaterials/Substrate/Glints2/dict_0001_0155.uasset" 7429
"../../../Engine/Content/EngineMaterials/Substrate/Glints2/dict_0001_0156.uasset" 7430
"../../../Engine/Content/EngineMaterials/Substrate/Glints2/dict_0001_0163.uasset" 7431
"../../../Engine/Content/EngineMaterials/Substrate/Glints2/dict_0001_0158.uasset" 7432
"../../../Engine/Content/EngineMaterials/Substrate/Glints2/dict_0001_0159.uasset" 7433
"../../../Engine/Content/EngineMaterials/Substrate/Glints2/dict_0001_0162.uasset" 7434
"../../../Engine/Content/EngineMaterials/Substrate/Glints2/dict_0001_0160.uasset" 7435
"../../../Engine/Content/EngineMaterials/Substrate/Glints2/dict_0001_0164.uasset" 7436
"/Engine/EngineMaterials/Substrate/Glints2/dict_0001_0148" 7437
"../../../Engine/Content/EngineMaterials/Substrate/Glints2/dict_0001_0169.uasset" 7438
"../../../Engine/Content/EngineMaterials/Substrate/Glints2/dict_0001_0165.uasset" 7439
"/Engine/EngineMaterials/Substrate/Glints2/dict_0001_0160" 7440
"../../../Engine/Content/EngineMaterials/Substrate/Glints2/dict_0001_0166.uasset" 7441
"../../../Engine/Content/EngineMaterials/Substrate/Glints2/dict_0001_0167.uasset" 7442
"/Engine/EngineMaterials/Substrate/Glints2/dict_0001_0146" 7443
"../../../Engine/Content/EngineMaterials/Substrate/Glints2/dict_0001_0168.uasset" 7444
"/Engine/EngineMaterials/Substrate/Glints2/dict_0001_0153" 7445
"/Engine/EngineMaterials/Substrate/Glints2/dict_0001_0164" 7446
"/Engine/EngineMaterials/Substrate/Glints2/dict_0001_0163" 7447
"/Engine/EngineMaterials/Substrate/Glints2/dict_0001_0159" 7448
"/Engine/EngineMaterials/Substrate/Glints2/dict_0001_0158" 7449
"../../../Engine/Content/EngineMaterials/Substrate/Glints2/dict_0001_0170.uasset" 7450
"/Engine/EngineMaterials/Substrate/Glints2/dict_0001_0156" 7451
"/Engine/EngineMaterials/Substrate/Glints2/dict_0001_0162" 7452
"/Engine/EngineMaterials/Substrate/Glints2/dict_0001_0155" 7453
"/Engine/EngineMaterials/Substrate/Glints2/dict_0001_0154" 7454
"/Engine/EngineMaterials/Substrate/Glints2/dict_0001_0170" 7455
"/Engine/EngineMaterials/Substrate/Glints2/dict_0001_0169" 7456
"/Engine/EngineMaterials/Substrate/Glints2/dict_0001_0168" 7457
"/Engine/EngineMaterials/Substrate/Glints2/dict_0001_0167" 7458
"/Engine/EngineMaterials/Substrate/Glints2/dict_0001_0166" 7459
"/Engine/EngineMaterials/Substrate/Glints2/dict_0001_0165" 7460
"../../../Engine/Content/EngineMaterials/Substrate/Glints2/dict_0001_0171.uasset" 7461
"../../../Engine/Content/EngineMaterials/Substrate/Glints2/dict_0001_0172.uasset" 7462
"../../../Engine/Content/EngineMaterials/Substrate/Glints2/dict_0001_0174.uasset" 7463
"../../../Engine/Content/EngineMaterials/Substrate/Glints2/dict_0001_0173.uasset" 7464
"../../../Engine/Content/EngineMaterials/Substrate/Glints2/dict_0001_0176.uasset" 7465
"../../../Engine/Content/EngineMaterials/Substrate/Glints2/dict_0001_0175.uasset" 7466
"../../../Engine/Content/EngineMaterials/Substrate/Glints2/dict_0001_0144.uasset" 7467
"../../../Engine/Content/EngineMaterials/Substrate/Glints2/dict_0001_0180.uasset" 7468
"../../../Engine/Content/EngineMaterials/Substrate/Glints2/dict_0001_0179.uasset" 7469
"../../../Engine/Content/EngineMaterials/Substrate/Glints2/dict_0001_0161.uasset" 7470
"../../../Engine/Content/EngineMaterials/Substrate/Glints2/dict_0001_0181.uasset" 7471
"/Engine/EngineMaterials/Substrate/Glints2/dict_0001_0179" 7472
"/Engine/EngineMaterials/Substrate/Glints2/dict_0001_0175" 7473
"/Engine/EngineMaterials/Substrate/Glints2/dict_0001_0174" 7474
"/Engine/EngineMaterials/Substrate/Glints2/dict_0001_0173" 7475
"/Engine/EngineMaterials/Substrate/Glints2/dict_0001_0144" 7476
"/Engine/EngineMaterials/Substrate/Glints2/dict_0001_0172" 7477
"/Engine/EngineMaterials/Substrate/Glints2/dict_0001_0176" 7478
"/Engine/EngineMaterials/Substrate/Glints2/dict_0001_0171" 7479
"/Engine/EngineMaterials/Substrate/Glints2/dict_0001_0161" 7480
"/Engine/EngineMaterials/Substrate/Glints2/dict_0001_0180" 7481
"/Engine/EngineMaterials/Substrate/Glints2/dict_0001_0181" 7482
"../../../Engine/Content/EngineMaterials/Substrate/Glints2/dict_0001_0185.uasset" 7483
"../../../Engine/Content/EngineMaterials/Substrate/Glints2/dict_0001_0186.uasset" 7484
"../../../Engine/Content/EngineMaterials/Substrate/Glints2/dict_0001_0184.uasset" 7485
"../../../Engine/Content/EngineMaterials/Substrate/Glints2/dict_0001_0187.uasset" 7486
"../../../Engine/Content/EngineMaterials/Substrate/Glints2/dict_0001_0177.uasset" 7487
"../../../Engine/Content/EngineMaterials/Substrate/Glints2/dict_0001_0152.uasset" 7488
"../../../Engine/Content/EngineMaterials/Substrate/Glints2/dict_0001_0178.uasset" 7489
"../../../Engine/Content/EngineMaterials/Substrate/Glints2/dict_0001_0190.uasset" 7490
"../../../Engine/Content/EngineMaterials/Substrate/Glints2/dict_0001_0188.uasset" 7491
"../../../Engine/Content/EngineMaterials/Substrate/Glints2/dict_0001_0182.uasset" 7492
"../../../Engine/Content/EngineMaterials/Substrate/Glints2/dict_0001_0194.uasset" 7493
"/Engine/EngineMaterials/Substrate/Glints2/dict_0001_0190" 7494
"../../../Engine/Content/EngineMaterials/Substrate/Glints2/dict_0001_0189.uasset" 7495
"../../../Engine/Content/EngineMaterials/Substrate/Glints2/dict_0001_0195.uasset" 7496
"/Engine/EngineMaterials/Substrate/Glints2/dict_0001_0188" 7497
"/Engine/EngineMaterials/Substrate/Glints2/dict_0001_0152" 7498
"/Engine/EngineMaterials/Substrate/Glints2/dict_0001_0187" 7499
"/Engine/EngineMaterials/Substrate/Glints2/dict_0001_0186" 7500
"/Engine/EngineMaterials/Substrate/Glints2/dict_0001_0185" 7501
"/Engine/EngineMaterials/Substrate/Glints2/dict_0001_0178" 7502
"/Engine/EngineMaterials/Substrate/Glints2/dict_0001_0184" 7503
"/Engine/EngineMaterials/Substrate/Glints2/dict_0001_0177" 7504
"/Engine/EngineMaterials/Substrate/Glints2/dict_0001_0182" 7505
"/Engine/EngineMaterials/Substrate/Glints2/dict_0001_0194" 7506
"/Engine/EngineMaterials/Substrate/Glints2/dict_0001_0189" 7507
"/Engine/EngineMaterials/Substrate/Glints2/dict_0001_0195" 7508
"../../../Engine/Content/EngineMaterials/Substrate/Glints2/dict_0001_0198.uasset" 7509
"../../../Engine/Content/EngineMaterials/Substrate/Glints2/dict_0001_0200.uasset" 7510
"../../../Engine/Content/EngineMaterials/Substrate/Glints2/dict_0001_0191.uasset" 7511
"../../../Engine/Content/EngineMaterials/Substrate/Glints2/dict_0001_0199.uasset" 7512
"../../../Engine/Content/EngineMaterials/Substrate/Glints2/dict_0001_0201.uasset" 7513
"../../../Engine/Content/EngineMaterials/Substrate/Glints2/dict_0001_0192.uasset" 7514
"../../../Engine/Content/EngineMaterials/Substrate/Glints2/dict_0001_0196.uasset" 7515
"../../../Engine/Content/EngineMaterials/Substrate/Glints2/dict_0001_0202.uasset" 7516
"/Engine/EngineMaterials/Substrate/Glints2/dict_0001_0191" 7517
"../../../Engine/Content/EngineMaterials/Substrate/Glints2/dict_0001_0197.uasset" 7518
"/Engine/EngineMaterials/Substrate/Glints2/dict_0001_0202" 7519
"../../../Engine/Content/EngineMaterials/Substrate/Glints2/dict_0001_0203.uasset" 7520
"../../../Engine/Content/EngineMaterials/Substrate/Glints2/dict_0001_0204.uasset" 7521
"/Engine/EngineMaterials/Substrate/Glints2/dict_0001_0201" 7522
"../../../Engine/Content/EngineMaterials/Substrate/Glints2/dict_0001_0205.uasset" 7523
"/Engine/EngineMaterials/Substrate/Glints2/dict_0001_0200" 7524
"/Engine/EngineMaterials/Substrate/Glints2/dict_0001_0196" 7525
"/Engine/EngineMaterials/Substrate/Glints2/dict_0001_0199" 7526
"/Engine/EngineMaterials/Substrate/Glints2/dict_0001_0192" 7527
"/Engine/EngineMaterials/Substrate/Glints2/dict_0001_0198" 7528
"../../../Engine/Content/EngineMaterials/Substrate/Glints2/dict_0001_0208.uasset" 7529
"../../../Engine/Content/EngineMaterials/Substrate/Glints2/dict_0001_0206.uasset" 7530
"/Engine/EngineMaterials/Substrate/Glints2/dict_0001_0205" 7531
"/Engine/EngineMaterials/Substrate/Glints2/dict_0001_0204" 7532
"/Engine/EngineMaterials/Substrate/Glints2/dict_0001_0203" 7533
"/Engine/EngineMaterials/Substrate/Glints2/dict_0001_0197" 7534
"/Engine/EngineMaterials/Substrate/Glints2/dict_0001_0206" 7535
"/Engine/EngineMaterials/Substrate/Glints2/dict_0001_0208" 7536
"../../../Engine/Content/EngineMaterials/Substrate/Glints2/dict_0001_0149.uasset" 7537
"../../../Engine/Content/EngineMaterials/Substrate/Glints2/dict_0001_0211.uasset" 7538
"../../../Engine/Content/EngineMaterials/Substrate/Glints2/dict_0001_0207.uasset" 7539
"../../../Engine/Content/EngineMaterials/Substrate/Glints2/dict_0001_0214.uasset" 7540
"../../../Engine/Content/EngineMaterials/Substrate/Glints2/dict_0001_0215.uasset" 7541
"../../../Engine/Content/EngineMaterials/Substrate/Glints2/dict_0001_0210.uasset" 7542
"../../../Engine/Content/EngineMaterials/Substrate/Glints2/dict_0001_0213.uasset" 7543
"../../../Engine/Content/EngineMaterials/Substrate/Glints2/dict_0001_0217.uasset" 7544
"../../../Engine/Content/EngineMaterials/Substrate/Glints2/dict_0001_0209.uasset" 7545
"../../../Engine/Content/EngineMaterials/Substrate/Glints2/dict_0001_0212.uasset" 7546
"/Engine/EngineMaterials/Substrate/Glints2/dict_0001_0207" 7547
"/Engine/EngineMaterials/Substrate/Glints2/dict_0001_0217" 7548
"../../../Engine/Content/EngineMaterials/Substrate/Glints2/dict_0001_0193.uasset" 7549
"/Engine/EngineMaterials/Substrate/Glints2/dict_0001_0215" 7550
"/Engine/EngineMaterials/Substrate/Glints2/dict_0001_0214" 7551
"../../../Engine/Content/EngineMaterials/Substrate/Glints2/dict_0001_0157.uasset" 7552
"../../../Engine/Content/EngineMaterials/Substrate/Glints2/dict_0001_0219.uasset" 7553
"../../../Engine/Content/EngineMaterials/Substrate/Glints2/dict_0001_0220.uasset" 7554
"/Engine/EngineMaterials/Substrate/Glints2/dict_0001_0213" 7555
"/Engine/EngineMaterials/Substrate/Glints2/dict_0001_0211" 7556
"/Engine/EngineMaterials/Substrate/Glints2/dict_0001_0210" 7557
"/Engine/EngineMaterials/Substrate/Glints2/dict_0001_0209" 7558
"/Engine/EngineMaterials/Substrate/Glints2/dict_0001_0149" 7559
"/Engine/EngineMaterials/Substrate/Glints2/dict_0001_0219" 7560
"/Engine/EngineMaterials/Substrate/Glints2/dict_0001_0212" 7561
"/Engine/EngineMaterials/Substrate/Glints2/dict_0001_0157" 7562
"/Engine/EngineMaterials/Substrate/Glints2/dict_0001_0220" 7563
"/Engine/EngineMaterials/Substrate/Glints2/dict_0001_0193" 7564
"../../../Engine/Content/EngineMaterials/Substrate/Glints2/dict_0001_0228.uasset" 7565
"../../../Engine/Content/EngineMaterials/Substrate/Glints2/dict_0001_0222.uasset" 7566
"../../../Engine/Content/EngineMaterials/Substrate/Glints2/dict_0001_0229.uasset" 7567
"../../../Engine/Content/EngineMaterials/Substrate/Glints2/dict_0001_0218.uasset" 7568
"../../../Engine/Content/EngineMaterials/Substrate/Glints2/dict_0001_0221.uasset" 7569
"../../../Engine/Content/EngineMaterials/Substrate/Glints2/dict_0001_0224.uasset" 7570
"../../../Engine/Content/EngineMaterials/Substrate/Glints2/dict_0001_0230.uasset" 7571
"../../../Engine/Content/EngineMaterials/Substrate/Glints2/dict_0001_0223.uasset" 7572
"../../../Engine/Content/EngineMaterials/Substrate/Glints2/dict_0001_0183.uasset" 7573
"../../../Engine/Content/EngineMaterials/Substrate/Glints2/dict_0001_0232.uasset" 7574
"/Engine/EngineMaterials/Substrate/Glints2/dict_0001_0229" 7575
"../../../Engine/Content/EngineMaterials/Substrate/Glints2/dict_0001_0236.uasset" 7576
"/Engine/EngineMaterials/Substrate/Glints2/dict_0001_0221" 7577
"/Engine/EngineMaterials/Substrate/Glints2/dict_0001_0218" 7578
"../../../Engine/Content/EngineMaterials/Substrate/Glints2/dict_0001_0226.uasset" 7579
"/Engine/EngineMaterials/Substrate/Glints2/dict_0001_0232" 7580
"../../../Engine/Content/EngineMaterials/Substrate/Glints2/dict_0001_0227.uasset" 7581
"/Engine/EngineMaterials/Substrate/Glints2/dict_0001_0228" 7582
"/Engine/EngineMaterials/Substrate/Glints2/dict_0001_0230" 7583
"/Engine/EngineMaterials/Substrate/Glints2/dict_0001_0183" 7584
"/Engine/EngineMaterials/Substrate/Glints2/dict_0001_0224" 7585
"/Engine/EngineMaterials/Substrate/Glints2/dict_0001_0223" 7586
"/Engine/EngineMaterials/Substrate/Glints2/dict_0001_0222" 7587
"/Engine/EngineMaterials/Substrate/Glints2/dict_0001_0227" 7588
"/Engine/EngineMaterials/Substrate/Glints2/dict_0001_0226" 7589
"/Engine/EngineMaterials/Substrate/Glints2/dict_0001_0236" 7590
"../../../Engine/Content/EngineMaterials/Substrate/Glints2/dict_0001_0233.uasset" 7591
"../../../Engine/Content/EngineMaterials/Substrate/Glints2/dict_0001_0234.uasset" 7592
"../../../Engine/Content/EngineMaterials/Substrate/Glints2/dict_0001_0225.uasset" 7593
"../../../Engine/Content/EngineMaterials/Substrate/Glints2/dict_0001_0231.uasset" 7594
"../../../Engine/Content/EngineMaterials/Substrate/Glints2/dict_0001_0239.uasset" 7595
"../../../Engine/Content/EngineMaterials/Substrate/Glints2/dict_0001_0241.uasset" 7596
"../../../Engine/Content/EngineMaterials/Substrate/Glints2/dict_0001_0240.uasset" 7597
"../../../Engine/Content/EngineMaterials/Substrate/Glints2/dict_0001_0242.uasset" 7598
"../../../Engine/Content/EngineMaterials/Substrate/Glints2/dict_0001_0235.uasset" 7599
"../../../Engine/Content/EngineMaterials/Substrate/Glints2/dict_0001_0216.uasset" 7600
"../../../Engine/Content/EngineMaterials/Substrate/Glints2/dict_0001_0238.uasset" 7601
"../../../Engine/Content/EngineMaterials/Substrate/Glints2/dict_0001_0244.uasset" 7602
"../../../Engine/Content/EngineMaterials/Substrate/Glints2/dict_0001_0237.uasset" 7603
"../../../Engine/Content/EngineMaterials/Substrate/Glints2/dict_0001_0245.uasset" 7604
"../../../Engine/Content/EngineMaterials/Substrate/Glints2/dict_0001_0243.uasset" 7605
"/Engine/EngineMaterials/Substrate/Glints2/dict_0001_0244" 7606
"/Engine/EngineMaterials/Substrate/Glints2/dict_0001_0235" 7607
"/Engine/EngineMaterials/Substrate/Glints2/dict_0001_0233" 7608
"/Engine/EngineMaterials/Substrate/Glints2/dict_0001_0243" 7609
"/Engine/EngineMaterials/Substrate/Glints2/dict_0001_0216" 7610
"/Engine/EngineMaterials/Substrate/Glints2/dict_0001_0242" 7611
"/Engine/EngineMaterials/Substrate/Glints2/dict_0001_0241" 7612
"/Engine/EngineMaterials/Substrate/Glints2/dict_0001_0240" 7613
"/Engine/EngineMaterials/Substrate/Glints2/dict_0001_0231" 7614
"/Engine/EngineMaterials/Substrate/Glints2/dict_0001_0239" 7615
"../../../Engine/Content/EngineMaterials/Substrate/Glints2/dict_0001_0246.uasset" 7616
"/Engine/EngineMaterials/Substrate/Glints2/dict_0001_0225" 7617
"../../../Engine/Content/EngineMaterials/Substrate/Glints2/dict_0001_0251.uasset" 7618
"/Engine/EngineMaterials/Substrate/Glints2/dict_0001_0238" 7619
"/Engine/EngineMaterials/Substrate/Glints2/dict_0001_0237" 7620
"/Engine/EngineMaterials/Substrate/Glints2/dict_0001_0245" 7621
"/Engine/EngineMaterials/Substrate/Glints2/dict_0001_0234" 7622
"/Engine/EngineMaterials/Substrate/Glints2/dict_0001_0246" 7623
"/Engine/EngineMaterials/Substrate/Glints2/dict_0001_0251" 7624
"../../../Engine/Content/EngineMaterials/Substrate/Glints2/dict_0001_0248.uasset" 7625
"../../../Engine/Content/EngineMaterials/Substrate/Glints2/dict_0001_0249.uasset" 7626
"../../../Engine/Content/EngineMaterials/Substrate/Glints2/dict_0001_0250.uasset" 7627
"../../../Engine/Content/EngineMaterials/Substrate/Glints2/dict_0001_0247.uasset" 7628
"../../../Engine/Content/EngineMaterials/Substrate/Glints2/dict_0002_0003.uasset" 7629
"../../../Engine/Content/EngineMaterials/Substrate/Glints2/dict_0001_0255.uasset" 7630
"../../../Engine/Content/EngineMaterials/Substrate/Glints2/dict_0002_0001.uasset" 7631
"../../../Engine/Content/EngineMaterials/Substrate/Glints2/dict_0002_0005.uasset" 7632
"../../../Engine/Content/EngineMaterials/Substrate/Glints2/dict_0002_0004.uasset" 7633
"../../../Engine/Content/EngineMaterials/Substrate/Glints2/dict_0002_0002.uasset" 7634
"../../../Engine/Content/EngineMaterials/Substrate/Glints2/dict_0002_0000.uasset" 7635
"/Engine/EngineMaterials/Substrate/Glints2/dict_0002_0003" 7636
"/Engine/EngineMaterials/Substrate/Glints2/dict_0001_0249" 7637
"../../../Engine/Content/EngineMaterials/Substrate/Glints2/dict_0002_0010.uasset" 7638
"../../../Engine/Content/EngineMaterials/Substrate/Glints2/dict_0002_0011.uasset" 7639
"/Engine/EngineMaterials/Substrate/Glints2/dict_0002_0001" 7640
"/Engine/EngineMaterials/Substrate/Glints2/dict_0001_0248" 7641
"/Engine/EngineMaterials/Substrate/Glints2/dict_0001_0247" 7642
"/Engine/EngineMaterials/Substrate/Glints2/dict_0001_0255" 7643
"/Engine/EngineMaterials/Substrate/Glints2/dict_0002_0005" 7644
"../../../Engine/Content/EngineMaterials/Substrate/Glints2/dict_0002_0006.uasset" 7645
"/Engine/EngineMaterials/Substrate/Glints2/dict_0002_0004" 7646
"/Engine/EngineMaterials/Substrate/Glints2/dict_0001_0250" 7647
"/Engine/EngineMaterials/Substrate/Glints2/dict_0002_0002" 7648
"/Engine/EngineMaterials/Substrate/Glints2/dict_0002_0006" 7649
"../../../Engine/Content/EngineMaterials/Substrate/Glints2/dict_0001_0253.uasset" 7650
"/Engine/EngineMaterials/Substrate/Glints2/dict_0002_0011" 7651
"/Engine/EngineMaterials/Substrate/Glints2/dict_0002_0010" 7652
"/Engine/EngineMaterials/Substrate/Glints2/dict_0001_0253" 7653
"../../../Engine/Content/EngineMaterials/Substrate/Glints2/dict_0002_0014.uasset" 7654
"../../../Engine/Content/EngineMaterials/Substrate/Glints2/dict_0002_0013.uasset" 7655
"../../../Engine/Content/EngineMaterials/Substrate/Glints2/dict_0002_0015.uasset" 7656
"../../../Engine/Content/EngineMaterials/Substrate/Glints2/dict_0002_0016.uasset" 7657
"../../../Engine/Content/EngineMaterials/Substrate/Glints2/dict_0002_0008.uasset" 7658
"../../../Engine/Content/EngineMaterials/Substrate/Glints2/dict_0002_0009.uasset" 7659
"../../../Engine/Content/EngineMaterials/Substrate/Glints2/dict_0002_0020.uasset" 7660
"../../../Engine/Content/EngineMaterials/Substrate/Glints2/dict_0002_0018.uasset" 7661
"../../../Engine/Content/EngineMaterials/Substrate/Glints2/dict_0002_0019.uasset" 7662
"/Engine/EngineMaterials/Substrate/Glints2/dict_0002_0020" 7663
"../../../Engine/Content/EngineMaterials/Substrate/Glints2/dict_0002_0012.uasset" 7664
"/Engine/EngineMaterials/Substrate/Glints2/dict_0002_0018" 7665
"/Engine/EngineMaterials/Substrate/Glints2/dict_0002_0000" 7666
"/Engine/EngineMaterials/Substrate/Glints2/dict_0002_0016" 7667
"/Engine/EngineMaterials/Substrate/Glints2/dict_0002_0015" 7668
"/Engine/EngineMaterials/Substrate/Glints2/dict_0002_0014" 7669
"/Engine/EngineMaterials/Substrate/Glints2/dict_0002_0013" 7670
"/Engine/EngineMaterials/Substrate/Glints2/dict_0002_0009" 7671
"/Engine/EngineMaterials/Substrate/Glints2/dict_0002_0008" 7672
"/Engine/EngineMaterials/Substrate/Glints2/dict_0002_0019" 7673
"/Engine/EngineMaterials/Substrate/Glints2/dict_0002_0012" 7674
"../../../Engine/Content/EngineMaterials/Substrate/Glints2/dict_0001_0252.uasset" 7675
"../../../Engine/Content/EngineMaterials/Substrate/Glints2/dict_0002_0024.uasset" 7676
"../../../Engine/Content/EngineMaterials/Substrate/Glints2/dict_0002_0025.uasset" 7677
"../../../Engine/Content/EngineMaterials/Substrate/Glints2/dict_0002_0026.uasset" 7678
"../../../Engine/Content/EngineMaterials/Substrate/Glints2/dict_0002_0023.uasset" 7679
"../../../Engine/Content/EngineMaterials/Substrate/Glints2/dict_0002_0022.uasset" 7680
"../../../Engine/Content/EngineMaterials/Substrate/Glints2/dict_0002_0028.uasset" 7681
"../../../Engine/Content/EngineMaterials/Substrate/Glints2/dict_0002_0030.uasset" 7682
"../../../Engine/Content/EngineMaterials/Substrate/Glints2/dict_0002_0031.uasset" 7683
"../../../Engine/Content/EngineMaterials/Substrate/Glints2/dict_0002_0021.uasset" 7684
"/Engine/EngineMaterials/Substrate/Glints2/dict_0002_0021" 7685
"../../../Engine/Content/EngineMaterials/Substrate/Glints2/dict_0002_0034.uasset" 7686
"../../../Engine/Content/EngineMaterials/Substrate/Glints2/dict_0002_0036.uasset" 7687
"../../../Engine/Content/EngineMaterials/Substrate/Glints2/dict_0002_0027.uasset" 7688
"../../../Engine/Content/EngineMaterials/Substrate/Glints2/dict_0002_0035.uasset" 7689
"/Engine/EngineMaterials/Substrate/Glints2/dict_0002_0031" 7690
"/Engine/EngineMaterials/Substrate/Glints2/dict_0002_0030" 7691
"/Engine/EngineMaterials/Substrate/Glints2/dict_0002_0028" 7692
"/Engine/EngineMaterials/Substrate/Glints2/dict_0002_0026" 7693
"/Engine/EngineMaterials/Substrate/Glints2/dict_0002_0023" 7694
"/Engine/EngineMaterials/Substrate/Glints2/dict_0002_0025" 7695
"/Engine/EngineMaterials/Substrate/Glints2/dict_0001_0252" 7696
"../../../Engine/Content/EngineMaterials/Substrate/Glints2/dict_0002_0007.uasset" 7697
"/Engine/EngineMaterials/Substrate/Glints2/dict_0002_0022" 7698
"/Engine/EngineMaterials/Substrate/Glints2/dict_0002_0024" 7699
"/Engine/EngineMaterials/Substrate/Glints2/dict_0002_0036" 7700
"/Engine/EngineMaterials/Substrate/Glints2/dict_0002_0027" 7701
"/Engine/EngineMaterials/Substrate/Glints2/dict_0002_0034" 7702
"../../../Engine/Content/EngineMaterials/Substrate/Glints2/dict_0002_0033.uasset" 7703
"../../../Engine/Content/EngineMaterials/Substrate/Glints2/dict_0002_0040.uasset" 7704
"../../../Engine/Content/EngineMaterials/Substrate/Glints2/dict_0002_0039.uasset" 7705
"../../../Engine/Content/EngineMaterials/Substrate/Glints2/dict_0002_0017.uasset" 7706
"../../../Engine/Content/EngineMaterials/Substrate/Glints2/dict_0002_0037.uasset" 7707
"../../../Engine/Content/EngineMaterials/Substrate/Glints2/dict_0002_0032.uasset" 7708
"../../../Engine/Content/EngineMaterials/Substrate/Glints2/dict_0002_0047.uasset" 7709
"../../../Engine/Content/EngineMaterials/Substrate/Glints2/dict_0002_0046.uasset" 7710
"../../../Engine/Content/EngineMaterials/Substrate/Glints2/dict_0002_0048.uasset" 7711
"../../../Engine/Content/EngineMaterials/Substrate/Glints2/dict_0001_0254.uasset" 7712
"../../../Engine/Content/EngineMaterials/Substrate/Glints2/dict_0002_0044.uasset" 7713
"/Engine/EngineMaterials/Substrate/Glints2/dict_0002_0032" 7714
"/Engine/EngineMaterials/Substrate/Glints2/dict_0002_0046" 7715
"/Engine/EngineMaterials/Substrate/Glints2/dict_0002_0048" 7716
"/Engine/EngineMaterials/Substrate/Glints2/dict_0002_0017" 7717
"/Engine/EngineMaterials/Substrate/Glints2/dict_0002_0040" 7718
"/Engine/EngineMaterials/Substrate/Glints2/dict_0002_0047" 7719
"/Engine/EngineMaterials/Substrate/Glints2/dict_0002_0035" 7720
"/Engine/EngineMaterials/Substrate/Glints2/dict_0001_0254" 7721
"/Engine/EngineMaterials/Substrate/Glints2/dict_0002_0037" 7722
"/Engine/EngineMaterials/Substrate/Glints2/dict_0002_0033" 7723
"/Engine/EngineMaterials/Substrate/Glints2/dict_0002_0039" 7724
"/Engine/EngineMaterials/Substrate/Glints2/dict_0002_0007" 7725
"/Engine/EngineMaterials/Substrate/Glints2/dict_0002_0044" 7726
"../../../Engine/Content/EngineMaterials/Substrate/Glints2/dict_0002_0042.uasset" 7727
"../../../Engine/Content/EngineMaterials/Substrate/Glints2/dict_0002_0041.uasset" 7728
"../../../Engine/Content/EngineMaterials/Substrate/Glints2/dict_0002_0051.uasset" 7729
"../../../Engine/Content/EngineMaterials/Substrate/Glints2/dict_0002_0050.uasset" 7730
"../../../Engine/Content/EngineMaterials/Substrate/Glints2/dict_0002_0052.uasset" 7731
"../../../Engine/Content/EngineMaterials/Substrate/Glints2/dict_0002_0038.uasset" 7732
"../../../Engine/Content/EngineMaterials/Substrate/Glints2/dict_0002_0043.uasset" 7733
"../../../Engine/Content/EngineMaterials/Substrate/Glints2/dict_0002_0029.uasset" 7734
"../../../Engine/Content/EngineMaterials/Substrate/Glints2/dict_0002_0049.uasset" 7735
"../../../Engine/Content/EngineMaterials/Substrate/Glints2/dict_0002_0059.uasset" 7736
"../../../Engine/Content/EngineMaterials/Substrate/Glints2/dict_0002_0060.uasset" 7737
"../../../Engine/Content/EngineMaterials/Substrate/Glints2/dict_0002_0056.uasset" 7738
"/Engine/EngineMaterials/Substrate/Glints2/dict_0002_0043" 7739
"/Engine/EngineMaterials/Substrate/Glints2/dict_0002_0042" 7740
"../../../Engine/Content/EngineMaterials/Substrate/Glints2/dict_0002_0045.uasset" 7741
"/Engine/EngineMaterials/Substrate/Glints2/dict_0002_0041" 7742
"/Engine/EngineMaterials/Substrate/Glints2/dict_0002_0029" 7743
"/Engine/EngineMaterials/Substrate/Glints2/dict_0002_0038" 7744
"/Engine/EngineMaterials/Substrate/Glints2/dict_0002_0052" 7745
"/Engine/EngineMaterials/Substrate/Glints2/dict_0002_0051" 7746
"/Engine/EngineMaterials/Substrate/Glints2/dict_0002_0050" 7747
"/Engine/EngineMaterials/Substrate/Glints2/dict_0002_0049" 7748
"/Engine/EngineMaterials/Substrate/Glints2/dict_0002_0045" 7749
"/Engine/EngineMaterials/Substrate/Glints2/dict_0002_0060" 7750
"../../../Engine/Content/EngineMaterials/Substrate/Glints2/dict_0002_0064.uasset" 7751
"../../../Engine/Content/EngineMaterials/Substrate/Glints2/dict_0002_0065.uasset" 7752
"../../../Engine/Content/EngineMaterials/Substrate/Glints2/dict_0002_0061.uasset" 7753
"../../../Engine/Content/EngineMaterials/Substrate/Glints2/dict_0002_0054.uasset" 7754
"../../../Engine/Content/EngineMaterials/Substrate/Glints2/dict_0002_0057.uasset" 7755
"../../../Engine/Content/EngineMaterials/Substrate/Glints2/dict_0002_0058.uasset" 7756
"../../../Engine/Content/EngineMaterials/Substrate/Glints2/dict_0002_0068.uasset" 7757
"../../../Engine/Content/EngineMaterials/Substrate/Glints2/dict_0002_0067.uasset" 7758
"../../../Engine/Content/EngineMaterials/Substrate/Glints2/dict_0002_0072.uasset" 7759
"../../../Engine/Content/EngineMaterials/Substrate/Glints2/dict_0002_0073.uasset" 7760
"../../../Engine/Content/EngineMaterials/Substrate/Glints2/dict_0002_0066.uasset" 7761
"../../../Engine/Content/EngineMaterials/Substrate/Glints2/dict_0002_0071.uasset" 7762
"/Engine/EngineMaterials/Substrate/Glints2/dict_0002_0073" 7763
"/Engine/EngineMaterials/Substrate/Glints2/dict_0002_0058" 7764
"/Engine/EngineMaterials/Substrate/Glints2/dict_0002_0057" 7765
"/Engine/EngineMaterials/Substrate/Glints2/dict_0002_0072" 7766
"/Engine/EngineMaterials/Substrate/Glints2/dict_0002_0061" 7767
"/Engine/EngineMaterials/Substrate/Glints2/dict_0002_0071" 7768
"/Engine/EngineMaterials/Substrate/Glints2/dict_0002_0068" 7769
"/Engine/EngineMaterials/Substrate/Glints2/dict_0002_0067" 7770
"/Engine/EngineMaterials/Substrate/Glints2/dict_0002_0054" 7771
"/Engine/EngineMaterials/Substrate/Glints2/dict_0002_0066" 7772
"/Engine/EngineMaterials/Substrate/Glints2/dict_0002_0059" 7773
"/Engine/EngineMaterials/Substrate/Glints2/dict_0002_0065" 7774
"/Engine/EngineMaterials/Substrate/Glints2/dict_0002_0064" 7775
"../../../Engine/Content/EngineMaterials/Substrate/Glints2/dict_0002_0074.uasset" 7776
"../../../Engine/Content/EngineMaterials/Substrate/Glints2/dict_0002_0070.uasset" 7777
"../../../Engine/Content/EngineMaterials/Substrate/Glints2/dict_0002_0076.uasset" 7778
"../../../Engine/Content/EngineMaterials/Substrate/Glints2/dict_0002_0053.uasset" 7779
"../../../Engine/Content/EngineMaterials/Substrate/Glints2/dict_0002_0069.uasset" 7780
"../../../Engine/Content/EngineMaterials/Substrate/Glints2/dict_0002_0079.uasset" 7781
"../../../Engine/Content/EngineMaterials/Substrate/Glints2/dict_0002_0078.uasset" 7782
"../../../Engine/Content/EngineMaterials/Substrate/Glints2/dict_0002_0082.uasset" 7783
"/Engine/EngineMaterials/Substrate/Glints2/dict_0002_0056" 7784
"/Engine/EngineMaterials/Substrate/Glints2/dict_0002_0074" 7785
"../../../Engine/Content/EngineMaterials/Substrate/Glints2/dict_0002_0085.uasset" 7786
"/Engine/EngineMaterials/Substrate/Glints2/dict_0002_0070" 7787
"/Engine/EngineMaterials/Substrate/Glints2/dict_0002_0082" 7788
"/Engine/EngineMaterials/Substrate/Glints2/dict_0002_0069" 7789
"/Engine/EngineMaterials/Substrate/Glints2/dict_0002_0053" 7790
"/Engine/EngineMaterials/Substrate/Glints2/dict_0002_0079" 7791
"/Engine/EngineMaterials/Substrate/Glints2/dict_0002_0078" 7792
"../../../Engine/Content/EngineMaterials/Substrate/Glints2/dict_0002_0083.uasset" 7793
"/Engine/EngineMaterials/Substrate/Glints2/dict_0002_0076" 7794
"/Engine/EngineMaterials/Substrate/Glints2/dict_0002_0085" 7795
"../../../Engine/Content/EngineMaterials/Substrate/Glints2/dict_0002_0086.uasset" 7796
"/Engine/EngineMaterials/Substrate/Glints2/dict_0002_0083" 7797
"/Engine/EngineMaterials/Substrate/Glints2/dict_0002_0086" 7798
"../../../Engine/Content/EngineMaterials/Substrate/Glints2/dict_0002_0055.uasset" 7799
"/Engine/EngineMaterials/Substrate/Glints2/dict_0002_0055" 7800
"../../../Engine/Content/EngineMaterials/Substrate/Glints2/dict_0002_0063.uasset" 7801
"../../../Engine/Content/EngineMaterials/Substrate/Glints2/dict_0002_0088.uasset" 7802
"../../../Engine/Content/EngineMaterials/Substrate/Glints2/dict_0002_0090.uasset" 7803
"../../../Engine/Content/EngineMaterials/Substrate/Glints2/dict_0002_0077.uasset" 7804
"../../../Engine/Content/EngineMaterials/Substrate/Glints2/dict_0002_0089.uasset" 7805
"../../../Engine/Content/EngineMaterials/Substrate/Glints2/dict_0002_0092.uasset" 7806
"../../../Engine/Content/EngineMaterials/Substrate/Glints2/dict_0002_0093.uasset" 7807
"../../../Engine/Content/EngineMaterials/Substrate/Glints2/dict_0002_0081.uasset" 7808
"../../../Engine/Content/EngineMaterials/Substrate/Glints2/dict_0002_0084.uasset" 7809
"../../../Engine/Content/EngineMaterials/Substrate/Glints2/dict_0002_0091.uasset" 7810
"../../../Engine/Content/EngineMaterials/Substrate/Glints2/dict_0002_0075.uasset" 7811
"../../../Engine/Content/EngineMaterials/Substrate/Glints2/dict_0002_0095.uasset" 7812
"../../../Engine/Content/EngineMaterials/Substrate/Glints2/dict_0002_0097.uasset" 7813
"../../../Engine/Content/EngineMaterials/Substrate/Glints2/dict_0002_0098.uasset" 7814
"../../../Engine/Content/EngineMaterials/Substrate/Glints2/dict_0002_0103.uasset" 7815
"../../../Engine/Content/EngineMaterials/Substrate/Glints2/dict_0002_0094.uasset" 7816
"/Engine/EngineMaterials/Substrate/Glints2/dict_0002_0098" 7817
"/Engine/EngineMaterials/Substrate/Glints2/dict_0002_0097" 7818
"/Engine/EngineMaterials/Substrate/Glints2/dict_0002_0095" 7819
"/Engine/EngineMaterials/Substrate/Glints2/dict_0002_0094" 7820
"/Engine/EngineMaterials/Substrate/Glints2/dict_0002_0093" 7821
"/Engine/EngineMaterials/Substrate/Glints2/dict_0002_0081" 7822
"/Engine/EngineMaterials/Substrate/Glints2/dict_0002_0103" 7823
"/Engine/EngineMaterials/Substrate/Glints2/dict_0002_0092" 7824
"../../../Engine/Content/EngineMaterials/Substrate/Glints2/dict_0002_0101.uasset" 7825
"/Engine/EngineMaterials/Substrate/Glints2/dict_0002_0084" 7826
"/Engine/EngineMaterials/Substrate/Glints2/dict_0002_0091" 7827
"/Engine/EngineMaterials/Substrate/Glints2/dict_0002_0090" 7828
"/Engine/EngineMaterials/Substrate/Glints2/dict_0002_0089" 7829
"/Engine/EngineMaterials/Substrate/Glints2/dict_0002_0088" 7830
"/Engine/EngineMaterials/Substrate/Glints2/dict_0002_0063" 7831
"/Engine/EngineMaterials/Substrate/Glints2/dict_0002_0077" 7832
"/Engine/EngineMaterials/Substrate/Glints2/dict_0002_0075" 7833
"/Engine/EngineMaterials/Substrate/Glints2/dict_0002_0101" 7834
"../../../Engine/Content/EngineMaterials/Substrate/Glints2/dict_0002_0100.uasset" 7835
"../../../Engine/Content/EngineMaterials/Substrate/Glints2/dict_0002_0099.uasset" 7836
"../../../Engine/Content/EngineMaterials/Substrate/Glints2/dict_0002_0096.uasset" 7837
"../../../Engine/Content/EngineMaterials/Substrate/Glints2/dict_0002_0080.uasset" 7838
"../../../Engine/Content/EngineMaterials/Substrate/Glints2/dict_0002_0104.uasset" 7839
"/Engine/EngineMaterials/Substrate/Glints2/dict_0002_0096" 7840
"../../../Engine/Content/EngineMaterials/Substrate/Glints2/dict_0002_0105.uasset" 7841
"../../../Engine/Content/EngineMaterials/Substrate/Glints2/dict_0002_0108.uasset" 7842
"/Engine/EngineMaterials/Substrate/Glints2/dict_0002_0104" 7843
"/Engine/EngineMaterials/Substrate/Glints2/dict_0002_0080" 7844
"../../../Engine/Content/EngineMaterials/Substrate/Glints2/dict_0002_0087.uasset" 7845
"/Engine/EngineMaterials/Substrate/Glints2/dict_0002_0100" 7846
"/Engine/EngineMaterials/Substrate/Glints2/dict_0002_0099" 7847
"/Engine/EngineMaterials/Substrate/Glints2/dict_0002_0105" 7848
"/Engine/EngineMaterials/Substrate/Glints2/dict_0002_0108" 7849
"/Engine/EngineMaterials/Substrate/Glints2/dict_0002_0087" 7850
"../../../Engine/Content/EngineMaterials/Substrate/Glints2/dict_0002_0107.uasset" 7851
"../../../Engine/Content/EngineMaterials/Substrate/Glints2/dict_0002_0110.uasset" 7852
"../../../Engine/Content/EngineMaterials/Substrate/Glints2/dict_0002_0112.uasset" 7853
"../../../Engine/Content/EngineMaterials/Substrate/Glints2/dict_0002_0114.uasset" 7854
"../../../Engine/Content/EngineMaterials/Substrate/Glints2/dict_0002_0115.uasset" 7855
"../../../Engine/Content/EngineMaterials/Substrate/Glints2/dict_0002_0106.uasset" 7856
"../../../Engine/Content/EngineMaterials/Substrate/Glints2/dict_0002_0111.uasset" 7857
"../../../Engine/Content/EngineMaterials/Substrate/Glints2/dict_0002_0113.uasset" 7858
"../../../Engine/Content/EngineMaterials/Substrate/Glints2/dict_0002_0109.uasset" 7859
"../../../Engine/Content/EngineMaterials/Substrate/Glints2/dict_0002_0117.uasset" 7860
"../../../Engine/Content/EngineMaterials/Substrate/Glints2/dict_0002_0116.uasset" 7861
"../../../Engine/Content/EngineMaterials/Substrate/Glints2/dict_0002_0118.uasset" 7862
"../../../Engine/Content/EngineMaterials/Substrate/Glints2/dict_0002_0119.uasset" 7863
"../../../Engine/Content/EngineMaterials/Substrate/Glints2/dict_0002_0102.uasset" 7864
"/Engine/EngineMaterials/Substrate/Glints2/dict_0002_0107" 7865
"/Engine/EngineMaterials/Substrate/Glints2/dict_0002_0119" 7866
"/Engine/EngineMaterials/Substrate/Glints2/dict_0002_0115" 7867
"/Engine/EngineMaterials/Substrate/Glints2/dict_0002_0102" 7868
"/Engine/EngineMaterials/Substrate/Glints2/dict_0002_0110" 7869
"/Engine/EngineMaterials/Substrate/Glints2/dict_0002_0114" 7870
"/Engine/EngineMaterials/Substrate/Glints2/dict_0002_0112" 7871
"/Engine/EngineMaterials/Substrate/Glints2/dict_0002_0106" 7872
"/Engine/EngineMaterials/Substrate/Glints2/dict_0002_0111" 7873
"../../../Engine/Content/EngineMaterials/Substrate/Glints2/dict_0002_0121.uasset" 7874
"../../../Engine/Content/EngineMaterials/Substrate/Glints2/dict_0002_0122.uasset" 7875
"../../../Engine/Content/EngineMaterials/Substrate/Glints2/dict_0002_0125.uasset" 7876
"../../../Engine/Content/EngineMaterials/Substrate/Glints2/dict_0002_0126.uasset" 7877
"/Engine/EngineMaterials/Substrate/Glints2/dict_0002_0125" 7878
"/Engine/EngineMaterials/Substrate/Glints2/dict_0002_0122" 7879
"/Engine/EngineMaterials/Substrate/Glints2/dict_0002_0121" 7880
"/Engine/EngineMaterials/Substrate/Glints2/dict_0002_0113" 7881
"../../../Engine/Content/EngineMaterials/Substrate/Glints2/dict_0002_0128.uasset" 7882
"../../../Engine/Content/EngineMaterials/Substrate/Glints2/dict_0002_0130.uasset" 7883
"/Engine/EngineMaterials/Substrate/Glints2/dict_0002_0126" 7884
"/Engine/EngineMaterials/Substrate/Glints2/dict_0002_0109" 7885
"/Engine/EngineMaterials/Substrate/Glints2/dict_0002_0118" 7886
"/Engine/EngineMaterials/Substrate/Glints2/dict_0002_0117" 7887
"/Engine/EngineMaterials/Substrate/Glints2/dict_0002_0116" 7888
"/Engine/EngineMaterials/Substrate/Glints2/dict_0002_0128" 7889
"../../../Engine/Content/EngineMaterials/Substrate/Glints2/dict_0002_0124.uasset" 7890
"../../../Engine/Content/EngineMaterials/Substrate/Glints2/dict_0002_0135.uasset" 7891
"../../../Engine/Content/EngineMaterials/Substrate/Glints2/dict_0002_0132.uasset" 7892
"../../../Engine/Content/EngineMaterials/Substrate/Glints2/dict_0002_0129.uasset" 7893
"../../../Engine/Content/EngineMaterials/Substrate/Glints2/dict_0002_0131.uasset" 7894
"../../../Engine/Content/EngineMaterials/Substrate/Glints2/dict_0002_0123.uasset" 7895
"../../../Engine/Content/EngineMaterials/Substrate/Glints2/dict_0002_0140.uasset" 7896
"../../../Engine/Content/EngineMaterials/Substrate/Glints2/dict_0002_0134.uasset" 7897
"../../../Engine/Content/EngineMaterials/Substrate/Glints2/dict_0002_0137.uasset" 7898
"../../../Engine/Content/EngineMaterials/Substrate/Glints2/dict_0002_0142.uasset" 7899
"/Engine/EngineMaterials/Substrate/Glints2/dict_0002_0124" 7900
"../../../Engine/Content/EngineMaterials/Substrate/Glints2/dict_0002_0138.uasset" 7901
"/Engine/EngineMaterials/Substrate/Glints2/dict_0002_0123" 7902
"/Engine/EngineMaterials/Substrate/Glints2/dict_0002_0135" 7903
"/Engine/EngineMaterials/Substrate/Glints2/dict_0002_0132" 7904
"/Engine/EngineMaterials/Substrate/Glints2/dict_0002_0131" 7905
"/Engine/EngineMaterials/Substrate/Glints2/dict_0002_0142" 7906
"/Engine/EngineMaterials/Substrate/Glints2/dict_0002_0140" 7907
"../../../Engine/Content/EngineMaterials/Substrate/Glints2/dict_0002_0145.uasset" 7908
"/Engine/EngineMaterials/Substrate/Glints2/dict_0002_0134" 7909
"../../../Engine/Content/EngineMaterials/Substrate/Glints2/dict_0002_0144.uasset" 7910
"/Engine/EngineMaterials/Substrate/Glints2/dict_0002_0130" 7911
"../../../Engine/Content/EngineMaterials/Substrate/Glints2/dict_0002_0143.uasset" 7912
"/Engine/EngineMaterials/Substrate/Glints2/dict_0002_0129" 7913
"/Engine/EngineMaterials/Substrate/Glints2/dict_0002_0137" 7914
"../../../Engine/Content/EngineMaterials/Substrate/Glints2/dict_0002_0133.uasset" 7915
"/Engine/EngineMaterials/Substrate/Glints2/dict_0002_0133" 7916
"/Engine/EngineMaterials/Substrate/Glints2/dict_0002_0143" 7917
"../../../Engine/Content/EngineMaterials/Substrate/Glints2/dict_0002_0139.uasset" 7918
"/Engine/EngineMaterials/Substrate/Glints2/dict_0002_0145" 7919
"/Engine/EngineMaterials/Substrate/Glints2/dict_0002_0144" 7920
"/Engine/EngineMaterials/Substrate/Glints2/dict_0002_0138" 7921
"../../../Engine/Content/EngineMaterials/Substrate/Glints2/dict_0002_0141.uasset" 7922
"../../../Engine/Content/EngineMaterials/Substrate/Glints2/dict_0002_0136.uasset" 7923
"/Engine/EngineMaterials/Substrate/Glints2/dict_0002_0141" 7924
"../../../Engine/Content/EngineMaterials/Substrate/Glints2/dict_0002_0127.uasset" 7925
"/Engine/EngineMaterials/Substrate/Glints2/dict_0002_0139" 7926
"/Engine/EngineMaterials/Substrate/Glints2/dict_0002_0127" 7927
"/Engine/EngineMaterials/Substrate/Glints2/dict_0002_0136" 7928
"../../../Engine/Content/EngineMaterials/Substrate/Glints2/dict_0002_0120.uasset" 7929
"../../../Engine/Content/EngineMaterials/Substrate/Glints2/dict_0002_0147.uasset" 7930
"../../../Engine/Content/EngineMaterials/Substrate/Glints2/dict_0002_0150.uasset" 7931
"../../../Engine/Content/EngineMaterials/Substrate/Glints2/dict_0002_0149.uasset" 7932
"../../../Engine/Content/EngineMaterials/Substrate/Glints2/dict_0002_0148.uasset" 7933
"../../../Engine/Content/EngineMaterials/Substrate/Glints2/dict_0002_0159.uasset" 7934
"../../../Engine/Content/EngineMaterials/Substrate/Glints2/dict_0002_0154.uasset" 7935
"../../../Engine/Content/EngineMaterials/Substrate/Glints2/dict_0002_0157.uasset" 7936
"../../../Engine/Content/EngineMaterials/Substrate/Glints2/dict_0002_0151.uasset" 7937
"/Engine/EngineMaterials/Substrate/Glints2/dict_0002_0149" 7938
"../../../Engine/Content/EngineMaterials/Substrate/Glints2/dict_0002_0158.uasset" 7939
"/Engine/EngineMaterials/Substrate/Glints2/dict_0002_0154" 7940
"../../../Engine/Content/EngineMaterials/Substrate/Glints2/dict_0002_0160.uasset" 7941
"/Engine/EngineMaterials/Substrate/Glints2/dict_0002_0148" 7942
"/Engine/EngineMaterials/Substrate/Glints2/dict_0002_0147" 7943
"/Engine/EngineMaterials/Substrate/Glints2/dict_0002_0120" 7944
"/Engine/EngineMaterials/Substrate/Glints2/dict_0002_0151" 7945
"/Engine/EngineMaterials/Substrate/Glints2/dict_0002_0159" 7946
"/Engine/EngineMaterials/Substrate/Glints2/dict_0002_0150" 7947
"/Engine/EngineMaterials/Substrate/Glints2/dict_0002_0157" 7948
"/Engine/EngineMaterials/Substrate/Glints2/dict_0002_0160" 7949
"/Engine/EngineMaterials/Substrate/Glints2/dict_0002_0158" 7950
"../../../Engine/Content/EngineMaterials/Substrate/Glints2/dict_0002_0161.uasset" 7951
"../../../Engine/Content/EngineMaterials/Substrate/Glints2/dict_0002_0152.uasset" 7952
"../../../Engine/Content/EngineMaterials/Substrate/Glints2/dict_0002_0163.uasset" 7953
"../../../Engine/Content/EngineMaterials/Substrate/Glints2/dict_0002_0062.uasset" 7954
"../../../Engine/Content/EngineMaterials/Substrate/Glints2/dict_0002_0164.uasset" 7955
"../../../Engine/Content/EngineMaterials/Substrate/Glints2/dict_0002_0165.uasset" 7956
"../../../Engine/Content/EngineMaterials/Substrate/Glints2/dict_0002_0153.uasset" 7957
"../../../Engine/Content/EngineMaterials/Substrate/Glints2/dict_0002_0169.uasset" 7958
"../../../Engine/Content/EngineMaterials/Substrate/Glints2/dict_0002_0162.uasset" 7959
"../../../Engine/Content/EngineMaterials/Substrate/Glints2/dict_0002_0167.uasset" 7960
"../../../Engine/Content/EngineMaterials/Substrate/Glints2/dict_0002_0168.uasset" 7961
"../../../Engine/Content/EngineMaterials/Substrate/Glints2/dict_0002_0146.uasset" 7962
"../../../Engine/Content/EngineMaterials/Substrate/Glints2/dict_0002_0172.uasset" 7963
"../../../Engine/Content/EngineMaterials/Substrate/Glints2/dict_0002_0171.uasset" 7964
"/Engine/EngineMaterials/Substrate/Glints2/dict_0002_0165" 7965
"../../../Engine/Content/EngineMaterials/Substrate/Glints2/dict_0002_0176.uasset" 7966
"/Engine/EngineMaterials/Substrate/Glints2/dict_0002_0169" 7967
"../../../Engine/Content/EngineMaterials/Substrate/Glints2/dict_0002_0174.uasset" 7968
"/Engine/EngineMaterials/Substrate/Glints2/dict_0002_0164" 7969
"/Engine/EngineMaterials/Substrate/Glints2/dict_0002_0163" 7970
"/Engine/EngineMaterials/Substrate/Glints2/dict_0002_0162" 7971
"/Engine/EngineMaterials/Substrate/Glints2/dict_0002_0161" 7972
"/Engine/EngineMaterials/Substrate/Glints2/dict_0002_0153" 7973
"/Engine/EngineMaterials/Substrate/Glints2/dict_0002_0152" 7974
"/Engine/EngineMaterials/Substrate/Glints2/dict_0002_0167" 7975
"/Engine/EngineMaterials/Substrate/Glints2/dict_0002_0062" 7976
"/Engine/EngineMaterials/Substrate/Glints2/dict_0002_0171" 7977
"/Engine/EngineMaterials/Substrate/Glints2/dict_0002_0174" 7978
"/Engine/EngineMaterials/Substrate/Glints2/dict_0002_0168" 7979
"/Engine/EngineMaterials/Substrate/Glints2/dict_0002_0172" 7980
"/Engine/EngineMaterials/Substrate/Glints2/dict_0002_0146" 7981
"/Engine/EngineMaterials/Substrate/Glints2/dict_0002_0176" 7982
"../../../Engine/Content/EngineMaterials/Substrate/Glints2/dict_0002_0155.uasset" 7983
"../../../Engine/Content/EngineMaterials/Substrate/Glints2/dict_0002_0181.uasset" 7984
"../../../Engine/Content/EngineMaterials/Substrate/Glints2/dict_0002_0175.uasset" 7985
"../../../Engine/Content/EngineMaterials/Substrate/Glints2/dict_0002_0182.uasset" 7986
"../../../Engine/Content/EngineMaterials/Substrate/Glints2/dict_0002_0173.uasset" 7987
"../../../Engine/Content/EngineMaterials/Substrate/Glints2/dict_0002_0186.uasset" 7988
"../../../Engine/Content/EngineMaterials/Substrate/Glints2/dict_0002_0183.uasset" 7989
"../../../Engine/Content/EngineMaterials/Substrate/Glints2/dict_0002_0184.uasset" 7990
"/Engine/EngineMaterials/Substrate/Glints2/dict_0002_0175" 7991
"../../../Engine/Content/EngineMaterials/Substrate/Glints2/dict_0002_0177.uasset" 7992
"/Engine/EngineMaterials/Substrate/Glints2/dict_0002_0155" 7993
"/Engine/EngineMaterials/Substrate/Glints2/dict_0002_0184" 7994
"/Engine/EngineMaterials/Substrate/Glints2/dict_0002_0183" 7995
"/Engine/EngineMaterials/Substrate/Glints2/dict_0002_0182" 7996
"/Engine/EngineMaterials/Substrate/Glints2/dict_0002_0181" 7997
"/Engine/EngineMaterials/Substrate/Glints2/dict_0002_0173" 7998
"/Engine/EngineMaterials/Substrate/Glints2/dict_0002_0186" 7999
"/Engine/EngineMaterials/Substrate/Glints2/dict_0002_0177" 8000
"../../../Engine/Content/EngineMaterials/Substrate/Glints2/dict_0002_0180.uasset" 8001
"../../../Engine/Content/EngineMaterials/Substrate/Glints2/dict_0002_0187.uasset" 8002
"../../../Engine/Content/EngineMaterials/Substrate/Glints2/dict_0002_0190.uasset" 8003
"../../../Engine/Content/EngineMaterials/Substrate/Glints2/dict_0002_0179.uasset" 8004
"../../../Engine/Content/EngineMaterials/Substrate/Glints2/dict_0002_0188.uasset" 8005
"../../../Engine/Content/EngineMaterials/Substrate/Glints2/dict_0002_0156.uasset" 8006
"../../../Engine/Content/EngineMaterials/Substrate/Glints2/dict_0002_0191.uasset" 8007
"../../../Engine/Content/EngineMaterials/Substrate/Glints2/dict_0002_0166.uasset" 8008
"../../../Engine/Content/EngineMaterials/Substrate/Glints2/dict_0002_0185.uasset" 8009
"../../../Engine/Content/EngineMaterials/Substrate/Glints2/dict_0002_0193.uasset" 8010
"../../../Engine/Content/EngineMaterials/Substrate/Glints2/dict_0002_0196.uasset" 8011
"../../../Engine/Content/EngineMaterials/Substrate/Glints2/dict_0002_0194.uasset" 8012
"../../../Engine/Content/EngineMaterials/Substrate/Glints2/dict_0002_0198.uasset" 8013
"/Engine/EngineMaterials/Substrate/Glints2/dict_0002_0166" 8014
"/Engine/EngineMaterials/Substrate/Glints2/dict_0002_0196" 8015
"/Engine/EngineMaterials/Substrate/Glints2/dict_0002_0194" 8016
"../../../Engine/Content/EngineMaterials/Substrate/Glints2/dict_0002_0199.uasset" 8017
"/Engine/EngineMaterials/Substrate/Glints2/dict_0002_0193" 8018
"/Engine/EngineMaterials/Substrate/Glints2/dict_0002_0180" 8019
"/Engine/EngineMaterials/Substrate/Glints2/dict_0002_0191" 8020
"/Engine/EngineMaterials/Substrate/Glints2/dict_0002_0190" 8021
"/Engine/EngineMaterials/Substrate/Glints2/dict_0002_0179" 8022
"/Engine/EngineMaterials/Substrate/Glints2/dict_0002_0188" 8023
"/Engine/EngineMaterials/Substrate/Glints2/dict_0002_0187" 8024
"/Engine/EngineMaterials/Substrate/Glints2/dict_0002_0185" 8025
"../../../Engine/Content/EngineMaterials/Substrate/Glints2/dict_0002_0202.uasset" 8026
"/Engine/EngineMaterials/Substrate/Glints2/dict_0002_0198" 8027
"/Engine/EngineMaterials/Substrate/Glints2/dict_0002_0156" 8028
"/Engine/EngineMaterials/Substrate/Glints2/dict_0002_0202" 8029
"/Engine/EngineMaterials/Substrate/Glints2/dict_0002_0199" 8030
"../../../Engine/Content/EngineMaterials/Substrate/Glints2/dict_0002_0201.uasset" 8031
"/Engine/EngineMaterials/Substrate/Glints2/dict_0002_0201" 8032
"../../../Engine/Content/EngineMaterials/Substrate/Glints2/dict_0002_0204.uasset" 8033
"../../../Engine/Content/EngineMaterials/Substrate/Glints2/dict_0002_0178.uasset" 8034
"../../../Engine/Content/EngineMaterials/Substrate/Glints2/dict_0002_0200.uasset" 8035
"../../../Engine/Content/EngineMaterials/Substrate/Glints2/dict_0002_0203.uasset" 8036
"../../../Engine/Content/EngineMaterials/Substrate/Glints2/dict_0002_0206.uasset" 8037
"../../../Engine/Content/EngineMaterials/Substrate/Glints2/dict_0002_0192.uasset" 8038
"../../../Engine/Content/EngineMaterials/Substrate/Glints2/dict_0002_0195.uasset" 8039
"../../../Engine/Content/EngineMaterials/Substrate/Glints2/dict_0002_0207.uasset" 8040
"../../../Engine/Content/EngineMaterials/Substrate/Glints2/dict_0002_0205.uasset" 8041
"../../../Engine/Content/EngineMaterials/Substrate/Glints2/dict_0002_0211.uasset" 8042
"../../../Engine/Content/EngineMaterials/Substrate/Glints2/dict_0002_0208.uasset" 8043
"/Engine/EngineMaterials/Substrate/Glints2/dict_0002_0208" 8044
"../../../Engine/Content/EngineMaterials/Substrate/Glints2/dict_0002_0213.uasset" 8045
"../../../Engine/Content/EngineMaterials/Substrate/Glints2/dict_0002_0214.uasset" 8046
"/Engine/EngineMaterials/Substrate/Glints2/dict_0002_0207" 8047
"/Engine/EngineMaterials/Substrate/Glints2/dict_0002_0195" 8048
"/Engine/EngineMaterials/Substrate/Glints2/dict_0002_0206" 8049
"/Engine/EngineMaterials/Substrate/Glints2/dict_0002_0192" 8050
"/Engine/EngineMaterials/Substrate/Glints2/dict_0002_0205" 8051
"/Engine/EngineMaterials/Substrate/Glints2/dict_0002_0200" 8052
"/Engine/EngineMaterials/Substrate/Glints2/dict_0002_0204" 8053
"/Engine/EngineMaterials/Substrate/Glints2/dict_0002_0203" 8054
"/Engine/EngineMaterials/Substrate/Glints2/dict_0002_0178" 8055
"../../../Engine/Content/EngineMaterials/Substrate/Glints2/dict_0002_0217.uasset" 8056
"/Engine/EngineMaterials/Substrate/Glints2/dict_0002_0211" 8057
"/Engine/EngineMaterials/Substrate/Glints2/dict_0002_0217" 8058
"../../../Engine/Content/EngineMaterials/Substrate/Glints2/dict_0002_0210.uasset" 8059
"/Engine/EngineMaterials/Substrate/Glints2/dict_0002_0214" 8060
"/Engine/EngineMaterials/Substrate/Glints2/dict_0002_0213" 8061
"/Engine/EngineMaterials/Substrate/Glints2/dict_0002_0210" 8062
"../../../Engine/Content/EngineMaterials/Substrate/Glints2/dict_0002_0220.uasset" 8063
"../../../Engine/Content/EngineMaterials/Substrate/Glints2/dict_0002_0197.uasset" 8064
"../../../Engine/Content/EngineMaterials/Substrate/Glints2/dict_0002_0221.uasset" 8065
"../../../Engine/Content/EngineMaterials/Substrate/Glints2/dict_0002_0215.uasset" 8066
"../../../Engine/Content/EngineMaterials/Substrate/Glints2/dict_0002_0222.uasset" 8067
"../../../Engine/Content/EngineMaterials/Substrate/Glints2/dict_0002_0218.uasset" 8068
"../../../Engine/Content/EngineMaterials/Substrate/Glints2/dict_0002_0219.uasset" 8069
"../../../Engine/Content/EngineMaterials/Substrate/Glints2/dict_0002_0223.uasset" 8070
"../../../Engine/Content/EngineMaterials/Substrate/Glints2/dict_0002_0225.uasset" 8071
"../../../Engine/Content/EngineMaterials/Substrate/Glints2/dict_0002_0189.uasset" 8072
"../../../Engine/Content/EngineMaterials/Substrate/Glints2/dict_0002_0227.uasset" 8073
"/Engine/EngineMaterials/Substrate/Glints2/dict_0002_0223" 8074
"/Engine/EngineMaterials/Substrate/Glints2/dict_0002_0227" 8075
"/Engine/EngineMaterials/Substrate/Glints2/dict_0002_0222" 8076
"/Engine/EngineMaterials/Substrate/Glints2/dict_0002_0221" 8077
"/Engine/EngineMaterials/Substrate/Glints2/dict_0002_0220" 8078
"/Engine/EngineMaterials/Substrate/Glints2/dict_0002_0219" 8079
"/Engine/EngineMaterials/Substrate/Glints2/dict_0002_0218" 8080
"/Engine/EngineMaterials/Substrate/Glints2/dict_0002_0225" 8081
"/Engine/EngineMaterials/Substrate/Glints2/dict_0002_0215" 8082
"/Engine/EngineMaterials/Substrate/Glints2/dict_0002_0197" 8083
"../../../Engine/Content/EngineMaterials/Substrate/Glints2/dict_0002_0212.uasset" 8084
"../../../Engine/Content/EngineMaterials/Substrate/Glints2/dict_0002_0230.uasset" 8085
"../../../Engine/Content/EngineMaterials/Substrate/Glints2/dict_0002_0229.uasset" 8086
"../../../Engine/Content/EngineMaterials/Substrate/Glints2/dict_0002_0216.uasset" 8087
"../../../Engine/Content/EngineMaterials/Substrate/Glints2/dict_0002_0226.uasset" 8088
"../../../Engine/Content/EngineMaterials/Substrate/Glints2/dict_0002_0232.uasset" 8089
"../../../Engine/Content/EngineMaterials/Substrate/Glints2/dict_0002_0231.uasset" 8090
"../../../Engine/Content/EngineMaterials/Substrate/Glints2/dict_0002_0236.uasset" 8091
"../../../Engine/Content/EngineMaterials/Substrate/Glints2/dict_0002_0209.uasset" 8092
"../../../Engine/Content/EngineMaterials/Substrate/Glints2/dict_0002_0235.uasset" 8093
"../../../Engine/Content/EngineMaterials/Substrate/Glints2/dict_0002_0240.uasset" 8094
"../../../Engine/Content/EngineMaterials/Substrate/Glints2/dict_0002_0239.uasset" 8095
"../../../Engine/Content/EngineMaterials/Substrate/Glints2/dict_0002_0237.uasset" 8096
"/Engine/EngineMaterials/Substrate/Glints2/dict_0002_0209" 8097
"/Engine/EngineMaterials/Substrate/Glints2/dict_0002_0226" 8098
"/Engine/EngineMaterials/Substrate/Glints2/dict_0002_0236" 8099
"../../../Engine/Content/EngineMaterials/Substrate/Glints2/dict_0002_0238.uasset" 8100
"../../../Engine/Content/EngineMaterials/Substrate/Glints2/dict_0002_0228.uasset" 8101
"/Engine/EngineMaterials/Substrate/Glints2/dict_0002_0235" 8102
"/Engine/EngineMaterials/Substrate/Glints2/dict_0002_0232" 8103
"/Engine/EngineMaterials/Substrate/Glints2/dict_0002_0189" 8104
"/Engine/EngineMaterials/Substrate/Glints2/dict_0002_0231" 8105
"../../../Engine/Content/EngineMaterials/Substrate/Glints2/dict_0002_0233.uasset" 8106
"/Engine/EngineMaterials/Substrate/Glints2/dict_0002_0230" 8107
"/Engine/EngineMaterials/Substrate/Glints2/dict_0002_0229" 8108
"/Engine/EngineMaterials/Substrate/Glints2/dict_0002_0216" 8109
"/Engine/EngineMaterials/Substrate/Glints2/dict_0002_0240" 8110
"/Engine/EngineMaterials/Substrate/Glints2/dict_0002_0212" 8111
"/Engine/EngineMaterials/Substrate/Glints2/dict_0002_0238" 8112
"/Engine/EngineMaterials/Substrate/Glints2/dict_0002_0237" 8113
"/Engine/EngineMaterials/Substrate/Glints2/dict_0002_0228" 8114
"/Engine/EngineMaterials/Substrate/Glints2/dict_0002_0239" 8115
"../../../Engine/Content/EngineMaterials/Substrate/Glints2/dict_0002_0245.uasset" 8116
"../../../Engine/Content/EngineMaterials/Substrate/Glints2/dict_0002_0246.uasset" 8117
"../../../Engine/Content/EngineMaterials/Substrate/Glints2/dict_0002_0244.uasset" 8118
"../../../Engine/Content/EngineMaterials/Substrate/Glints2/dict_0002_0243.uasset" 8119
"../../../Engine/Content/EngineMaterials/Substrate/Glints2/dict_0002_0241.uasset" 8120
"../../../Engine/Content/EngineMaterials/Substrate/Glints2/dict_0002_0248.uasset" 8121
"../../../Engine/Content/EngineMaterials/Substrate/Glints2/dict_0002_0247.uasset" 8122
"../../../Engine/Content/EngineMaterials/Substrate/Glints2/dict_0002_0224.uasset" 8123
"../../../Engine/Content/EngineMaterials/Substrate/Glints2/dict_0002_0251.uasset" 8124
"../../../Engine/Content/EngineMaterials/Substrate/Glints2/dict_0002_0249.uasset" 8125
"../../../Engine/Content/EngineMaterials/Substrate/Glints2/dict_0002_0250.uasset" 8126
"/Engine/EngineMaterials/Substrate/Glints2/dict_0002_0224" 8127
"../../../Engine/Content/EngineMaterials/Substrate/Glints2/dict_0002_0255.uasset" 8128
"/Engine/EngineMaterials/Substrate/Glints2/dict_0002_0251" 8129
"/Engine/EngineMaterials/Substrate/Glints2/dict_0002_0250" 8130
"../../../Engine/Content/EngineMaterials/Substrate/Glints2/dict_0003_0001.uasset" 8131
"/Engine/EngineMaterials/Substrate/Glints2/dict_0002_0249" 8132
"/Engine/EngineMaterials/Substrate/Glints2/dict_0002_0233" 8133
"../../../Engine/Content/EngineMaterials/Substrate/Glints2/dict_0002_0252.uasset" 8134
"/Engine/EngineMaterials/Substrate/Glints2/dict_0002_0248" 8135
"/Engine/EngineMaterials/Substrate/Glints2/dict_0002_0247" 8136
"../../../Engine/Content/EngineMaterials/Substrate/Glints2/dict_0002_0254.uasset" 8137
"/Engine/EngineMaterials/Substrate/Glints2/dict_0002_0246" 8138
"../../../Engine/Content/EngineMaterials/Substrate/Glints2/dict_0003_0002.uasset" 8139
"/Engine/EngineMaterials/Substrate/Glints2/dict_0002_0241" 8140
"/Engine/EngineMaterials/Substrate/Glints2/dict_0002_0245" 8141
"/Engine/EngineMaterials/Substrate/Glints2/dict_0002_0244" 8142
"/Engine/EngineMaterials/Substrate/Glints2/dict_0002_0243" 8143
"/Engine/EngineMaterials/Substrate/Glints2/dict_0003_0002" 8144
"/Engine/EngineMaterials/Substrate/Glints2/dict_0003_0001" 8145
"/Engine/EngineMaterials/Substrate/Glints2/dict_0002_0255" 8146
"/Engine/EngineMaterials/Substrate/Glints2/dict_0002_0254" 8147
"../../../Engine/Content/EngineMaterials/Substrate/Glints2/dict_0002_0234.uasset" 8148
"../../../Engine/Content/EngineMaterials/Substrate/Glints2/dict_0002_0253.uasset" 8149
"../../../Engine/Content/EngineMaterials/Substrate/Glints2/dict_0003_0006.uasset" 8150
"../../../Engine/Content/EngineMaterials/Substrate/Glints2/dict_0003_0007.uasset" 8151
"../../../Engine/Content/EngineMaterials/Substrate/Glints2/dict_0003_0000.uasset" 8152
"../../../Engine/Content/EngineMaterials/Substrate/Glints2/dict_0003_0003.uasset" 8153
"../../../Engine/Content/EngineMaterials/Substrate/Glints2/dict_0003_0008.uasset" 8154
"../../../Engine/Content/EngineMaterials/Substrate/Glints2/dict_0003_0010.uasset" 8155
"../../../Engine/Content/EngineMaterials/Substrate/Glints2/dict_0003_0009.uasset" 8156
"../../../Engine/Content/EngineMaterials/Substrate/Glints2/dict_0003_0004.uasset" 8157
"../../../Engine/Content/EngineMaterials/Substrate/Glints2/dict_0003_0012.uasset" 8158
"../../../Engine/Content/EngineMaterials/Substrate/Glints2/dict_0002_0242.uasset" 8159
"/Engine/EngineMaterials/Substrate/Glints2/dict_0002_0242" 8160
"../../../Engine/Content/EngineMaterials/Substrate/Glints2/dict_0003_0005.uasset" 8161
"../../../Engine/Content/EngineMaterials/Substrate/Glints2/dict_0003_0013.uasset" 8162
"/Engine/EngineMaterials/Substrate/Glints2/dict_0003_0008" 8163
"/Engine/EngineMaterials/Substrate/Glints2/dict_0003_0007" 8164
"/Engine/EngineMaterials/Substrate/Glints2/dict_0003_0012" 8165
"/Engine/EngineMaterials/Substrate/Glints2/dict_0002_0252" 8166
"/Engine/EngineMaterials/Substrate/Glints2/dict_0003_0006" 8167
"/Engine/EngineMaterials/Substrate/Glints2/dict_0002_0234" 8168
"/Engine/EngineMaterials/Substrate/Glints2/dict_0003_0004" 8169
"/Engine/EngineMaterials/Substrate/Glints2/dict_0003_0003" 8170
"/Engine/EngineMaterials/Substrate/Glints2/dict_0003_0000" 8171
"/Engine/EngineMaterials/Substrate/Glints2/dict_0003_0010" 8172
"/Engine/EngineMaterials/Substrate/Glints2/dict_0003_0009" 8173
"/Engine/EngineMaterials/Substrate/Glints2/dict_0002_0253" 8174
"/Engine/EngineMaterials/Substrate/Glints2/dict_0003_0005" 8175
"/Engine/EngineMaterials/Substrate/Glints2/dict_0003_0013" 8176
"../../../Engine/Content/EngineMaterials/Substrate/Glints2/dict_0003_0022.uasset" 8177
"../../../Engine/Content/EngineMaterials/Substrate/Glints2/dict_0003_0011.uasset" 8178
"../../../Engine/Content/EngineMaterials/Substrate/Glints2/dict_0002_0170.uasset" 8179
"../../../Engine/Content/EngineMaterials/Substrate/Glints2/dict_0003_0018.uasset" 8180
"../../../Engine/Content/EngineMaterials/Substrate/Glints2/dict_0003_0019.uasset" 8181
"../../../Engine/Content/EngineMaterials/Substrate/Glints2/dict_0003_0023.uasset" 8182
"../../../Engine/Content/EngineMaterials/Substrate/Glints2/dict_0003_0024.uasset" 8183
"../../../Engine/Content/EngineMaterials/Substrate/Glints2/dict_0003_0017.uasset" 8184
"../../../Engine/Content/EngineMaterials/Substrate/Glints2/dict_0003_0020.uasset" 8185
"../../../Engine/Content/EngineMaterials/Substrate/Glints2/dict_0003_0014.uasset" 8186
"../../../Engine/Content/EngineMaterials/Substrate/Glints2/dict_0003_0015.uasset" 8187
"../../../Engine/Content/EngineMaterials/Substrate/Glints2/dict_0003_0016.uasset" 8188
"/Engine/EngineMaterials/Substrate/Glints2/dict_0003_0024" 8189
"/Engine/EngineMaterials/Substrate/Glints2/dict_0002_0170" 8190
"/Engine/EngineMaterials/Substrate/Glints2/dict_0003_0011" 8191
"/Engine/EngineMaterials/Substrate/Glints2/dict_0003_0023" 8192
"/Engine/EngineMaterials/Substrate/Glints2/dict_0003_0022" 8193
"/Engine/EngineMaterials/Substrate/Glints2/dict_0003_0020" 8194
"/Engine/EngineMaterials/Substrate/Glints2/dict_0003_0019" 8195
"/Engine/EngineMaterials/Substrate/Glints2/dict_0003_0018" 8196
"/Engine/EngineMaterials/Substrate/Glints2/dict_0003_0017" 8197
"/Engine/EngineMaterials/Substrate/Glints2/dict_0003_0016" 8198
"/Engine/EngineMaterials/Substrate/Glints2/dict_0003_0015" 8199
"/Engine/EngineMaterials/Substrate/Glints2/dict_0003_0014" 8200
"../../../Engine/Content/EngineMaterials/Substrate/Glints2/dict_0003_0029.uasset" 8201
"../../../Engine/Content/EngineMaterials/Substrate/Glints2/dict_0003_0030.uasset" 8202
"../../../Engine/Content/EngineMaterials/Substrate/Glints2/dict_0003_0036.uasset" 8203
"../../../Engine/Content/EngineMaterials/Substrate/Glints2/dict_0003_0033.uasset" 8204
"/Engine/EngineMaterials/Substrate/Glints2/dict_0003_0036" 8205
"../../../Engine/Content/EngineMaterials/Substrate/Glints2/dict_0003_0034.uasset" 8206
"/Engine/EngineMaterials/Substrate/Glints2/dict_0003_0033" 8207
"../../../Engine/Content/EngineMaterials/Substrate/Glints2/dict_0003_0021.uasset" 8208
"/Engine/EngineMaterials/Substrate/Glints2/dict_0003_0030" 8209
"/Engine/EngineMaterials/Substrate/Glints2/dict_0003_0029" 8210
"/Engine/EngineMaterials/Substrate/Glints2/dict_0003_0021" 8211
"../../../Engine/Content/EngineMaterials/Substrate/Glints2/dict_0003_0037.uasset" 8212
"/Engine/EngineMaterials/Substrate/Glints2/dict_0003_0034" 8213
"/Engine/EngineMaterials/Substrate/Glints2/dict_0003_0037" 8214
"../../../Engine/Content/EngineMaterials/Substrate/Glints2/dict_0003_0039.uasset" 8215
"../../../Engine/Content/EngineMaterials/Substrate/Glints2/dict_0003_0028.uasset" 8216
"../../../Engine/Content/EngineMaterials/Substrate/Glints2/dict_0003_0035.uasset" 8217
"../../../Engine/Content/EngineMaterials/Substrate/Glints2/dict_0003_0038.uasset" 8218
"../../../Engine/Content/EngineMaterials/Substrate/Glints2/dict_0003_0042.uasset" 8219
"../../../Engine/Content/EngineMaterials/Substrate/Glints2/dict_0003_0027.uasset" 8220
"../../../Engine/Content/EngineMaterials/Substrate/Glints2/dict_0003_0026.uasset" 8221
"../../../Engine/Content/EngineMaterials/Substrate/Glints2/dict_0003_0041.uasset" 8222
"/Engine/EngineMaterials/Substrate/Glints2/dict_0003_0041" 8223
"/Engine/EngineMaterials/Substrate/Glints2/dict_0003_0039" 8224
"/Engine/EngineMaterials/Substrate/Glints2/dict_0003_0035" 8225
"../../../Engine/Content/EngineMaterials/Substrate/Glints2/dict_0003_0043.uasset" 8226
"/Engine/EngineMaterials/Substrate/Glints2/dict_0003_0028" 8227
"/Engine/EngineMaterials/Substrate/Glints2/dict_0003_0027" 8228
"/Engine/EngineMaterials/Substrate/Glints2/dict_0003_0038" 8229
"/Engine/EngineMaterials/Substrate/Glints2/dict_0003_0043" 8230
"/Engine/EngineMaterials/Substrate/Glints2/dict_0003_0026" 8231
"/Engine/EngineMaterials/Substrate/Glints2/dict_0003_0042" 8232
"../../../Engine/Content/EngineMaterials/Substrate/Glints2/dict_0003_0046.uasset" 8233
"../../../Engine/Content/EngineMaterials/Substrate/Glints2/dict_0003_0044.uasset" 8234
"../../../Engine/Content/EngineMaterials/Substrate/Glints2/dict_0003_0050.uasset" 8235
"../../../Engine/Content/EngineMaterials/Substrate/Glints2/dict_0003_0051.uasset" 8236
"../../../Engine/Content/EngineMaterials/Substrate/Glints2/dict_0003_0040.uasset" 8237
"../../../Engine/Content/EngineMaterials/Substrate/Glints2/dict_0003_0032.uasset" 8238
"../../../Engine/Content/EngineMaterials/Substrate/Glints2/dict_0003_0031.uasset" 8239
"../../../Engine/Content/EngineMaterials/Substrate/Glints2/dict_0003_0048.uasset" 8240
"../../../Engine/Content/EngineMaterials/Substrate/Glints2/dict_0003_0052.uasset" 8241
"../../../Engine/Content/EngineMaterials/Substrate/Glints2/dict_0003_0049.uasset" 8242
"/Engine/EngineMaterials/Substrate/Glints2/dict_0003_0040" 8243
"/Engine/EngineMaterials/Substrate/Glints2/dict_0003_0052" 8244
"../../../Engine/Content/EngineMaterials/Substrate/Glints2/dict_0003_0054.uasset" 8245
"../../../Engine/Content/EngineMaterials/Substrate/Glints2/dict_0003_0055.uasset" 8246
"/Engine/EngineMaterials/Substrate/Glints2/dict_0003_0051" 8247
"/Engine/EngineMaterials/Substrate/Glints2/dict_0003_0050" 8248
"/Engine/EngineMaterials/Substrate/Glints2/dict_0003_0049" 8249
"/Engine/EngineMaterials/Substrate/Glints2/dict_0003_0046" 8250
"/Engine/EngineMaterials/Substrate/Glints2/dict_0003_0032" 8251
"/Engine/EngineMaterials/Substrate/Glints2/dict_0003_0031" 8252
"/Engine/EngineMaterials/Substrate/Glints2/dict_0003_0044" 8253
"/Engine/EngineMaterials/Substrate/Glints2/dict_0003_0055" 8254
"/Engine/EngineMaterials/Substrate/Glints2/dict_0003_0054" 8255
"../../../Engine/Content/EngineMaterials/Substrate/Glints2/dict_0003_0059.uasset" 8256
"../../../Engine/Content/EngineMaterials/Substrate/Glints2/dict_0003_0062.uasset" 8257
"../../../Engine/Content/EngineMaterials/Substrate/Glints2/dict_0003_0061.uasset" 8258
"../../../Engine/Content/EngineMaterials/Substrate/Glints2/dict_0003_0053.uasset" 8259
"../../../Engine/Content/EngineMaterials/Substrate/Glints2/dict_0003_0060.uasset" 8260
"../../../Engine/Content/EngineMaterials/Substrate/Glints2/dict_0003_0025.uasset" 8261
"../../../Engine/Content/EngineMaterials/Substrate/Glints2/dict_0003_0064.uasset" 8262
"../../../Engine/Content/EngineMaterials/Substrate/Glints2/dict_0003_0066.uasset" 8263
"/Engine/EngineMaterials/Substrate/Glints2/dict_0003_0066" 8264
"../../../Engine/Content/EngineMaterials/Substrate/Glints2/dict_0003_0065.uasset" 8265
"/Engine/EngineMaterials/Substrate/Glints2/dict_0003_0062" 8266
"/Engine/EngineMaterials/Substrate/Glints2/dict_0003_0053" 8267
"/Engine/EngineMaterials/Substrate/Glints2/dict_0003_0059" 8268
"../../../Engine/Content/EngineMaterials/Substrate/Glints2/dict_0003_0067.uasset" 8269
"/Engine/EngineMaterials/Substrate/Glints2/dict_0003_0061" 8270
"/Engine/EngineMaterials/Substrate/Glints2/dict_0003_0060" 8271
"/Engine/EngineMaterials/Substrate/Glints2/dict_0003_0048" 8272
"/Engine/EngineMaterials/Substrate/Glints2/dict_0003_0025" 8273
"../../../Engine/Content/EngineMaterials/Substrate/Glints2/dict_0003_0058.uasset" 8274
"/Engine/EngineMaterials/Substrate/Glints2/dict_0003_0067" 8275
"/Engine/EngineMaterials/Substrate/Glints2/dict_0003_0065" 8276
"../../../Engine/Content/EngineMaterials/Substrate/Glints2/dict_0003_0045.uasset" 8277
"/Engine/EngineMaterials/Substrate/Glints2/dict_0003_0064" 8278
"/Engine/EngineMaterials/Substrate/Glints2/dict_0003_0058" 8279
"/Engine/EngineMaterials/Substrate/Glints2/dict_0003_0045" 8280
"../../../Engine/Content/EngineMaterials/Substrate/Glints2/dict_0003_0056.uasset" 8281
"../../../Engine/Content/EngineMaterials/Substrate/Glints2/dict_0003_0070.uasset" 8282
"../../../Engine/Content/EngineMaterials/Substrate/Glints2/dict_0003_0071.uasset" 8283
"../../../Engine/Content/EngineMaterials/Substrate/Glints2/dict_0003_0072.uasset" 8284
"../../../Engine/Content/EngineMaterials/Substrate/Glints2/dict_0003_0069.uasset" 8285
"../../../Engine/Content/EngineMaterials/Substrate/Glints2/dict_0003_0063.uasset" 8286
"../../../Engine/Content/EngineMaterials/Substrate/Glints2/dict_0003_0075.uasset" 8287
"../../../Engine/Content/EngineMaterials/Substrate/Glints2/dict_0003_0074.uasset" 8288
"../../../Engine/Content/EngineMaterials/Substrate/Glints2/dict_0003_0079.uasset" 8289
"../../../Engine/Content/EngineMaterials/Substrate/Glints2/dict_0003_0078.uasset" 8290
"../../../Engine/Content/EngineMaterials/Substrate/Glints2/dict_0003_0073.uasset" 8291
"../../../Engine/Content/EngineMaterials/Substrate/Glints2/dict_0003_0077.uasset" 8292
"/Engine/EngineMaterials/Substrate/Glints2/dict_0003_0070" 8293
"/Engine/EngineMaterials/Substrate/Glints2/dict_0003_0079" 8294
"/Engine/EngineMaterials/Substrate/Glints2/dict_0003_0078" 8295
"/Engine/EngineMaterials/Substrate/Glints2/dict_0003_0069" 8296
"/Engine/EngineMaterials/Substrate/Glints2/dict_0003_0077" 8297
"/Engine/EngineMaterials/Substrate/Glints2/dict_0003_0075" 8298
"/Engine/EngineMaterials/Substrate/Glints2/dict_0003_0063" 8299
"/Engine/EngineMaterials/Substrate/Glints2/dict_0003_0074" 8300
"/Engine/EngineMaterials/Substrate/Glints2/dict_0003_0073" 8301
"/Engine/EngineMaterials/Substrate/Glints2/dict_0003_0072" 8302
"/Engine/EngineMaterials/Substrate/Glints2/dict_0003_0071" 8303
"/Engine/EngineMaterials/Substrate/Glints2/dict_0003_0056" 8304
"../../../Engine/Content/EngineMaterials/Substrate/Glints2/dict_0003_0085.uasset" 8305
"../../../Engine/Content/EngineMaterials/Substrate/Glints2/dict_0003_0087.uasset" 8306
"../../../Engine/Content/EngineMaterials/Substrate/Glints2/dict_0003_0081.uasset" 8307
"../../../Engine/Content/EngineMaterials/Substrate/Glints2/dict_0003_0086.uasset" 8308
"../../../Engine/Content/EngineMaterials/Substrate/Glints2/dict_0003_0076.uasset" 8309
"../../../Engine/Content/EngineMaterials/Substrate/Glints2/dict_0003_0057.uasset" 8310
"../../../Engine/Content/EngineMaterials/Substrate/Glints2/dict_0003_0089.uasset" 8311
"../../../Engine/Content/EngineMaterials/Substrate/Glints2/dict_0003_0084.uasset" 8312
"../../../Engine/Content/EngineMaterials/Substrate/Glints2/dict_0003_0088.uasset" 8313
"../../../Engine/Content/EngineMaterials/Substrate/Glints2/dict_0003_0080.uasset" 8314
"../../../Engine/Content/EngineMaterials/Substrate/Glints2/dict_0003_0091.uasset" 8315
"/Engine/EngineMaterials/Substrate/Glints2/dict_0003_0080" 8316
"../../../Engine/Content/EngineMaterials/Substrate/Glints2/dict_0003_0096.uasset" 8317
"../../../Engine/Content/EngineMaterials/Substrate/Glints2/dict_0003_0082.uasset" 8318
"../../../Engine/Content/EngineMaterials/Substrate/Glints2/dict_0003_0095.uasset" 8319
"/Engine/EngineMaterials/Substrate/Glints2/dict_0003_0089" 8320
"../../../Engine/Content/EngineMaterials/Substrate/Glints2/dict_0003_0094.uasset" 8321
"/Engine/EngineMaterials/Substrate/Glints2/dict_0003_0081" 8322
"/Engine/EngineMaterials/Substrate/Glints2/dict_0003_0088" 8323
"/Engine/EngineMaterials/Substrate/Glints2/dict_0003_0087" 8324
"/Engine/EngineMaterials/Substrate/Glints2/dict_0003_0086" 8325
"/Engine/EngineMaterials/Substrate/Glints2/dict_0003_0085" 8326
"/Engine/EngineMaterials/Substrate/Glints2/dict_0003_0076" 8327
"/Engine/EngineMaterials/Substrate/Glints2/dict_0003_0084" 8328
"/Engine/EngineMaterials/Substrate/Glints2/dict_0003_0091" 8329
"/Engine/EngineMaterials/Substrate/Glints2/dict_0003_0057" 8330
"/Engine/EngineMaterials/Substrate/Glints2/dict_0003_0095" 8331
"/Engine/EngineMaterials/Substrate/Glints2/dict_0003_0094" 8332
"/Engine/EngineMaterials/Substrate/Glints2/dict_0003_0096" 8333
"../../../Engine/Content/EngineMaterials/Substrate/Glints2/dict_0003_0101.uasset" 8334
"../../../Engine/Content/EngineMaterials/Substrate/Glints2/dict_0003_0100.uasset" 8335
"../../../Engine/Content/EngineMaterials/Substrate/Glints2/dict_0003_0090.uasset" 8336
"../../../Engine/Content/EngineMaterials/Substrate/Glints2/dict_0003_0102.uasset" 8337
"../../../Engine/Content/EngineMaterials/Substrate/Glints2/dict_0003_0098.uasset" 8338
"../../../Engine/Content/EngineMaterials/Substrate/Glints2/dict_0003_0103.uasset" 8339
"../../../Engine/Content/EngineMaterials/Substrate/Glints2/dict_0003_0099.uasset" 8340
"/Engine/EngineMaterials/Substrate/Glints2/dict_0003_0090" 8341
"/Engine/EngineMaterials/Substrate/Glints2/dict_0003_0103" 8342
"/Engine/EngineMaterials/Substrate/Glints2/dict_0003_0102" 8343
"/Engine/EngineMaterials/Substrate/Glints2/dict_0003_0101" 8344
"../../../Engine/Content/EngineMaterials/Substrate/Glints2/dict_0003_0104.uasset" 8345
"/Engine/EngineMaterials/Substrate/Glints2/dict_0003_0100" 8346
"/Engine/EngineMaterials/Substrate/Glints2/dict_0003_0098" 8347
"/Engine/EngineMaterials/Substrate/Glints2/dict_0003_0104" 8348
"../../../Engine/Content/EngineMaterials/Substrate/Glints2/dict_0003_0105.uasset" 8349
"/Engine/EngineMaterials/Substrate/Glints2/dict_0003_0099" 8350
"/Engine/EngineMaterials/Substrate/Glints2/dict_0003_0105" 8351
"../../../Engine/Content/EngineMaterials/Substrate/Glints2/dict_0003_0107.uasset" 8352
"../../../Engine/Content/EngineMaterials/Substrate/Glints2/dict_0003_0092.uasset" 8353
"../../../Engine/Content/EngineMaterials/Substrate/Glints2/dict_0003_0097.uasset" 8354
"../../../Engine/Content/EngineMaterials/Substrate/Glints2/dict_0003_0109.uasset" 8355
"../../../Engine/Content/EngineMaterials/Substrate/Glints2/dict_0003_0083.uasset" 8356
"../../../Engine/Content/EngineMaterials/Substrate/Glints2/dict_0003_0110.uasset" 8357
"../../../Engine/Content/EngineMaterials/Substrate/Glints2/dict_0003_0111.uasset" 8358
"../../../Engine/Content/EngineMaterials/Substrate/Glints2/dict_0003_0106.uasset" 8359
"../../../Engine/Content/EngineMaterials/Substrate/Glints2/dict_0003_0108.uasset" 8360
"/Engine/EngineMaterials/Substrate/Glints2/dict_0003_0107" 8361
"../../../Engine/Content/EngineMaterials/Substrate/Glints2/dict_0003_0117.uasset" 8362
"/Engine/EngineMaterials/Substrate/Glints2/dict_0003_0082" 8363
"../../../Engine/Content/EngineMaterials/Substrate/Glints2/dict_0003_0112.uasset" 8364
"/Engine/EngineMaterials/Substrate/Glints2/dict_0003_0106" 8365
"../../../Engine/Content/EngineMaterials/Substrate/Glints2/dict_0003_0113.uasset" 8366
"../../../Engine/Content/EngineMaterials/Substrate/Glints2/dict_0003_0118.uasset" 8367
"/Engine/EngineMaterials/Substrate/Glints2/dict_0003_0092" 8368
"/Engine/EngineMaterials/Substrate/Glints2/dict_0003_0111" 8369
"/Engine/EngineMaterials/Substrate/Glints2/dict_0003_0110" 8370
"/Engine/EngineMaterials/Substrate/Glints2/dict_0003_0109" 8371
"/Engine/EngineMaterials/Substrate/Glints2/dict_0003_0083" 8372
"../../../Engine/Content/EngineMaterials/Substrate/Glints2/dict_0003_0093.uasset" 8373
"/Engine/EngineMaterials/Substrate/Glints2/dict_0003_0108" 8374
"/Engine/EngineMaterials/Substrate/Glints2/dict_0003_0097" 8375
"../../../Engine/Content/EngineMaterials/Substrate/Glints2/dict_0003_0115.uasset" 8376
"/Engine/EngineMaterials/Substrate/Glints2/dict_0003_0093" 8377
"/Engine/EngineMaterials/Substrate/Glints2/dict_0003_0118" 8378
"/Engine/EngineMaterials/Substrate/Glints2/dict_0003_0117" 8379
"/Engine/EngineMaterials/Substrate/Glints2/dict_0003_0115" 8380
"/Engine/EngineMaterials/Substrate/Glints2/dict_0003_0113" 8381
"/Engine/EngineMaterials/Substrate/Glints2/dict_0003_0112" 8382
"../../../Engine/Content/EngineMaterials/Substrate/Glints2/dict_0003_0119.uasset" 8383
"../../../Engine/Content/EngineMaterials/Substrate/Glints2/dict_0003_0120.uasset" 8384
"/Engine/EngineMaterials/Substrate/Glints2/dict_0003_0120" 8385
"/Engine/EngineMaterials/Substrate/Glints2/dict_0003_0119" 8386
"../../../Engine/Content/EngineMaterials/Substrate/Glints2/dict_0003_0121.uasset" 8387
"../../../Engine/Content/EngineMaterials/Substrate/Glints2/dict_0003_0068.uasset" 8388
"../../../Engine/Content/EngineMaterials/Substrate/Glints2/dict_0003_0114.uasset" 8389
"../../../Engine/Content/EngineMaterials/Substrate/Glints2/dict_0003_0116.uasset" 8390
"../../../Engine/Content/EngineMaterials/Substrate/Glints2/dict_0003_0128.uasset" 8391
"../../../Engine/Content/EngineMaterials/Substrate/Glints2/dict_0003_0124.uasset" 8392
"../../../Engine/Content/EngineMaterials/Substrate/Glints2/dict_0003_0129.uasset" 8393
"../../../Engine/Content/EngineMaterials/Substrate/Glints2/dict_0003_0126.uasset" 8394
"../../../Engine/Content/EngineMaterials/Substrate/Glints2/dict_0003_0127.uasset" 8395
"../../../Engine/Content/EngineMaterials/Substrate/Glints2/dict_0003_0047.uasset" 8396
"../../../Engine/Content/EngineMaterials/Substrate/Glints2/dict_0003_0134.uasset" 8397
"../../../Engine/Content/EngineMaterials/Substrate/Glints2/dict_0003_0135.uasset" 8398
"../../../Engine/Content/EngineMaterials/Substrate/Glints2/dict_0003_0136.uasset" 8399
"/Engine/EngineMaterials/Substrate/Glints2/dict_0003_0116" 8400
"../../../Engine/Content/EngineMaterials/Substrate/Glints2/dict_0003_0133.uasset" 8401
"../../../Engine/Content/EngineMaterials/Substrate/Glints2/dict_0003_0131.uasset" 8402
"../../../Engine/Content/EngineMaterials/Substrate/Glints2/dict_0003_0132.uasset" 8403
"../../../Engine/Content/EngineMaterials/Substrate/Glints2/dict_0003_0122.uasset" 8404
"/Engine/EngineMaterials/Substrate/Glints2/dict_0003_0114" 8405
"/Engine/EngineMaterials/Substrate/Glints2/dict_0003_0129" 8406
"/Engine/EngineMaterials/Substrate/Glints2/dict_0003_0126" 8407
"/Engine/EngineMaterials/Substrate/Glints2/dict_0003_0136" 8408
"/Engine/EngineMaterials/Substrate/Glints2/dict_0003_0135" 8409
"/Engine/EngineMaterials/Substrate/Glints2/dict_0003_0047" 8410
"/Engine/EngineMaterials/Substrate/Glints2/dict_0003_0121" 8411
"/Engine/EngineMaterials/Substrate/Glints2/dict_0003_0134" 8412
"/Engine/EngineMaterials/Substrate/Glints2/dict_0003_0124" 8413
"../../../Engine/Content/EngineMaterials/Substrate/Glints2/dict_0003_0137.uasset" 8414
"/Engine/EngineMaterials/Substrate/Glints2/dict_0003_0068" 8415
"/Engine/EngineMaterials/Substrate/Glints2/dict_0003_0128" 8416
"/Engine/EngineMaterials/Substrate/Glints2/dict_0003_0127" 8417
"/Engine/EngineMaterials/Substrate/Glints2/dict_0003_0137" 8418
"/Engine/EngineMaterials/Substrate/Glints2/dict_0003_0122" 8419
"/Engine/EngineMaterials/Substrate/Glints2/dict_0003_0133" 8420
"/Engine/EngineMaterials/Substrate/Glints2/dict_0003_0132" 8421
"/Engine/EngineMaterials/Substrate/Glints2/dict_0003_0131" 8422
"../../../Engine/Content/EngineMaterials/Substrate/Glints2/dict_0003_0139.uasset" 8423
"../../../Engine/Content/EngineMaterials/Substrate/Glints2/dict_0003_0138.uasset" 8424
"../../../Engine/Content/EngineMaterials/Substrate/Glints2/dict_0003_0142.uasset" 8425
"../../../Engine/Content/EngineMaterials/Substrate/Glints2/dict_0003_0140.uasset" 8426
"../../../Engine/Content/EngineMaterials/Substrate/Glints2/dict_0003_0144.uasset" 8427
"../../../Engine/Content/EngineMaterials/Substrate/Glints2/dict_0003_0147.uasset" 8428
"../../../Engine/Content/EngineMaterials/Substrate/Glints2/dict_0003_0148.uasset" 8429
"../../../Engine/Content/EngineMaterials/Substrate/Glints2/dict_0003_0143.uasset" 8430
"../../../Engine/Content/EngineMaterials/Substrate/Glints2/dict_0003_0141.uasset" 8431
"../../../Engine/Content/EngineMaterials/Substrate/Glints2/dict_0003_0150.uasset" 8432
"../../../Engine/Content/EngineMaterials/Substrate/Glints2/dict_0003_0149.uasset" 8433
"../../../Engine/Content/EngineMaterials/Substrate/Glints2/dict_0003_0145.uasset" 8434
"../../../Engine/Content/EngineMaterials/Substrate/Glints2/dict_0003_0123.uasset" 8435
"../../../Engine/Content/EngineMaterials/Substrate/Glints2/dict_0003_0125.uasset" 8436
"../../../Engine/Content/EngineMaterials/Substrate/Glints2/dict_0003_0154.uasset" 8437
"/Engine/EngineMaterials/Substrate/Glints2/dict_0003_0145" 8438
"../../../Engine/Content/EngineMaterials/Substrate/Glints2/dict_0003_0153.uasset" 8439
"../../../Engine/Content/EngineMaterials/Substrate/Glints2/dict_0003_0151.uasset" 8440
"../../../Engine/Content/EngineMaterials/Substrate/Glints2/dict_0003_0156.uasset" 8441
"/Engine/EngineMaterials/Substrate/Glints2/dict_0003_0140" 8442
"/Engine/EngineMaterials/Substrate/Glints2/dict_0003_0139" 8443
"/Engine/EngineMaterials/Substrate/Glints2/dict_0003_0144" 8444
"/Engine/EngineMaterials/Substrate/Glints2/dict_0003_0143" 8445
"/Engine/EngineMaterials/Substrate/Glints2/dict_0003_0138" 8446
"/Engine/EngineMaterials/Substrate/Glints2/dict_0003_0142" 8447
"/Engine/EngineMaterials/Substrate/Glints2/dict_0003_0141" 8448
"/Engine/EngineMaterials/Substrate/Glints2/dict_0003_0125" 8449
"/Engine/EngineMaterials/Substrate/Glints2/dict_0003_0123" 8450
"/Engine/EngineMaterials/Substrate/Glints2/dict_0003_0148" 8451
"/Engine/EngineMaterials/Substrate/Glints2/dict_0003_0150" 8452
"/Engine/EngineMaterials/Substrate/Glints2/dict_0003_0149" 8453
"/Engine/EngineMaterials/Substrate/Glints2/dict_0003_0147" 8454
"/Engine/EngineMaterials/Substrate/Glints2/dict_0003_0156" 8455
"/Engine/EngineMaterials/Substrate/Glints2/dict_0003_0154" 8456
"/Engine/EngineMaterials/Substrate/Glints2/dict_0003_0153" 8457
"/Engine/EngineMaterials/Substrate/Glints2/dict_0003_0151" 8458
"../../../Engine/Content/EngineMaterials/Substrate/Glints2/dict_0003_0152.uasset" 8459
"../../../Engine/Content/EngineMaterials/Substrate/Glints2/dict_0003_0155.uasset" 8460
"../../../Engine/Content/EngineMaterials/Substrate/Glints2/dict_0003_0158.uasset" 8461
"../../../Engine/Content/EngineMaterials/Substrate/Glints2/dict_0003_0162.uasset" 8462
"../../../Engine/Content/EngineMaterials/Substrate/Glints2/dict_0003_0164.uasset" 8463
"../../../Engine/Content/EngineMaterials/Substrate/Glints2/dict_0003_0161.uasset" 8464
"../../../Engine/Content/EngineMaterials/Substrate/Glints2/dict_0003_0160.uasset" 8465
"../../../Engine/Content/EngineMaterials/Substrate/Glints2/dict_0003_0165.uasset" 8466
"../../../Engine/Content/EngineMaterials/Substrate/Glints2/dict_0003_0130.uasset" 8467
"../../../Engine/Content/EngineMaterials/Substrate/Glints2/dict_0003_0163.uasset" 8468
"../../../Engine/Content/EngineMaterials/Substrate/Glints2/dict_0003_0168.uasset" 8469
"../../../Engine/Content/EngineMaterials/Substrate/Glints2/dict_0003_0167.uasset" 8470
"../../../Engine/Content/EngineMaterials/Substrate/Glints2/dict_0003_0146.uasset" 8471
"../../../Engine/Content/EngineMaterials/Substrate/Glints2/dict_0003_0157.uasset" 8472
"../../../Engine/Content/EngineMaterials/Substrate/Glints2/dict_0003_0172.uasset" 8473
"../../../Engine/Content/EngineMaterials/Substrate/Glints2/dict_0003_0169.uasset" 8474
"/Engine/EngineMaterials/Substrate/Glints2/dict_0003_0146" 8475
"../../../Engine/Content/EngineMaterials/Substrate/Glints2/dict_0003_0166.uasset" 8476
"../../../Engine/Content/EngineMaterials/Substrate/Glints2/dict_0003_0175.uasset" 8477
"/Engine/EngineMaterials/Substrate/Glints2/dict_0003_0160" 8478
"/Engine/EngineMaterials/Substrate/Glints2/dict_0003_0130" 8479
"/Engine/EngineMaterials/Substrate/Glints2/dict_0003_0158" 8480
"/Engine/EngineMaterials/Substrate/Glints2/dict_0003_0165" 8481
"/Engine/EngineMaterials/Substrate/Glints2/dict_0003_0157" 8482
"/Engine/EngineMaterials/Substrate/Glints2/dict_0003_0155" 8483
"/Engine/EngineMaterials/Substrate/Glints2/dict_0003_0172" 8484
"/Engine/EngineMaterials/Substrate/Glints2/dict_0003_0152" 8485
"/Engine/EngineMaterials/Substrate/Glints2/dict_0003_0168" 8486
"../../../Engine/Content/EngineMaterials/Substrate/Glints2/dict_0003_0170.uasset" 8487
"/Engine/EngineMaterials/Substrate/Glints2/dict_0003_0164" 8488
"../../../Engine/Content/EngineMaterials/Substrate/Glints2/dict_0003_0171.uasset" 8489
"/Engine/EngineMaterials/Substrate/Glints2/dict_0003_0163" 8490
"/Engine/EngineMaterials/Substrate/Glints2/dict_0003_0162" 8491
"/Engine/EngineMaterials/Substrate/Glints2/dict_0003_0161" 8492
"/Engine/EngineMaterials/Substrate/Glints2/dict_0003_0167" 8493
"/Engine/EngineMaterials/Substrate/Glints2/dict_0003_0175" 8494
"/Engine/EngineMaterials/Substrate/Glints2/dict_0003_0171" 8495
"/Engine/EngineMaterials/Substrate/Glints2/dict_0003_0170" 8496
"/Engine/EngineMaterials/Substrate/Glints2/dict_0003_0169" 8497
"../../../Engine/Content/EngineMaterials/Substrate/Glints2/dict_0003_0177.uasset" 8498
"/Engine/EngineMaterials/Substrate/Glints2/dict_0003_0177" 8499
"../../../Engine/Content/EngineMaterials/Substrate/Glints2/dict_0003_0179.uasset" 8500
"../../../Engine/Content/EngineMaterials/Substrate/Glints2/dict_0003_0174.uasset" 8501
"../../../Engine/Content/EngineMaterials/Substrate/Glints2/dict_0003_0159.uasset" 8502
"../../../Engine/Content/EngineMaterials/Substrate/Glints2/dict_0003_0181.uasset" 8503
"../../../Engine/Content/EngineMaterials/Substrate/Glints2/dict_0003_0180.uasset" 8504
"../../../Engine/Content/EngineMaterials/Substrate/Glints2/dict_0003_0183.uasset" 8505
"../../../Engine/Content/EngineMaterials/Substrate/Glints2/dict_0003_0182.uasset" 8506
"../../../Engine/Content/EngineMaterials/Substrate/Glints2/dict_0003_0186.uasset" 8507
"../../../Engine/Content/EngineMaterials/Substrate/Glints2/dict_0003_0188.uasset" 8508
"../../../Engine/Content/EngineMaterials/Substrate/Glints2/dict_0003_0185.uasset" 8509
"../../../Engine/Content/EngineMaterials/Substrate/Glints2/dict_0003_0189.uasset" 8510
"../../../Engine/Content/EngineMaterials/Substrate/Glints2/dict_0003_0191.uasset" 8511
"../../../Engine/Content/EngineMaterials/Substrate/Glints2/dict_0003_0187.uasset" 8512
"../../../Engine/Content/EngineMaterials/Substrate/Glints2/dict_0003_0193.uasset" 8513
"../../../Engine/Content/EngineMaterials/Substrate/Glints2/dict_0003_0190.uasset" 8514
"../../../Engine/Content/EngineMaterials/Substrate/Glints2/dict_0003_0195.uasset" 8515
"/Engine/EngineMaterials/Substrate/Glints2/dict_0003_0180" 8516
"/Engine/EngineMaterials/Substrate/Glints2/dict_0003_0166" 8517
"/Engine/EngineMaterials/Substrate/Glints2/dict_0003_0179" 8518
"/Engine/EngineMaterials/Substrate/Glints2/dict_0003_0159" 8519
"/Engine/EngineMaterials/Substrate/Glints2/dict_0003_0174" 8520
"/Engine/EngineMaterials/Substrate/Glints2/dict_0003_0195" 8521
"/Engine/EngineMaterials/Substrate/Glints2/dict_0003_0193" 8522
"/Engine/EngineMaterials/Substrate/Glints2/dict_0003_0183" 8523
"/Engine/EngineMaterials/Substrate/Glints2/dict_0003_0182" 8524
"/Engine/EngineMaterials/Substrate/Glints2/dict_0003_0191" 8525
"/Engine/EngineMaterials/Substrate/Glints2/dict_0003_0181" 8526
"/Engine/EngineMaterials/Substrate/Glints2/dict_0003_0190" 8527
"/Engine/EngineMaterials/Substrate/Glints2/dict_0003_0189" 8528
"/Engine/EngineMaterials/Substrate/Glints2/dict_0003_0188" 8529
"../../../Engine/Content/EngineMaterials/Substrate/Glints2/dict_0003_0196.uasset" 8530
"/Engine/EngineMaterials/Substrate/Glints2/dict_0003_0187" 8531
"/Engine/EngineMaterials/Substrate/Glints2/dict_0003_0186" 8532
"/Engine/EngineMaterials/Substrate/Glints2/dict_0003_0185" 8533
"/Engine/EngineMaterials/Substrate/Glints2/dict_0003_0196" 8534
"../../../Engine/Content/EngineMaterials/Substrate/Glints2/dict_0003_0200.uasset" 8535
"../../../Engine/Content/EngineMaterials/Substrate/Glints2/dict_0003_0197.uasset" 8536
"/Engine/EngineMaterials/Substrate/Glints2/dict_0003_0200" 8537
"../../../Engine/Content/EngineMaterials/Substrate/Glints2/dict_0003_0199.uasset" 8538
"/Engine/EngineMaterials/Substrate/Glints2/dict_0003_0197" 8539
"/Engine/EngineMaterials/Substrate/Glints2/dict_0003_0199" 8540
"../../../Engine/Content/EngineMaterials/Substrate/Glints2/dict_0003_0198.uasset" 8541
"../../../Engine/Content/EngineMaterials/Substrate/Glints2/dict_0003_0201.uasset" 8542
"../../../Engine/Content/EngineMaterials/Substrate/Glints2/dict_0003_0203.uasset" 8543
"../../../Engine/Content/EngineMaterials/Substrate/Glints2/dict_0003_0184.uasset" 8544
"../../../Engine/Content/EngineMaterials/Substrate/Glints2/dict_0003_0192.uasset" 8545
"../../../Engine/Content/EngineMaterials/Substrate/Glints2/dict_0003_0194.uasset" 8546
"../../../Engine/Content/EngineMaterials/Substrate/Glints2/dict_0003_0205.uasset" 8547
"../../../Engine/Content/EngineMaterials/Substrate/Glints2/dict_0003_0202.uasset" 8548
"../../../Engine/Content/EngineMaterials/Substrate/Glints2/dict_0003_0206.uasset" 8549
"../../../Engine/Content/EngineMaterials/Substrate/Glints2/dict_0003_0209.uasset" 8550
"../../../Engine/Content/EngineMaterials/Substrate/Glints2/dict_0003_0207.uasset" 8551
"../../../Engine/Content/EngineMaterials/Substrate/Glints2/dict_0003_0212.uasset" 8552
"../../../Engine/Content/EngineMaterials/Substrate/Glints2/dict_0003_0208.uasset" 8553
"../../../Engine/Content/EngineMaterials/Substrate/Glints2/dict_0003_0213.uasset" 8554
"../../../Engine/Content/EngineMaterials/Substrate/Glints2/dict_0003_0173.uasset" 8555
"/Engine/EngineMaterials/Substrate/Glints2/dict_0003_0198" 8556
"../../../Engine/Content/EngineMaterials/Substrate/Glints2/dict_0003_0204.uasset" 8557
"../../../Engine/Content/EngineMaterials/Substrate/Glints2/dict_0003_0178.uasset" 8558
"/Engine/EngineMaterials/Substrate/Glints2/dict_0003_0203" 8559
"/Engine/EngineMaterials/Substrate/Glints2/dict_0003_0194" 8560
"/Engine/EngineMaterials/Substrate/Glints2/dict_0003_0184" 8561
"/Engine/EngineMaterials/Substrate/Glints2/dict_0003_0213" 8562
"/Engine/EngineMaterials/Substrate/Glints2/dict_0003_0192" 8563
"/Engine/EngineMaterials/Substrate/Glints2/dict_0003_0212" 8564
"/Engine/EngineMaterials/Substrate/Glints2/dict_0003_0202" 8565
"/Engine/EngineMaterials/Substrate/Glints2/dict_0003_0201" 8566
"/Engine/EngineMaterials/Substrate/Glints2/dict_0003_0209" 8567
"/Engine/EngineMaterials/Substrate/Glints2/dict_0003_0208" 8568
"/Engine/EngineMaterials/Substrate/Glints2/dict_0003_0207" 8569
"/Engine/EngineMaterials/Substrate/Glints2/dict_0003_0206" 8570
"/Engine/EngineMaterials/Substrate/Glints2/dict_0003_0205" 8571
"/Engine/EngineMaterials/Substrate/Glints2/dict_0003_0178" 8572
"/Engine/EngineMaterials/Substrate/Glints2/dict_0003_0204" 8573
"/Engine/EngineMaterials/Substrate/Glints2/dict_0003_0173" 8574
"../../../Engine/Content/EngineMaterials/Substrate/Glints2/dict_0003_0214.uasset" 8575
"../../../Engine/Content/EngineMaterials/Substrate/Glints2/dict_0003_0215.uasset" 8576
"../../../Engine/Content/EngineMaterials/Substrate/Glints2/dict_0003_0219.uasset" 8577
"../../../Engine/Content/EngineMaterials/Substrate/Glints2/dict_0003_0222.uasset" 8578
"../../../Engine/Content/EngineMaterials/Substrate/Glints2/dict_0003_0216.uasset" 8579
"../../../Engine/Content/EngineMaterials/Substrate/Glints2/dict_0003_0176.uasset" 8580
"../../../Engine/Content/EngineMaterials/Substrate/Glints2/dict_0003_0218.uasset" 8581
"../../../Engine/Content/EngineMaterials/Substrate/Glints2/dict_0003_0217.uasset" 8582
"../../../Engine/Content/EngineMaterials/Substrate/Glints2/dict_0003_0228.uasset" 8583
"../../../Engine/Content/EngineMaterials/Substrate/Glints2/dict_0003_0223.uasset" 8584
"../../../Engine/Content/EngineMaterials/Substrate/Glints2/dict_0003_0227.uasset" 8585
"../../../Engine/Content/EngineMaterials/Substrate/Glints2/dict_0003_0225.uasset" 8586
"../../../Engine/Content/EngineMaterials/Substrate/Glints2/dict_0003_0229.uasset" 8587
"../../../Engine/Content/EngineMaterials/Substrate/Glints2/dict_0003_0232.uasset" 8588
"../../../Engine/Content/EngineMaterials/Substrate/Glints2/dict_0003_0233.uasset" 8589
"../../../Engine/Content/EngineMaterials/Substrate/Glints2/dict_0003_0224.uasset" 8590
"../../../Engine/Content/EngineMaterials/Substrate/Glints2/dict_0003_0210.uasset" 8591
"/Engine/EngineMaterials/Substrate/Glints2/dict_0003_0225" 8592
"/Engine/EngineMaterials/Substrate/Glints2/dict_0003_0219" 8593
"/Engine/EngineMaterials/Substrate/Glints2/dict_0003_0176" 8594
"/Engine/EngineMaterials/Substrate/Glints2/dict_0003_0218" 8595
"/Engine/EngineMaterials/Substrate/Glints2/dict_0003_0217" 8596
"/Engine/EngineMaterials/Substrate/Glints2/dict_0003_0222" 8597
"/Engine/EngineMaterials/Substrate/Glints2/dict_0003_0216" 8598
"/Engine/EngineMaterials/Substrate/Glints2/dict_0003_0215" 8599
"/Engine/EngineMaterials/Substrate/Glints2/dict_0003_0214" 8600
"/Engine/EngineMaterials/Substrate/Glints2/dict_0003_0233" 8601
"../../../Engine/Content/EngineMaterials/Substrate/Glints2/dict_0003_0211.uasset" 8602
"/Engine/EngineMaterials/Substrate/Glints2/dict_0003_0232" 8603
"/Engine/EngineMaterials/Substrate/Glints2/dict_0003_0223" 8604
"/Engine/EngineMaterials/Substrate/Glints2/dict_0003_0229" 8605
"/Engine/EngineMaterials/Substrate/Glints2/dict_0003_0228" 8606
"../../../Engine/Content/EngineMaterials/Substrate/Glints2/dict_0003_0234.uasset" 8607
"/Engine/EngineMaterials/Substrate/Glints2/dict_0003_0227" 8608
"/Engine/EngineMaterials/Substrate/Glints2/dict_0003_0224" 8609
"../../../Engine/Content/EngineMaterials/Substrate/Glints2/dict_0003_0235.uasset" 8610
"/Engine/EngineMaterials/Substrate/Glints2/dict_0003_0234" 8611
"/Engine/EngineMaterials/Substrate/Glints2/dict_0003_0211" 8612
"/Engine/EngineMaterials/Substrate/Glints2/dict_0003_0210" 8613
"../../../Engine/Content/EngineMaterials/Substrate/Glints2/dict_0003_0237.uasset" 8614
"/Engine/EngineMaterials/Substrate/Glints2/dict_0003_0235" 8615
"/Engine/EngineMaterials/Substrate/Glints2/dict_0003_0237" 8616
"../../../Engine/Content/EngineMaterials/Substrate/Glints2/dict_0003_0236.uasset" 8617
"../../../Engine/Content/EngineMaterials/Substrate/Glints2/dict_0003_0226.uasset" 8618
"../../../Engine/Content/EngineMaterials/Substrate/Glints2/dict_0003_0239.uasset" 8619
"../../../Engine/Content/EngineMaterials/Substrate/Glints2/dict_0003_0243.uasset" 8620
"../../../Engine/Content/EngineMaterials/Substrate/Glints2/dict_0003_0221.uasset" 8621
"../../../Engine/Content/EngineMaterials/Substrate/Glints2/dict_0003_0245.uasset" 8622
"../../../Engine/Content/EngineMaterials/Substrate/Glints2/dict_0003_0247.uasset" 8623
"../../../Engine/Content/EngineMaterials/Substrate/Glints2/dict_0003_0241.uasset" 8624
"../../../Engine/Content/EngineMaterials/Substrate/Glints2/dict_0003_0244.uasset" 8625
"../../../Engine/Content/EngineMaterials/Substrate/Glints2/dict_0003_0242.uasset" 8626
"../../../Engine/Content/EngineMaterials/Substrate/Glints2/dict_0003_0240.uasset" 8627
"/Engine/EngineMaterials/Substrate/Glints2/dict_0003_0221" 8628
"/Engine/EngineMaterials/Substrate/Glints2/dict_0003_0242" 8629
"../../../Engine/Content/EngineMaterials/Substrate/Glints2/dict_0003_0246.uasset" 8630
"/Engine/EngineMaterials/Substrate/Glints2/dict_0003_0241" 8631
"../../../Engine/Content/EngineMaterials/Substrate/Glints2/dict_0003_0238.uasset" 8632
"/Engine/EngineMaterials/Substrate/Glints2/dict_0003_0239" 8633
"/Engine/EngineMaterials/Substrate/Glints2/dict_0003_0236" 8634
"/Engine/EngineMaterials/Substrate/Glints2/dict_0003_0247" 8635
"/Engine/EngineMaterials/Substrate/Glints2/dict_0003_0245" 8636
"../../../Engine/Content/EngineMaterials/Substrate/Glints2/dict_0003_0231.uasset" 8637
"/Engine/EngineMaterials/Substrate/Glints2/dict_0003_0244" 8638
"/Engine/EngineMaterials/Substrate/Glints2/dict_0003_0243" 8639
"/Engine/EngineMaterials/Substrate/Glints2/dict_0003_0226" 8640
"/Engine/EngineMaterials/Substrate/Glints2/dict_0003_0238" 8641
"/Engine/EngineMaterials/Substrate/Glints2/dict_0003_0240" 8642
"/Engine/EngineMaterials/Substrate/Glints2/dict_0003_0231" 8643
"/Engine/EngineMaterials/Substrate/Glints2/dict_0003_0246" 8644
"../../../Engine/Content/EngineMaterials/Substrate/Glints2/dict_0003_0251.uasset" 8645
"../../../Engine/Content/EngineMaterials/Substrate/Glints2/dict_0003_0250.uasset" 8646
"../../../Engine/Content/EngineMaterials/Substrate/Glints2/dict_0003_0249.uasset" 8647
"../../../Engine/Content/EngineMaterials/Substrate/Glints2/dict_0003_0253.uasset" 8648
"../../../Engine/Content/EngineMaterials/Substrate/Glints2/dict_0003_0252.uasset" 8649
"../../../Engine/Content/EngineMaterials/Substrate/Glints2/dict_0004_0001.uasset" 8650
"../../../Engine/Content/EngineMaterials/Substrate/Glints2/dict_0004_0002.uasset" 8651
"../../../Engine/Content/EngineMaterials/Substrate/Glints2/dict_0004_0004.uasset" 8652
"../../../Engine/Content/EngineMaterials/Substrate/Glints2/dict_0004_0003.uasset" 8653
"../../../Engine/Content/EngineMaterials/Substrate/Glints2/dict_0004_0005.uasset" 8654
"../../../Engine/Content/EngineMaterials/Substrate/Glints2/dict_0003_0255.uasset" 8655
"../../../Engine/Content/EngineMaterials/Substrate/Glints2/dict_0004_0000.uasset" 8656
"../../../Engine/Content/EngineMaterials/Substrate/Glints2/dict_0004_0006.uasset" 8657
"../../../Engine/Content/EngineMaterials/Substrate/Glints2/dict_0003_0254.uasset" 8658
"../../../Engine/Content/EngineMaterials/Substrate/Glints2/dict_0004_0007.uasset" 8659
"../../../Engine/Content/EngineMaterials/Substrate/Glints2/dict_0003_0230.uasset" 8660
"../../../Engine/Content/EngineMaterials/Substrate/Glints2/dict_0004_0009.uasset" 8661
"../../../Engine/Content/EngineMaterials/Substrate/Glints2/dict_0004_0010.uasset" 8662
"../../../Engine/Content/EngineMaterials/Substrate/Glints2/dict_0004_0008.uasset" 8663
"/Engine/EngineMaterials/Substrate/Glints2/dict_0004_0001" 8664
"/Engine/EngineMaterials/Substrate/Glints2/dict_0004_0000" 8665
"/Engine/EngineMaterials/Substrate/Glints2/dict_0003_0255" 8666
"/Engine/EngineMaterials/Substrate/Glints2/dict_0003_0254" 8667
"/Engine/EngineMaterials/Substrate/Glints2/dict_0004_0005" 8668
"/Engine/EngineMaterials/Substrate/Glints2/dict_0003_0253" 8669
"../../../Engine/Content/EngineMaterials/Substrate/Glints2/dict_0004_0015.uasset" 8670
"/Engine/EngineMaterials/Substrate/Glints2/dict_0003_0252" 8671
"../../../Engine/Content/EngineMaterials/Substrate/Glints2/dict_0004_0012.uasset" 8672
"/Engine/EngineMaterials/Substrate/Glints2/dict_0003_0251" 8673
"/Engine/EngineMaterials/Substrate/Glints2/dict_0004_0007" 8674
"/Engine/EngineMaterials/Substrate/Glints2/dict_0003_0250" 8675
"/Engine/EngineMaterials/Substrate/Glints2/dict_0003_0249" 8676
"/Engine/EngineMaterials/Substrate/Glints2/dict_0004_0006" 8677
"/Engine/EngineMaterials/Substrate/Glints2/dict_0004_0004" 8678
"/Engine/EngineMaterials/Substrate/Glints2/dict_0004_0003" 8679
"/Engine/EngineMaterials/Substrate/Glints2/dict_0004_0002" 8680
"/Engine/EngineMaterials/Substrate/Glints2/dict_0004_0010" 8681
"/Engine/EngineMaterials/Substrate/Glints2/dict_0004_0009" 8682
"/Engine/EngineMaterials/Substrate/Glints2/dict_0004_0008" 8683
"/Engine/EngineMaterials/Substrate/Glints2/dict_0004_0015" 8684
"/Engine/EngineMaterials/Substrate/Glints2/dict_0004_0012" 8685
"/Engine/EngineMaterials/Substrate/Glints2/dict_0003_0230" 8686
"../../../Engine/Content/EngineMaterials/Substrate/Glints2/dict_0004_0011.uasset" 8687
"../../../Engine/Content/EngineMaterials/Substrate/Glints2/dict_0004_0019.uasset" 8688
"../../../Engine/Content/EngineMaterials/Substrate/Glints2/dict_0004_0014.uasset" 8689
"../../../Engine/Content/EngineMaterials/Substrate/Glints2/dict_0004_0017.uasset" 8690
"../../../Engine/Content/EngineMaterials/Substrate/Glints2/dict_0004_0018.uasset" 8691
"../../../Engine/Content/EngineMaterials/Substrate/Glints2/dict_0004_0016.uasset" 8692
"../../../Engine/Content/EngineMaterials/Substrate/Glints2/dict_0004_0021.uasset" 8693
"../../../Engine/Content/EngineMaterials/Substrate/Glints2/dict_0004_0013.uasset" 8694
"../../../Engine/Content/EngineMaterials/Substrate/Glints2/dict_0004_0022.uasset" 8695
"../../../Engine/Content/EngineMaterials/Substrate/Glints2/dict_0004_0025.uasset" 8696
"../../../Engine/Content/EngineMaterials/Substrate/Glints2/dict_0004_0026.uasset" 8697
"../../../Engine/Content/EngineMaterials/Substrate/Glints2/dict_0004_0028.uasset" 8698
"../../../Engine/Content/EngineMaterials/Substrate/Glints2/dict_0004_0023.uasset" 8699
"/Engine/EngineMaterials/Substrate/Glints2/dict_0004_0017" 8700
"/Engine/EngineMaterials/Substrate/Glints2/dict_0004_0016" 8701
"/Engine/EngineMaterials/Substrate/Glints2/dict_0004_0014" 8702
"/Engine/EngineMaterials/Substrate/Glints2/dict_0004_0021" 8703
"/Engine/EngineMaterials/Substrate/Glints2/dict_0004_0013" 8704
"/Engine/EngineMaterials/Substrate/Glints2/dict_0004_0028" 8705
"/Engine/EngineMaterials/Substrate/Glints2/dict_0004_0026" 8706
"/Engine/EngineMaterials/Substrate/Glints2/dict_0004_0019" 8707
"/Engine/EngineMaterials/Substrate/Glints2/dict_0004_0018" 8708
"/Engine/EngineMaterials/Substrate/Glints2/dict_0004_0025" 8709
"/Engine/EngineMaterials/Substrate/Glints2/dict_0004_0011" 8710
"/Engine/EngineMaterials/Substrate/Glints2/dict_0004_0023" 8711
"/Engine/EngineMaterials/Substrate/Glints2/dict_0004_0022" 8712
"../../../Engine/Content/EngineMaterials/Substrate/Glints2/dict_0004_0030.uasset" 8713
"../../../Engine/Content/EngineMaterials/Substrate/Glints2/dict_0004_0032.uasset" 8714
"../../../Engine/Content/EngineMaterials/Substrate/Glints2/dict_0004_0029.uasset" 8715
"../../../Engine/Content/EngineMaterials/Substrate/Glints2/dict_0004_0031.uasset" 8716
"../../../Engine/Content/EngineMaterials/Substrate/Glints2/dict_0004_0034.uasset" 8717
"../../../Engine/Content/EngineMaterials/Substrate/Glints2/dict_0004_0033.uasset" 8718
"../../../Engine/Content/EngineMaterials/Substrate/Glints2/dict_0004_0027.uasset" 8719
"../../../Engine/Content/EngineMaterials/Substrate/Glints2/dict_0004_0024.uasset" 8720
"../../../Engine/Content/EngineMaterials/Substrate/Glints2/dict_0003_0248.uasset" 8721
"../../../Engine/Content/EngineMaterials/Substrate/Glints2/dict_0004_0035.uasset" 8722
"../../../Engine/Content/EngineMaterials/Substrate/Glints2/dict_0004_0038.uasset" 8723
"../../../Engine/Content/EngineMaterials/Substrate/Glints2/dict_0004_0036.uasset" 8724
"../../../Engine/Content/EngineMaterials/Substrate/Glints2/dict_0004_0039.uasset" 8725
"../../../Engine/Content/EngineMaterials/Substrate/Glints2/dict_0004_0042.uasset" 8726
"../../../Engine/Content/EngineMaterials/Substrate/Glints2/dict_0004_0044.uasset" 8727
"../../../Engine/Content/EngineMaterials/Substrate/Glints2/dict_0004_0041.uasset" 8728
"../../../Engine/Content/EngineMaterials/Substrate/Glints2/dict_0004_0040.uasset" 8729
"../../../Engine/Content/EngineMaterials/Substrate/Glints2/dict_0004_0037.uasset" 8730
"../../../Engine/Content/EngineMaterials/Substrate/Glints2/dict_0004_0046.uasset" 8731
"/Engine/EngineMaterials/Substrate/Glints2/dict_0004_0039" 8732
"/Engine/EngineMaterials/Substrate/Glints2/dict_0004_0038" 8733
"/Engine/EngineMaterials/Substrate/Glints2/dict_0004_0042" 8734
"/Engine/EngineMaterials/Substrate/Glints2/dict_0004_0037" 8735
"/Engine/EngineMaterials/Substrate/Glints2/dict_0004_0036" 8736
"/Engine/EngineMaterials/Substrate/Glints2/dict_0004_0035" 8737
"/Engine/EngineMaterials/Substrate/Glints2/dict_0004_0034" 8738
"/Engine/EngineMaterials/Substrate/Glints2/dict_0004_0033" 8739
"/Engine/EngineMaterials/Substrate/Glints2/dict_0004_0032" 8740
"/Engine/EngineMaterials/Substrate/Glints2/dict_0004_0031" 8741
"/Engine/EngineMaterials/Substrate/Glints2/dict_0004_0030" 8742
"/Engine/EngineMaterials/Substrate/Glints2/dict_0004_0029" 8743
"/Engine/EngineMaterials/Substrate/Glints2/dict_0004_0027" 8744
"/Engine/EngineMaterials/Substrate/Glints2/dict_0003_0248" 8745
"../../../Engine/Content/EngineMaterials/Substrate/Glints2/dict_0004_0045.uasset" 8746
"/Engine/EngineMaterials/Substrate/Glints2/dict_0004_0041" 8747
"../../../Engine/Content/EngineMaterials/Substrate/Glints2/dict_0004_0049.uasset" 8748
"/Engine/EngineMaterials/Substrate/Glints2/dict_0004_0046" 8749
"../../../Engine/Content/EngineMaterials/Substrate/Glints2/dict_0004_0047.uasset" 8750
"../../../Engine/Content/EngineMaterials/Substrate/Glints2/dict_0004_0048.uasset" 8751
"/Engine/EngineMaterials/Substrate/Glints2/dict_0004_0040" 8752
"/Engine/EngineMaterials/Substrate/Glints2/dict_0004_0024" 8753
"/Engine/EngineMaterials/Substrate/Glints2/dict_0004_0044" 8754
"/Engine/EngineMaterials/Substrate/Glints2/dict_0004_0049" 8755
"/Engine/EngineMaterials/Substrate/Glints2/dict_0004_0048" 8756
"/Engine/EngineMaterials/Substrate/Glints2/dict_0004_0047" 8757
"/Engine/EngineMaterials/Substrate/Glints2/dict_0004_0045" 8758
"../../../Engine/Content/EngineMaterials/Substrate/Glints2/dict_0004_0053.uasset" 8759
"../../../Engine/Content/EngineMaterials/Substrate/Glints2/dict_0004_0051.uasset" 8760
"../../../Engine/Content/EngineMaterials/Substrate/Glints2/dict_0004_0050.uasset" 8761
"../../../Engine/Content/EngineMaterials/Substrate/Glints2/dict_0004_0055.uasset" 8762
"../../../Engine/Content/EngineMaterials/Substrate/Glints2/dict_0004_0054.uasset" 8763
"../../../Engine/Content/EngineMaterials/Substrate/Glints2/dict_0004_0052.uasset" 8764
"../../../Engine/Content/EngineMaterials/Substrate/Glints2/dict_0004_0060.uasset" 8765
"../../../Engine/Content/EngineMaterials/Substrate/Glints2/dict_0004_0057.uasset" 8766
"../../../Engine/Content/EngineMaterials/Substrate/Glints2/dict_0004_0058.uasset" 8767
"../../../Engine/Content/EngineMaterials/Substrate/Glints2/dict_0004_0061.uasset" 8768
"../../../Engine/Content/EngineMaterials/Substrate/Glints2/dict_0004_0059.uasset" 8769
"../../../Engine/Content/EngineMaterials/Substrate/Glints2/dict_0004_0062.uasset" 8770
"../../../Engine/Content/EngineMaterials/Substrate/Glints2/dict_0004_0063.uasset" 8771
"/Engine/EngineMaterials/Substrate/Glints2/dict_0004_0055" 8772
"/Engine/EngineMaterials/Substrate/Glints2/dict_0004_0054" 8773
"/Engine/EngineMaterials/Substrate/Glints2/dict_0004_0053" 8774
"/Engine/EngineMaterials/Substrate/Glints2/dict_0004_0052" 8775
"/Engine/EngineMaterials/Substrate/Glints2/dict_0004_0051" 8776
"/Engine/EngineMaterials/Substrate/Glints2/dict_0004_0063" 8777
"/Engine/EngineMaterials/Substrate/Glints2/dict_0004_0050" 8778
"../../../Engine/Content/EngineMaterials/Substrate/Glints2/dict_0004_0066.uasset" 8779
"/Engine/EngineMaterials/Substrate/Glints2/dict_0004_0062" 8780
"/Engine/EngineMaterials/Substrate/Glints2/dict_0004_0061" 8781
"/Engine/EngineMaterials/Substrate/Glints2/dict_0004_0060" 8782
"/Engine/EngineMaterials/Substrate/Glints2/dict_0004_0059" 8783
"/Engine/EngineMaterials/Substrate/Glints2/dict_0004_0058" 8784
"../../../Engine/Content/EngineMaterials/Substrate/Glints2/dict_0004_0064.uasset" 8785
"/Engine/EngineMaterials/Substrate/Glints2/dict_0004_0057" 8786
"../../../Engine/Content/EngineMaterials/Substrate/Glints2/dict_0004_0067.uasset" 8787
"/Engine/EngineMaterials/Substrate/Glints2/dict_0004_0067" 8788
"/Engine/EngineMaterials/Substrate/Glints2/dict_0004_0066" 8789
"/Engine/EngineMaterials/Substrate/Glints2/dict_0004_0064" 8790
"../../../Engine/Content/EngineMaterials/Substrate/Glints2/dict_0004_0065.uasset" 8791
"../../../Engine/Content/EngineMaterials/Substrate/Glints2/dict_0004_0068.uasset" 8792
"../../../Engine/Content/EngineMaterials/Substrate/Glints2/dict_0004_0056.uasset" 8793
"../../../Engine/Content/EngineMaterials/Substrate/Glints2/dict_0004_0070.uasset" 8794
"../../../Engine/Content/EngineMaterials/Substrate/Glints2/dict_0004_0071.uasset" 8795
"../../../Engine/Content/EngineMaterials/Substrate/Glints2/dict_0004_0074.uasset" 8796
"../../../Engine/Content/EngineMaterials/Substrate/Glints2/dict_0004_0072.uasset" 8797
"../../../Engine/Content/EngineMaterials/Substrate/Glints2/dict_0004_0075.uasset" 8798
"../../../Engine/Content/EngineMaterials/Substrate/Glints2/dict_0004_0076.uasset" 8799
"../../../Engine/Content/EngineMaterials/Substrate/Glints2/dict_0004_0078.uasset" 8800
"../../../Engine/Content/EngineMaterials/Substrate/Glints2/dict_0004_0077.uasset" 8801
"../../../Engine/Content/EngineMaterials/Substrate/Glints2/dict_0004_0079.uasset" 8802
"../../../Engine/Content/EngineMaterials/Substrate/Glints2/dict_0004_0082.uasset" 8803
"/Engine/EngineMaterials/Substrate/Glints2/dict_0004_0074" 8804
"../../../Engine/Content/EngineMaterials/Substrate/Glints2/dict_0004_0083.uasset" 8805
"../../../Engine/Content/EngineMaterials/Substrate/Glints2/dict_0004_0069.uasset" 8806
"../../../Engine/Content/EngineMaterials/Substrate/Glints2/dict_0004_0073.uasset" 8807
"/Engine/EngineMaterials/Substrate/Glints2/dict_0004_0072" 8808
"/Engine/EngineMaterials/Substrate/Glints2/dict_0004_0071" 8809
"/Engine/EngineMaterials/Substrate/Glints2/dict_0004_0070" 8810
"../../../Engine/Content/EngineMaterials/Substrate/Glints2/dict_0004_0080.uasset" 8811
"/Engine/EngineMaterials/Substrate/Glints2/dict_0004_0068" 8812
"/Engine/EngineMaterials/Substrate/Glints2/dict_0004_0065" 8813
"/Engine/EngineMaterials/Substrate/Glints2/dict_0004_0078" 8814
"/Engine/EngineMaterials/Substrate/Glints2/dict_0004_0077" 8815
"/Engine/EngineMaterials/Substrate/Glints2/dict_0004_0076" 8816
"/Engine/EngineMaterials/Substrate/Glints2/dict_0004_0075" 8817
"/Engine/EngineMaterials/Substrate/Glints2/dict_0004_0079" 8818
"/Engine/EngineMaterials/Substrate/Glints2/dict_0004_0056" 8819
"/Engine/EngineMaterials/Substrate/Glints2/dict_0004_0073" 8820
"/Engine/EngineMaterials/Substrate/Glints2/dict_0004_0069" 8821
"/Engine/EngineMaterials/Substrate/Glints2/dict_0004_0083" 8822
"/Engine/EngineMaterials/Substrate/Glints2/dict_0004_0082" 8823
"/Engine/EngineMaterials/Substrate/Glints2/dict_0004_0080" 8824
"../../../Engine/Content/EngineMaterials/Substrate/Glints2/dict_0004_0043.uasset" 8825
"../../../Engine/Content/EngineMaterials/Substrate/Glints2/dict_0004_0081.uasset" 8826
"../../../Engine/Content/EngineMaterials/Substrate/Glints2/dict_0004_0085.uasset" 8827
"../../../Engine/Content/EngineMaterials/Substrate/Glints2/dict_0004_0084.uasset" 8828
"../../../Engine/Content/EngineMaterials/Substrate/Glints2/dict_0004_0020.uasset" 8829
"../../../Engine/Content/EngineMaterials/Substrate/Glints2/dict_0004_0088.uasset" 8830
"../../../Engine/Content/EngineMaterials/Substrate/Glints2/dict_0004_0086.uasset" 8831
"../../../Engine/Content/EngineMaterials/Substrate/Glints2/dict_0004_0087.uasset" 8832
"/Engine/EngineMaterials/Substrate/Glints2/dict_0004_0088" 8833
"/Engine/EngineMaterials/Substrate/Glints2/dict_0004_0020" 8834
"/Engine/EngineMaterials/Substrate/Glints2/dict_0004_0087" 8835
"/Engine/EngineMaterials/Substrate/Glints2/dict_0004_0086" 8836
"/Engine/EngineMaterials/Substrate/Glints2/dict_0004_0085" 8837
"/Engine/EngineMaterials/Substrate/Glints2/dict_0004_0084" 8838
"/Engine/EngineMaterials/Substrate/Glints2/dict_0004_0081" 8839
"/Engine/EngineMaterials/Substrate/Glints2/dict_0004_0043" 8840
"../../../Engine/Content/EngineMaterials/Substrate/Glints2/dict_0004_0090.uasset" 8841
"../../../Engine/Content/EngineMaterials/Substrate/Glints2/dict_0004_0094.uasset" 8842
"../../../Engine/Content/EngineMaterials/Substrate/Glints2/dict_0004_0089.uasset" 8843
"../../../Engine/Content/EngineMaterials/Substrate/Glints2/dict_0004_0093.uasset" 8844
"../../../Engine/Content/EngineMaterials/Substrate/Glints2/dict_0003_0220.uasset" 8845
"../../../Engine/Content/EngineMaterials/Substrate/Glints2/dict_0004_0091.uasset" 8846
"../../../Engine/Content/EngineMaterials/Substrate/Glints2/dict_0004_0092.uasset" 8847
"/Engine/EngineMaterials/Substrate/Glints2/dict_0004_0091" 8848
"/Engine/EngineMaterials/Substrate/Glints2/dict_0003_0220" 8849
"/Engine/EngineMaterials/Substrate/Glints2/dict_0004_0090" 8850
"/Engine/EngineMaterials/Substrate/Glints2/dict_0004_0089" 8851
"/Engine/EngineMaterials/Substrate/Glints2/dict_0004_0093" 8852
"../../../Engine/Content/EngineMaterials/Substrate/Glints2/dict_0004_0095.uasset" 8853
"/Engine/EngineMaterials/Substrate/Glints2/dict_0004_0092" 8854
"/Engine/EngineMaterials/Substrate/Glints2/dict_0004_0094" 8855
"/Engine/EngineMaterials/Substrate/Glints2/dict_0004_0095" 8856
"../../../Engine/Content/EngineMaterials/Substrate/Glints2/dict_0004_0099.uasset" 8857
"../../../Engine/Content/EngineMaterials/Substrate/Glints2/dict_0004_0100.uasset" 8858
"../../../Engine/Content/EngineMaterials/Substrate/Glints2/dict_0004_0097.uasset" 8859
"../../../Engine/Content/EngineMaterials/Substrate/Glints2/dict_0004_0102.uasset" 8860
"../../../Engine/Content/EngineMaterials/Substrate/Glints2/dict_0004_0103.uasset" 8861
"../../../Engine/Content/EngineMaterials/Substrate/Glints2/dict_0004_0101.uasset" 8862
"../../../Engine/Content/EngineMaterials/Substrate/Glints2/dict_0004_0105.uasset" 8863
"/Engine/EngineMaterials/Substrate/Glints2/dict_0004_0105" 8864
"/Engine/EngineMaterials/Substrate/Glints2/dict_0004_0103" 8865
"/Engine/EngineMaterials/Substrate/Glints2/dict_0004_0102" 8866
"/Engine/EngineMaterials/Substrate/Glints2/dict_0004_0101" 8867
"/Engine/EngineMaterials/Substrate/Glints2/dict_0004_0100" 8868
"/Engine/EngineMaterials/Substrate/Glints2/dict_0004_0099" 8869
"../../../Engine/Content/EngineMaterials/Substrate/Glints2/dict_0004_0098.uasset" 8870
"/Engine/EngineMaterials/Substrate/Glints2/dict_0004_0097" 8871
"/Engine/EngineMaterials/Substrate/Glints2/dict_0004_0098" 8872
"../../../Engine/Content/EngineMaterials/Substrate/Glints2/dict_0004_0104.uasset" 8873
"../../../Engine/Content/EngineMaterials/Substrate/Glints2/dict_0004_0106.uasset" 8874
"/Engine/EngineMaterials/Substrate/Glints2/dict_0004_0106" 8875
"/Engine/EngineMaterials/Substrate/Glints2/dict_0004_0104" 8876
"../../../Engine/Content/EngineMaterials/Substrate/Glints2/dict_0004_0108.uasset" 8877
"../../../Engine/Content/EngineMaterials/Substrate/Glints2/dict_0004_0110.uasset" 8878
"../../../Engine/Content/EngineMaterials/Substrate/Glints2/dict_0004_0114.uasset" 8879
"../../../Engine/Content/EngineMaterials/Substrate/Glints2/dict_0004_0111.uasset" 8880
"/Engine/EngineMaterials/Substrate/Glints2/dict_0004_0111" 8881
"../../../Engine/Content/EngineMaterials/Substrate/Glints2/dict_0004_0113.uasset" 8882
"/Engine/EngineMaterials/Substrate/Glints2/dict_0004_0110" 8883
"../../../Engine/Content/EngineMaterials/Substrate/Glints2/dict_0004_0112.uasset" 8884
"/Engine/EngineMaterials/Substrate/Glints2/dict_0004_0114" 8885
"/Engine/EngineMaterials/Substrate/Glints2/dict_0004_0108" 8886
"/Engine/EngineMaterials/Substrate/Glints2/dict_0004_0113" 8887
"/Engine/EngineMaterials/Substrate/Glints2/dict_0004_0112" 8888
"../../../Engine/Content/EngineMaterials/Substrate/Glints2/dict_0004_0115.uasset" 8889
"../../../Engine/Content/EngineMaterials/Substrate/Glints2/dict_0004_0096.uasset" 8890
"../../../Engine/Content/EngineMaterials/Substrate/Glints2/dict_0004_0107.uasset" 8891
"../../../Engine/Content/EngineMaterials/Substrate/Glints2/dict_0004_0109.uasset" 8892
"/Engine/EngineMaterials/Substrate/Glints2/dict_0004_0115" 8893
"/Engine/EngineMaterials/Substrate/Glints2/dict_0004_0109" 8894
"/Engine/EngineMaterials/Substrate/Glints2/dict_0004_0107" 8895
"../../../Engine/Content/EngineMaterials/Substrate/Glints2/dict_0004_0117.uasset" 8896
"/Engine/EngineMaterials/Substrate/Glints2/dict_0004_0096" 8897
"/Engine/EngineMaterials/Substrate/Glints2/dict_0004_0117" 8898
"../../../Engine/Content/EngineMaterials/Substrate/Glints2/dict_0004_0118.uasset" 8899
"../../../Engine/Content/EngineMaterials/Substrate/Glints2/dict_0004_0121.uasset" 8900
"../../../Engine/Content/EngineMaterials/Substrate/Glints2/dict_0004_0124.uasset" 8901
"../../../Engine/Content/EngineMaterials/Substrate/Glints2/dict_0004_0123.uasset" 8902
"../../../Engine/Content/EngineMaterials/Substrate/Glints2/dict_0004_0120.uasset" 8903
"/Engine/EngineMaterials/Substrate/Glints2/dict_0004_0124" 8904
"/Engine/EngineMaterials/Substrate/Glints2/dict_0004_0123" 8905
"/Engine/EngineMaterials/Substrate/Glints2/dict_0004_0121" 8906
"/Engine/EngineMaterials/Substrate/Glints2/dict_0004_0118" 8907
"/Engine/EngineMaterials/Substrate/Glints2/dict_0004_0120" 8908
"../../../Engine/Content/EngineMaterials/Substrate/Glints2/dict_0004_0122.uasset" 8909
"../../../Engine/Content/EngineMaterials/Substrate/Glints2/dict_0004_0116.uasset" 8910
"/Engine/EngineMaterials/Substrate/Glints2/dict_0004_0122" 8911
"/Engine/EngineMaterials/Substrate/Glints2/dict_0004_0116" 8912
"../../../Engine/Content/EngineMaterials/Substrate/Glints2/dict_0004_0125.uasset" 8913
"/Engine/EngineMaterials/Substrate/Glints2/dict_0004_0125" 8914
"../../../Engine/Content/EngineMaterials/Substrate/Glints2/dict_0004_0128.uasset" 8915
"../../../Engine/Content/EngineMaterials/Substrate/Glints2/dict_0004_0119.uasset" 8916
"/Engine/EngineMaterials/Substrate/Glints2/dict_0004_0119" 8917
"/Engine/EngineMaterials/Substrate/Glints2/dict_0004_0128" 8918
"../../../Engine/Content/EngineMaterials/Substrate/Glints2/dict_0004_0129.uasset" 8919
"../../../Engine/Content/EngineMaterials/Substrate/Glints2/dict_0004_0127.uasset" 8920
"../../../Engine/Content/EngineMaterials/Substrate/Glints2/dict_0004_0130.uasset" 8921
"/Engine/EngineMaterials/Substrate/Glints2/dict_0004_0130" 8922
"/Engine/EngineMaterials/Substrate/Glints2/dict_0004_0129" 8923
"/Engine/EngineMaterials/Substrate/Glints2/dict_0004_0127" 8924
"../../../Engine/Content/EngineMaterials/Substrate/Glints2/dict_0004_0131.uasset" 8925
"../../../Engine/Content/EngineMaterials/Substrate/Glints2/dict_0004_0132.uasset" 8926
"../../../Engine/Content/EngineMaterials/Substrate/Glints2/dict_0004_0134.uasset" 8927
"/Engine/EngineMaterials/Substrate/Glints2/dict_0004_0134" 8928
"/Engine/EngineMaterials/Substrate/Glints2/dict_0004_0132" 8929
"/Engine/EngineMaterials/Substrate/Glints2/dict_0004_0131" 8930
"../../../Engine/Content/EngineMaterials/Substrate/Glints2/dict_0004_0138.uasset" 8931
"../../../Engine/Content/EngineMaterials/Substrate/Glints2/dict_0004_0126.uasset" 8932
"/Engine/EngineMaterials/Substrate/Glints2/dict_0004_0138" 8933
"/Engine/EngineMaterials/Substrate/Glints2/dict_0004_0126" 8934
"../../../Engine/Content/EngineMaterials/Substrate/Glints2/dict_0004_0137.uasset" 8935
"../../../Engine/Content/EngineMaterials/Substrate/Glints2/dict_0004_0133.uasset" 8936
"../../../Engine/Content/EngineMaterials/Substrate/Glints2/dict_0004_0140.uasset" 8937
"../../../Engine/Content/EngineMaterials/Substrate/Glints2/dict_0004_0139.uasset" 8938
"../../../Engine/Content/EngineMaterials/Substrate/Glints2/dict_0004_0141.uasset" 8939
"/Engine/EngineMaterials/Substrate/Glints2/dict_0004_0137" 8940
"/Engine/EngineMaterials/Substrate/Glints2/dict_0004_0141" 8941
"/Engine/EngineMaterials/Substrate/Glints2/dict_0004_0133" 8942
"/Engine/EngineMaterials/Substrate/Glints2/dict_0004_0140" 8943
"/Engine/EngineMaterials/Substrate/Glints2/dict_0004_0139" 8944
"../../../Engine/Content/EngineMaterials/Substrate/Glints2/dict_0004_0135.uasset" 8945
"../../../Engine/Content/EngineMaterials/Substrate/Glints2/dict_0004_0142.uasset" 8946
"/Engine/EngineMaterials/Substrate/Glints2/dict_0004_0135" 8947
"/Engine/EngineMaterials/Substrate/Glints2/dict_0004_0142" 8948
"../../../Engine/Content/EngineMaterials/Substrate/Glints2/dict_0004_0146.uasset" 8949
"../../../Engine/Content/EngineMaterials/Substrate/Glints2/dict_0004_0145.uasset" 8950
"../../../Engine/Content/EngineMaterials/Substrate/Glints2/dict_0004_0136.uasset" 8951
"/Engine/EngineMaterials/Substrate/Glints2/dict_0004_0136" 8952
"/Engine/EngineMaterials/Substrate/Glints2/dict_0004_0146" 8953
"/Engine/EngineMaterials/Substrate/Glints2/dict_0004_0145" 8954
"../../../Engine/Content/EngineMaterials/Substrate/Glints2/dict_0004_0148.uasset" 8955
"/Engine/EngineMaterials/Substrate/Glints2/dict_0004_0148" 8956
"../../../Engine/Content/EngineMaterials/Substrate/Glints2/dict_0004_0151.uasset" 8957
"/Engine/EngineMaterials/Substrate/Glints2/dict_0004_0151" 8958
"../../../Engine/Content/EngineMaterials/Substrate/Glints2/dict_0004_0144.uasset" 8959
"../../../Engine/Content/EngineMaterials/Substrate/Glints2/dict_0004_0143.uasset" 8960
"../../../Engine/Content/EngineMaterials/Substrate/Glints2/dict_0004_0149.uasset" 8961
"../../../Engine/Content/EngineMaterials/Substrate/Glints2/dict_0004_0152.uasset" 8962
"/Engine/EngineMaterials/Substrate/Glints2/dict_0004_0149" 8963
"/Engine/EngineMaterials/Substrate/Glints2/dict_0004_0143" 8964
"/Engine/EngineMaterials/Substrate/Glints2/dict_0004_0144" 8965
"/Engine/EngineMaterials/Substrate/Glints2/dict_0004_0152" 8966
"../../../Engine/Content/EngineMaterials/Substrate/Glints2/dict_0004_0147.uasset" 8967
"/Engine/EngineMaterials/Substrate/Glints2/dict_0004_0147" 8968
"../../../Engine/Content/EngineMaterials/Substrate/Glints2/dict_0004_0150.uasset" 8969
"/Engine/EngineMaterials/Substrate/Glints2/dict_0004_0150" 8970
"../../../Engine/Content/EngineMaterials/Substrate/Glints2/dict_0004_0155.uasset" 8971
"../../../Engine/Content/EngineMaterials/Substrate/Glints2/dict_0004_0156.uasset" 8972
"../../../Engine/Content/EngineMaterials/Substrate/Glints2/dict_0004_0159.uasset" 8973
"/Engine/EngineMaterials/Substrate/Glints2/dict_0004_0156" 8974
"/Engine/EngineMaterials/Substrate/Glints2/dict_0004_0155" 8975
"/Engine/EngineMaterials/Substrate/Glints2/dict_0004_0159" 8976
"../../../Engine/Content/EngineMaterials/Substrate/Glints2/dict_0004_0158.uasset" 8977
"../../../Engine/Content/EngineMaterials/Substrate/Glints2/dict_0004_0157.uasset" 8978
"/Engine/EngineMaterials/Substrate/Glints2/dict_0004_0158" 8979
"/Engine/EngineMaterials/Substrate/Glints2/dict_0004_0157" 8980
"../../../Engine/Content/EngineMaterials/Substrate/Glints2/dict_0004_0153.uasset" 8981
"../../../Engine/Content/EngineMaterials/Substrate/Glints2/dict_0004_0161.uasset" 8982
"../../../Engine/Content/EngineMaterials/Substrate/Glints2/dict_0004_0154.uasset" 8983
"/Engine/EngineMaterials/Substrate/Glints2/dict_0004_0153" 8984
"/Engine/EngineMaterials/Substrate/Glints2/dict_0004_0154" 8985
"/Engine/EngineMaterials/Substrate/Glints2/dict_0004_0161" 8986
"../../../Engine/Content/EngineMaterials/Substrate/Glints2/dict_0004_0160.uasset" 8987
"../../../Engine/Content/EngineMaterials/Substrate/Glints2/dict_0004_0163.uasset" 8988
"../../../Engine/Content/EngineMaterials/Substrate/Glints2/dict_0004_0167.uasset" 8989
"../../../Engine/Content/EngineMaterials/Substrate/Glints2/dict_0004_0166.uasset" 8990
"/Engine/EngineMaterials/Substrate/Glints2/dict_0004_0166" 8991
"/Engine/EngineMaterials/Substrate/Glints2/dict_0004_0163" 8992
"/Engine/EngineMaterials/Substrate/Glints2/dict_0004_0167" 8993
"/Engine/EngineMaterials/Substrate/Glints2/dict_0004_0160" 8994
"../../../Engine/Content/EngineMaterials/Substrate/Glints2/dict_0004_0168.uasset" 8995
"../../../Engine/Content/EngineMaterials/Substrate/Glints2/dict_0004_0169.uasset" 8996
"../../../Engine/Content/EngineMaterials/Substrate/Glints2/dict_0004_0164.uasset" 8997
"/Engine/EngineMaterials/Substrate/Glints2/dict_0004_0164" 8998
"/Engine/EngineMaterials/Substrate/Glints2/dict_0004_0169" 8999
"/Engine/EngineMaterials/Substrate/Glints2/dict_0004_0168" 9000
"../../../Engine/Content/EngineMaterials/Substrate/Glints2/dict_0004_0170.uasset" 9001
"/Engine/EngineMaterials/Substrate/Glints2/dict_0004_0170" 9002
"../../../Engine/Content/EngineMaterials/Substrate/Glints2/dict_0004_0162.uasset" 9003
"../../../Engine/Content/EngineMaterials/Substrate/Glints2/dict_0004_0171.uasset" 9004
"/Engine/EngineMaterials/Substrate/Glints2/dict_0004_0171" 9005
"/Engine/EngineMaterials/Substrate/Glints2/dict_0004_0162" 9006
"../../../Engine/Content/EngineMaterials/Substrate/Glints2/dict_0004_0177.uasset" 9007
"../../../Engine/Content/EngineMaterials/Substrate/Glints2/dict_0004_0179.uasset" 9008
"../../../Engine/Content/EngineMaterials/Substrate/Glints2/dict_0004_0178.uasset" 9009
"../../../Engine/Content/EngineMaterials/Substrate/Glints2/dict_0004_0172.uasset" 9010
"../../../Engine/Content/EngineMaterials/Substrate/Glints2/dict_0004_0174.uasset" 9011
"/Engine/EngineMaterials/Substrate/Glints2/dict_0004_0178" 9012
"/Engine/EngineMaterials/Substrate/Glints2/dict_0004_0177" 9013
"/Engine/EngineMaterials/Substrate/Glints2/dict_0004_0172" 9014
"/Engine/EngineMaterials/Substrate/Glints2/dict_0004_0174" 9015
"/Engine/EngineMaterials/Substrate/Glints2/dict_0004_0179" 9016
"../../../Engine/Content/EngineMaterials/Substrate/Glints2/dict_0004_0175.uasset" 9017
"../../../Engine/Content/EngineMaterials/Substrate/Glints2/dict_0004_0165.uasset" 9018
"/Engine/EngineMaterials/Substrate/Glints2/dict_0004_0175" 9019
"/Engine/EngineMaterials/Substrate/Glints2/dict_0004_0165" 9020
"../../../Engine/Content/EngineMaterials/Substrate/Glints2/dict_0004_0180.uasset" 9021
"/Engine/EngineMaterials/Substrate/Glints2/dict_0004_0180" 9022
"../../../Engine/Content/EngineMaterials/Substrate/Glints2/dict_0004_0173.uasset" 9023
"../../../Engine/Content/EngineMaterials/Substrate/Glints2/dict_0004_0181.uasset" 9024
"../../../Engine/Content/EngineMaterials/Substrate/Glints2/dict_0004_0176.uasset" 9025
"../../../Engine/Content/EngineMaterials/Substrate/Glints2/dict_0004_0182.uasset" 9026
"../../../Engine/Content/EngineMaterials/Substrate/Glints2/dict_0004_0184.uasset" 9027
"/Engine/EngineMaterials/Substrate/Glints2/dict_0004_0182" 9028
"/Engine/EngineMaterials/Substrate/Glints2/dict_0004_0176" 9029
"/Engine/EngineMaterials/Substrate/Glints2/dict_0004_0184" 9030
"/Engine/EngineMaterials/Substrate/Glints2/dict_0004_0181" 9031
"/Engine/EngineMaterials/Substrate/Glints2/dict_0004_0173" 9032
"../../../Engine/Content/EngineMaterials/Substrate/Glints2/dict_0004_0186.uasset" 9033
"/Engine/EngineMaterials/Substrate/Glints2/dict_0004_0186" 9034
"../../../Engine/Content/EngineMaterials/Substrate/Glints2/dict_0004_0185.uasset" 9035
"../../../Engine/Content/EngineMaterials/Substrate/Glints2/dict_0004_0188.uasset" 9036
"../../../Engine/Content/EngineMaterials/Substrate/Glints2/dict_0004_0187.uasset" 9037
"../../../Engine/Content/EngineMaterials/Substrate/Glints2/dict_0004_0189.uasset" 9038
"../../../Engine/Content/EngineMaterials/Substrate/Glints2/dict_0004_0183.uasset" 9039
"/Engine/EngineMaterials/Substrate/Glints2/dict_0004_0187" 9040
"/Engine/EngineMaterials/Substrate/Glints2/dict_0004_0189" 9041
"/Engine/EngineMaterials/Substrate/Glints2/dict_0004_0183" 9042
"/Engine/EngineMaterials/Substrate/Glints2/dict_0004_0188" 9043
"/Engine/EngineMaterials/Substrate/Glints2/dict_0004_0185" 9044
"../../../Engine/Content/EngineMaterials/Substrate/Glints2/dict_0004_0190.uasset" 9045
"/Engine/EngineMaterials/Substrate/Glints2/dict_0004_0190" 9046
"../../../Engine/Content/EngineMaterials/Substrate/Glints2/dict_0004_0192.uasset" 9047
"../../../Engine/Content/EngineMaterials/Substrate/Glints2/dict_0004_0193.uasset" 9048
"../../../Engine/Content/EngineMaterials/Substrate/Glints2/dict_0004_0191.uasset" 9049
"../../../Engine/Content/EngineMaterials/Substrate/Glints2/dict_0004_0195.uasset" 9050
"/Engine/EngineMaterials/Substrate/Glints2/dict_0004_0192" 9051
"../../../Engine/Content/EngineMaterials/Substrate/Glints2/dict_0004_0197.uasset" 9052
"/Engine/EngineMaterials/Substrate/Glints2/dict_0004_0191" 9053
"../../../Engine/Content/EngineMaterials/Substrate/Glints2/dict_0004_0196.uasset" 9054
"/Engine/EngineMaterials/Substrate/Glints2/dict_0004_0193" 9055
"/Engine/EngineMaterials/Substrate/Glints2/dict_0004_0196" 9056
"/Engine/EngineMaterials/Substrate/Glints2/dict_0004_0197" 9057
"/Engine/EngineMaterials/Substrate/Glints2/dict_0004_0195" 9058
"../../../Engine/Content/EngineMaterials/Substrate/Glints2/dict_0004_0199.uasset" 9059
"../../../Engine/Content/EngineMaterials/Substrate/Glints2/dict_0004_0200.uasset" 9060
"/Engine/EngineMaterials/Substrate/Glints2/dict_0004_0200" 9061
"../../../Engine/Content/EngineMaterials/Substrate/Glints2/dict_0004_0198.uasset" 9062
"/Engine/EngineMaterials/Substrate/Glints2/dict_0004_0199" 9063
"../../../Engine/Content/EngineMaterials/Substrate/Glints2/dict_0004_0204.uasset" 9064
"/Engine/EngineMaterials/Substrate/Glints2/dict_0004_0198" 9065
"/Engine/EngineMaterials/Substrate/Glints2/dict_0004_0204" 9066
"../../../Engine/Content/EngineMaterials/Substrate/Glints2/dict_0004_0201.uasset" 9067
"../../../Engine/Content/EngineMaterials/Substrate/Glints2/dict_0004_0194.uasset" 9068
"../../../Engine/Content/EngineMaterials/Substrate/Glints2/dict_0004_0208.uasset" 9069
"../../../Engine/Content/EngineMaterials/Substrate/Glints2/dict_0004_0207.uasset" 9070
"../../../Engine/Content/EngineMaterials/Substrate/Glints2/dict_0004_0206.uasset" 9071
"/Engine/EngineMaterials/Substrate/Glints2/dict_0004_0207" 9072
"/Engine/EngineMaterials/Substrate/Glints2/dict_0004_0201" 9073
"/Engine/EngineMaterials/Substrate/Glints2/dict_0004_0206" 9074
"/Engine/EngineMaterials/Substrate/Glints2/dict_0004_0194" 9075
"/Engine/EngineMaterials/Substrate/Glints2/dict_0004_0208" 9076
"../../../Engine/Content/EngineMaterials/Substrate/Glints2/dict_0004_0210.uasset" 9077
"../../../Engine/Content/EngineMaterials/Substrate/Glints2/dict_0004_0211.uasset" 9078
"../../../Engine/Content/EngineMaterials/Substrate/Glints2/dict_0004_0203.uasset" 9079
"../../../Engine/Content/EngineMaterials/Substrate/Glints2/dict_0004_0202.uasset" 9080
"../../../Engine/Content/EngineMaterials/Substrate/Glints2/dict_0004_0215.uasset" 9081
"../../../Engine/Content/EngineMaterials/Substrate/Glints2/dict_0004_0205.uasset" 9082
"../../../Engine/Content/EngineMaterials/Substrate/Glints2/dict_0004_0214.uasset" 9083
"/Engine/EngineMaterials/Substrate/Glints2/dict_0004_0202" 9084
"/Engine/EngineMaterials/Substrate/Glints2/dict_0004_0215" 9085
"/Engine/EngineMaterials/Substrate/Glints2/dict_0004_0214" 9086
"/Engine/EngineMaterials/Substrate/Glints2/dict_0004_0205" 9087
"/Engine/EngineMaterials/Substrate/Glints2/dict_0004_0210" 9088
"/Engine/EngineMaterials/Substrate/Glints2/dict_0004_0203" 9089
"/Engine/EngineMaterials/Substrate/Glints2/dict_0004_0211" 9090
"../../../Engine/Content/EngineMaterials/Substrate/Glints2/dict_0004_0218.uasset" 9091
"../../../Engine/Content/EngineMaterials/Substrate/Glints2/dict_0004_0219.uasset" 9092
"../../../Engine/Content/EngineMaterials/Substrate/Glints2/dict_0004_0212.uasset" 9093
"../../../Engine/Content/EngineMaterials/Substrate/Glints2/dict_0004_0209.uasset" 9094
"../../../Engine/Content/EngineMaterials/Substrate/Glints2/dict_0004_0213.uasset" 9095
"../../../Engine/Content/EngineMaterials/Substrate/Glints2/dict_0004_0217.uasset" 9096
"../../../Engine/Content/EngineMaterials/Substrate/Glints2/dict_0004_0221.uasset" 9097
"../../../Engine/Content/EngineMaterials/Substrate/Glints2/dict_0004_0222.uasset" 9098
"/Engine/EngineMaterials/Substrate/Glints2/dict_0004_0221" 9099
"/Engine/EngineMaterials/Substrate/Glints2/dict_0004_0213" 9100
"/Engine/EngineMaterials/Substrate/Glints2/dict_0004_0212" 9101
"/Engine/EngineMaterials/Substrate/Glints2/dict_0004_0219" 9102
"/Engine/EngineMaterials/Substrate/Glints2/dict_0004_0209" 9103
"/Engine/EngineMaterials/Substrate/Glints2/dict_0004_0218" 9104
"/Engine/EngineMaterials/Substrate/Glints2/dict_0004_0217" 9105
"../../../Engine/Content/EngineMaterials/Substrate/Glints2/dict_0004_0220.uasset" 9106
"../../../Engine/Content/EngineMaterials/Substrate/Glints2/dict_0004_0216.uasset" 9107
"/Engine/EngineMaterials/Substrate/Glints2/dict_0004_0220" 9108
"../../../Engine/Content/EngineMaterials/Substrate/Glints2/dict_0004_0228.uasset" 9109
"/Engine/EngineMaterials/Substrate/Glints2/dict_0004_0216" 9110
"/Engine/EngineMaterials/Substrate/Glints2/dict_0004_0222" 9111
"../../../Engine/Content/EngineMaterials/Substrate/Glints2/dict_0004_0227.uasset" 9112
"../../../Engine/Content/EngineMaterials/Substrate/Glints2/dict_0004_0230.uasset" 9113
"../../../Engine/Content/EngineMaterials/Substrate/Glints2/dict_0004_0231.uasset" 9114
"../../../Engine/Content/EngineMaterials/Substrate/Glints2/dict_0004_0232.uasset" 9115
"../../../Engine/Content/EngineMaterials/Substrate/Glints2/dict_0004_0225.uasset" 9116
"../../../Engine/Content/EngineMaterials/Substrate/Glints2/dict_0004_0235.uasset" 9117
"../../../Engine/Content/EngineMaterials/Substrate/Glints2/dict_0004_0226.uasset" 9118
"../../../Engine/Content/EngineMaterials/Substrate/Glints2/dict_0004_0234.uasset" 9119
"../../../Engine/Content/EngineMaterials/Substrate/Glints2/dict_0004_0229.uasset" 9120
"/Engine/EngineMaterials/Substrate/Glints2/dict_0004_0228" 9121
"/Engine/EngineMaterials/Substrate/Glints2/dict_0004_0230" 9122
"/Engine/EngineMaterials/Substrate/Glints2/dict_0004_0225" 9123
"/Engine/EngineMaterials/Substrate/Glints2/dict_0004_0229" 9124
"/Engine/EngineMaterials/Substrate/Glints2/dict_0004_0232" 9125
"/Engine/EngineMaterials/Substrate/Glints2/dict_0004_0227" 9126
"/Engine/EngineMaterials/Substrate/Glints2/dict_0004_0226" 9127
"/Engine/EngineMaterials/Substrate/Glints2/dict_0004_0235" 9128
"/Engine/EngineMaterials/Substrate/Glints2/dict_0004_0234" 9129
"/Engine/EngineMaterials/Substrate/Glints2/dict_0004_0231" 9130
"../../../Engine/Content/EngineMaterials/Substrate/Glints2/dict_0004_0239.uasset" 9131
"../../../Engine/Content/EngineMaterials/Substrate/Glints2/dict_0004_0238.uasset" 9132
"../../../Engine/Content/EngineMaterials/Substrate/Glints2/dict_0004_0242.uasset" 9133
"../../../Engine/Content/EngineMaterials/Substrate/Glints2/dict_0004_0240.uasset" 9134
"../../../Engine/Content/EngineMaterials/Substrate/Glints2/dict_0004_0241.uasset" 9135
"../../../Engine/Content/EngineMaterials/Substrate/Glints2/dict_0004_0243.uasset" 9136
"../../../Engine/Content/EngineMaterials/Substrate/Glints2/dict_0004_0244.uasset" 9137
"/Engine/EngineMaterials/Substrate/Glints2/dict_0004_0244" 9138
"/Engine/EngineMaterials/Substrate/Glints2/dict_0004_0243" 9139
"/Engine/EngineMaterials/Substrate/Glints2/dict_0004_0242" 9140
"/Engine/EngineMaterials/Substrate/Glints2/dict_0004_0241" 9141
"/Engine/EngineMaterials/Substrate/Glints2/dict_0004_0240" 9142
"../../../Engine/Content/EngineMaterials/Substrate/Glints2/dict_0004_0236.uasset" 9143
"/Engine/EngineMaterials/Substrate/Glints2/dict_0004_0239" 9144
"../../../Engine/Content/EngineMaterials/Substrate/Glints2/dict_0004_0237.uasset" 9145
"/Engine/EngineMaterials/Substrate/Glints2/dict_0004_0238" 9146
"/Engine/EngineMaterials/Substrate/Glints2/dict_0004_0237" 9147
"/Engine/EngineMaterials/Substrate/Glints2/dict_0004_0236" 9148
"../../../Engine/Content/EngineMaterials/Substrate/Glints2/dict_0004_0224.uasset" 9149
"../../../Engine/Content/EngineMaterials/Substrate/Glints2/dict_0004_0223.uasset" 9150
"../../../Engine/Content/EngineMaterials/Substrate/Glints2/dict_0004_0252.uasset" 9151
"../../../Engine/Content/EngineMaterials/Substrate/Glints2/dict_0004_0251.uasset" 9152
"../../../Engine/Content/EngineMaterials/Substrate/Glints2/dict_0004_0248.uasset" 9153
"../../../Engine/Content/EngineMaterials/Substrate/Glints2/dict_0004_0245.uasset" 9154
"/Engine/EngineMaterials/Substrate/Glints2/dict_0004_0251" 9155
"/Engine/EngineMaterials/Substrate/Glints2/dict_0004_0224" 9156
"/Engine/EngineMaterials/Substrate/Glints2/dict_0004_0248" 9157
"/Engine/EngineMaterials/Substrate/Glints2/dict_0004_0252" 9158
"/Engine/EngineMaterials/Substrate/Glints2/dict_0004_0223" 9159
"/Engine/EngineMaterials/Substrate/Glints2/dict_0004_0245" 9160
"../../../Engine/Content/EngineMaterials/Substrate/Glints2/dict_0004_0254.uasset" 9161
"../../../Engine/Content/EngineMaterials/Substrate/Glints2/dict_0004_0246.uasset" 9162
"../../../Engine/Content/EngineMaterials/Substrate/Glints2/dict_0004_0249.uasset" 9163
"../../../Engine/Content/EngineMaterials/Substrate/Glints2/dict_0004_0253.uasset" 9164
"../../../Engine/Content/EngineMaterials/Substrate/Glints2/dict_0005_0000.uasset" 9165
"../../../Engine/Content/EngineMaterials/Substrate/Glints2/dict_0004_0247.uasset" 9166
"../../../Engine/Content/EngineMaterials/Substrate/Glints2/dict_0004_0255.uasset" 9167
"../../../Engine/Content/EngineMaterials/Substrate/Glints2/dict_0005_0001.uasset" 9168
"/Engine/EngineMaterials/Substrate/Glints2/dict_0004_0254" 9169
"/Engine/EngineMaterials/Substrate/Glints2/dict_0004_0253" 9170
"/Engine/EngineMaterials/Substrate/Glints2/dict_0005_0001" 9171
"/Engine/EngineMaterials/Substrate/Glints2/dict_0004_0249" 9172
"/Engine/EngineMaterials/Substrate/Glints2/dict_0005_0000" 9173
"/Engine/EngineMaterials/Substrate/Glints2/dict_0004_0247" 9174
"/Engine/EngineMaterials/Substrate/Glints2/dict_0004_0255" 9175
"/Engine/EngineMaterials/Substrate/Glints2/dict_0004_0246" 9176
"../../../Engine/Content/EngineMaterials/Substrate/Glints2/dict_0005_0002.uasset" 9177
"../../../Engine/Content/EngineMaterials/Substrate/Glints2/dict_0004_0233.uasset" 9178
"../../../Engine/Content/EngineMaterials/Substrate/Glints2/dict_0004_0250.uasset" 9179
"../../../Engine/Content/EngineMaterials/Substrate/Glints2/dict_0005_0006.uasset" 9180
"../../../Engine/Content/EngineMaterials/Substrate/Glints2/dict_0005_0003.uasset" 9181
"../../../Engine/Content/EngineMaterials/Substrate/Glints2/dict_0005_0004.uasset" 9182
"../../../Engine/Content/EngineMaterials/Substrate/Glints2/dict_0005_0007.uasset" 9183
"/Engine/EngineMaterials/Substrate/Glints2/dict_0005_0006" 9184
"/Engine/EngineMaterials/Substrate/Glints2/dict_0005_0004" 9185
"/Engine/EngineMaterials/Substrate/Glints2/dict_0005_0003" 9186
"/Engine/EngineMaterials/Substrate/Glints2/dict_0005_0002" 9187
"../../../Engine/Content/EngineMaterials/Substrate/Glints2/dict_0005_0008.uasset" 9188
"/Engine/EngineMaterials/Substrate/Glints2/dict_0004_0250" 9189
"/Engine/EngineMaterials/Substrate/Glints2/dict_0004_0233" 9190
"/Engine/EngineMaterials/Substrate/Glints2/dict_0005_0008" 9191
"/Engine/EngineMaterials/Substrate/Glints2/dict_0005_0007" 9192
"../../../Engine/Content/EngineMaterials/Substrate/Glints2/dict_0005_0009.uasset" 9193
"../../../Engine/Content/EngineMaterials/Substrate/Glints2/dict_0005_0005.uasset" 9194
"../../../Engine/Content/EngineMaterials/Substrate/Glints2/dict_0005_0010.uasset" 9195
"../../../Engine/Content/EngineMaterials/Substrate/Glints2/dict_0005_0011.uasset" 9196
"/Engine/EngineMaterials/Substrate/Glints2/dict_0005_0005" 9197
"/Engine/EngineMaterials/Substrate/Glints2/dict_0005_0011" 9198
"/Engine/EngineMaterials/Substrate/Glints2/dict_0005_0010" 9199
"/Engine/EngineMaterials/Substrate/Glints2/dict_0005_0009" 9200
"../../../Engine/Content/EngineMaterials/Substrate/Glints2/dict_0005_0012.uasset" 9201
"../../../Engine/Content/EngineMaterials/Substrate/Glints2/dict_0005_0013.uasset" 9202
"/Engine/EngineMaterials/Substrate/Glints2/dict_0005_0013" 9203
"/Engine/EngineMaterials/Substrate/Glints2/dict_0005_0012" 9204
"../../../Engine/Content/EngineMaterials/Substrate/Glints2/dict_0005_0016.uasset" 9205
"../../../Engine/Content/EngineMaterials/Substrate/Glints2/dict_0005_0015.uasset" 9206
"/Engine/EngineMaterials/Substrate/Glints2/dict_0005_0015" 9207
"../../../Engine/Content/EngineMaterials/Substrate/Glints2/dict_0005_0019.uasset" 9208
"/Engine/EngineMaterials/Substrate/Glints2/dict_0005_0016" 9209
"/Engine/EngineMaterials/Substrate/Glints2/dict_0005_0019" 9210
"../../../Engine/Content/EngineMaterials/Substrate/Glints2/dict_0005_0023.uasset" 9211
"../../../Engine/Content/EngineMaterials/Substrate/Glints2/dict_0005_0017.uasset" 9212
"../../../Engine/Content/EngineMaterials/Substrate/Glints2/dict_0005_0020.uasset" 9213
"../../../Engine/Content/EngineMaterials/Substrate/Glints2/dict_0005_0024.uasset" 9214
"../../../Engine/Content/EngineMaterials/Substrate/Glints2/dict_0005_0025.uasset" 9215
"../../../Engine/Content/EngineMaterials/Substrate/Glints2/dict_0005_0018.uasset" 9216
"../../../Engine/Content/EngineMaterials/Substrate/Glints2/dict_0005_0022.uasset" 9217
"../../../Engine/Content/EngineMaterials/Substrate/Glints2/dict_0005_0021.uasset" 9218
"/Engine/EngineMaterials/Substrate/Glints2/dict_0005_0023" 9219
"/Engine/EngineMaterials/Substrate/Glints2/dict_0005_0017" 9220
"/Engine/EngineMaterials/Substrate/Glints2/dict_0005_0022" 9221
"/Engine/EngineMaterials/Substrate/Glints2/dict_0005_0021" 9222
"/Engine/EngineMaterials/Substrate/Glints2/dict_0005_0020" 9223
"/Engine/EngineMaterials/Substrate/Glints2/dict_0005_0025" 9224
"/Engine/EngineMaterials/Substrate/Glints2/dict_0005_0024" 9225
"/Engine/EngineMaterials/Substrate/Glints2/dict_0005_0018" 9226
"../../../Engine/Content/EngineMaterials/Substrate/Glints2/dict_0005_0028.uasset" 9227
"../../../Engine/Content/EngineMaterials/Substrate/Glints2/dict_0005_0026.uasset" 9228
"../../../Engine/Content/EngineMaterials/Substrate/Glints2/dict_0005_0027.uasset" 9229
"/Engine/EngineMaterials/Substrate/Glints2/dict_0005_0028" 9230
"/Engine/EngineMaterials/Substrate/Glints2/dict_0005_0027" 9231
"/Engine/EngineMaterials/Substrate/Glints2/dict_0005_0026" 9232
"../../../Engine/Content/EngineMaterials/Substrate/Glints2/dict_0005_0029.uasset" 9233
"../../../Engine/Content/EngineMaterials/Substrate/Glints2/dict_0005_0033.uasset" 9234
"../../../Engine/Content/EngineMaterials/Substrate/Glints2/dict_0005_0034.uasset" 9235
"../../../Engine/Content/EngineMaterials/Substrate/Glints2/dict_0005_0035.uasset" 9236
"../../../Engine/Content/EngineMaterials/Substrate/Glints2/dict_0005_0032.uasset" 9237
"../../../Engine/Content/EngineMaterials/Substrate/Glints2/dict_0005_0036.uasset" 9238
"/Engine/EngineMaterials/Substrate/Glints2/dict_0005_0036" 9239
"../../../Engine/Content/EngineMaterials/Substrate/Glints2/dict_0005_0039.uasset" 9240
"../../../Engine/Content/EngineMaterials/Substrate/Glints2/dict_0005_0038.uasset" 9241
"/Engine/EngineMaterials/Substrate/Glints2/dict_0005_0034" 9242
"/Engine/EngineMaterials/Substrate/Glints2/dict_0005_0033" 9243
"/Engine/EngineMaterials/Substrate/Glints2/dict_0005_0029" 9244
"/Engine/EngineMaterials/Substrate/Glints2/dict_0005_0032" 9245
"/Engine/EngineMaterials/Substrate/Glints2/dict_0005_0039" 9246
"/Engine/EngineMaterials/Substrate/Glints2/dict_0005_0038" 9247
"/Engine/EngineMaterials/Substrate/Glints2/dict_0005_0035" 9248
"../../../Engine/Content/EngineMaterials/Substrate/Glints2/dict_0005_0037.uasset" 9249
"../../../Engine/Content/EngineMaterials/Substrate/Glints2/dict_0005_0040.uasset" 9250
"/Engine/EngineMaterials/Substrate/Glints2/dict_0005_0037" 9251
"../../../Engine/Content/EngineMaterials/Substrate/Glints2/dict_0005_0042.uasset" 9252
"/Engine/EngineMaterials/Substrate/Glints2/dict_0005_0042" 9253
"/Engine/EngineMaterials/Substrate/Glints2/dict_0005_0040" 9254
"../../../Engine/Content/EngineMaterials/Substrate/Glints2/dict_0005_0031.uasset" 9255
"../../../Engine/Content/EngineMaterials/Substrate/Glints2/dict_0005_0030.uasset" 9256
"../../../Engine/Content/EngineMaterials/Substrate/Glints2/dict_0005_0041.uasset" 9257
"../../../Engine/Content/EngineMaterials/Substrate/Glints2/dict_0005_0044.uasset" 9258
"../../../Engine/Content/EngineMaterials/Substrate/Glints2/dict_0005_0047.uasset" 9259
"../../../Engine/Content/EngineMaterials/Substrate/Glints2/dict_0005_0048.uasset" 9260
"../../../Engine/Content/EngineMaterials/Substrate/Glints2/dict_0005_0046.uasset" 9261
"../../../Engine/Content/EngineMaterials/Substrate/Glints2/dict_0005_0043.uasset" 9262
"/Engine/EngineMaterials/Substrate/Glints2/dict_0005_0047" 9263
"/Engine/EngineMaterials/Substrate/Glints2/dict_0005_0043" 9264
"../../../Engine/Content/EngineMaterials/Substrate/Glints2/dict_0005_0045.uasset" 9265
"/Engine/EngineMaterials/Substrate/Glints2/dict_0005_0031" 9266
"../../../Engine/Content/EngineMaterials/Substrate/Glints2/dict_0005_0049.uasset" 9267
"/Engine/EngineMaterials/Substrate/Glints2/dict_0005_0030" 9268
"/Engine/EngineMaterials/Substrate/Glints2/dict_0005_0046" 9269
"/Engine/EngineMaterials/Substrate/Glints2/dict_0005_0048" 9270
"/Engine/EngineMaterials/Substrate/Glints2/dict_0005_0044" 9271
"/Engine/EngineMaterials/Substrate/Glints2/dict_0005_0041" 9272
"/Engine/EngineMaterials/Substrate/Glints2/dict_0005_0045" 9273
"/Engine/EngineMaterials/Substrate/Glints2/dict_0005_0049" 9274
"../../../Engine/Content/EngineMaterials/Substrate/Glints2/dict_0005_0050.uasset" 9275
"/Engine/EngineMaterials/Substrate/Glints2/dict_0005_0050" 9276
"../../../Engine/Content/EngineMaterials/Substrate/Glints2/dict_0005_0054.uasset" 9277
"../../../Engine/Content/EngineMaterials/Substrate/Glints2/dict_0005_0051.uasset" 9278
"../../../Engine/Content/EngineMaterials/Substrate/Glints2/dict_0005_0053.uasset" 9279
"../../../Engine/Content/EngineMaterials/Substrate/Glints2/dict_0005_0052.uasset" 9280
"../../../Engine/Content/EngineMaterials/Substrate/Glints2/dict_0005_0014.uasset" 9281
"/Engine/EngineMaterials/Substrate/Glints2/dict_0005_0014" 9282
"../../../Engine/Content/EngineMaterials/Substrate/Glints2/dict_0005_0055.uasset" 9283
"/Engine/EngineMaterials/Substrate/Glints2/dict_0005_0054" 9284
"/Engine/EngineMaterials/Substrate/Glints2/dict_0005_0053" 9285
"/Engine/EngineMaterials/Substrate/Glints2/dict_0005_0052" 9286
"/Engine/EngineMaterials/Substrate/Glints2/dict_0005_0051" 9287
"/Engine/EngineMaterials/Substrate/Glints2/dict_0005_0055" 9288
"../../../Engine/Content/EngineMaterials/Substrate/Glints2/dict_0005_0056.uasset" 9289
"/Engine/EngineMaterials/Substrate/Glints2/dict_0005_0056" 9290
"../../../Engine/Content/EngineMaterials/Substrate/Glints2/dict_0005_0057.uasset" 9291
"../../../Engine/Content/EngineMaterials/Substrate/Glints2/dict_0005_0059.uasset" 9292
"../../../Engine/Content/EngineMaterials/Substrate/Glints2/dict_0005_0061.uasset" 9293
"../../../Engine/Content/EngineMaterials/Substrate/Glints2/dict_0005_0062.uasset" 9294
"../../../Engine/Content/EngineMaterials/Substrate/Glints2/dict_0005_0060.uasset" 9295
"/Engine/EngineMaterials/Substrate/Glints2/dict_0005_0062" 9296
"/Engine/EngineMaterials/Substrate/Glints2/dict_0005_0061" 9297
"/Engine/EngineMaterials/Substrate/Glints2/dict_0005_0059" 9298
"/Engine/EngineMaterials/Substrate/Glints2/dict_0005_0057" 9299
"/Engine/EngineMaterials/Substrate/Glints2/dict_0005_0060" 9300
"../../../Engine/Content/EngineMaterials/Substrate/Glints2/dict_0005_0058.uasset" 9301
"../../../Engine/Content/EngineMaterials/Substrate/Glints2/dict_0005_0065.uasset" 9302
"/Engine/EngineMaterials/Substrate/Glints2/dict_0005_0065" 9303
"/Engine/EngineMaterials/Substrate/Glints2/dict_0005_0058" 9304
"../../../Engine/Content/EngineMaterials/Substrate/Glints2/dict_0005_0067.uasset" 9305
"../../../Engine/Content/EngineMaterials/Substrate/Glints2/dict_0005_0066.uasset" 9306
"../../../Engine/Content/EngineMaterials/Substrate/Glints2/dict_0005_0068.uasset" 9307
"../../../Engine/Content/EngineMaterials/Substrate/Glints2/dict_0005_0070.uasset" 9308
"/Engine/EngineMaterials/Substrate/Glints2/dict_0005_0067" 9309
"../../../Engine/Content/EngineMaterials/Substrate/Glints2/dict_0005_0063.uasset" 9310
"/Engine/EngineMaterials/Substrate/Glints2/dict_0005_0066" 9311
"/Engine/EngineMaterials/Substrate/Glints2/dict_0005_0068" 9312
"/Engine/EngineMaterials/Substrate/Glints2/dict_0005_0070" 9313
"/Engine/EngineMaterials/Substrate/Glints2/dict_0005_0063" 9314
"../../../Engine/Content/EngineMaterials/Substrate/Glints2/dict_0005_0072.uasset" 9315
"../../../Engine/Content/EngineMaterials/Substrate/Glints2/dict_0005_0074.uasset" 9316
"/Engine/EngineMaterials/Substrate/Glints2/dict_0005_0074" 9317
"../../../Engine/Content/EngineMaterials/Substrate/Glints2/dict_0005_0076.uasset" 9318
"../../../Engine/Content/EngineMaterials/Substrate/Glints2/dict_0005_0075.uasset" 9319
"/Engine/EngineMaterials/Substrate/Glints2/dict_0005_0072" 9320
"/Engine/EngineMaterials/Substrate/Glints2/dict_0005_0076" 9321
"/Engine/EngineMaterials/Substrate/Glints2/dict_0005_0075" 9322
"../../../Engine/Content/EngineMaterials/Substrate/Glints2/dict_0005_0071.uasset" 9323
"../../../Engine/Content/EngineMaterials/Substrate/Glints2/dict_0005_0077.uasset" 9324
"../../../Engine/Content/EngineMaterials/Substrate/Glints2/dict_0005_0073.uasset" 9325
"../../../Engine/Content/EngineMaterials/Substrate/Glints2/dict_0005_0078.uasset" 9326
"../../../Engine/Content/EngineMaterials/Substrate/Glints2/dict_0005_0064.uasset" 9327
"../../../Engine/Content/EngineMaterials/Substrate/Glints2/dict_0005_0080.uasset" 9328
"../../../Engine/Content/EngineMaterials/Substrate/Glints2/dict_0005_0081.uasset" 9329
"../../../Engine/Content/EngineMaterials/Substrate/Glints2/dict_0005_0079.uasset" 9330
"/Engine/EngineMaterials/Substrate/Glints2/dict_0005_0078" 9331
"/Engine/EngineMaterials/Substrate/Glints2/dict_0005_0077" 9332
"/Engine/EngineMaterials/Substrate/Glints2/dict_0005_0080" 9333
"/Engine/EngineMaterials/Substrate/Glints2/dict_0005_0064" 9334
"/Engine/EngineMaterials/Substrate/Glints2/dict_0005_0073" 9335
"/Engine/EngineMaterials/Substrate/Glints2/dict_0005_0081" 9336
"/Engine/EngineMaterials/Substrate/Glints2/dict_0005_0071" 9337
"/Engine/EngineMaterials/Substrate/Glints2/dict_0005_0079" 9338
"../../../Engine/Content/EngineMaterials/Substrate/Glints2/dict_0005_0082.uasset" 9339
"/Engine/EngineMaterials/Substrate/Glints2/dict_0005_0082" 9340
"../../../Engine/Content/EngineMaterials/Substrate/Glints2/dict_0005_0084.uasset" 9341
"/Engine/EngineMaterials/Substrate/Glints2/dict_0005_0084" 9342
"../../../Engine/Content/EngineMaterials/Substrate/Glints2/dict_0005_0086.uasset" 9343
"../../../Engine/Content/EngineMaterials/Substrate/Glints2/dict_0005_0085.uasset" 9344
"/Engine/EngineMaterials/Substrate/Glints2/dict_0005_0086" 9345
"/Engine/EngineMaterials/Substrate/Glints2/dict_0005_0085" 9346
"../../../Engine/Content/EngineMaterials/Substrate/Glints2/dict_0005_0069.uasset" 9347
"/Engine/EngineMaterials/Substrate/Glints2/dict_0005_0069" 9348
"../../../Engine/Content/EngineMaterials/Substrate/Glints2/dict_0005_0088.uasset" 9349
"../../../Engine/Content/EngineMaterials/Substrate/Glints2/dict_0005_0083.uasset" 9350
"../../../Engine/Content/EngineMaterials/Substrate/Glints2/dict_0005_0087.uasset" 9351
"../../../Engine/Content/EngineMaterials/Substrate/Glints2/dict_0005_0091.uasset" 9352
"/Engine/EngineMaterials/Substrate/Glints2/dict_0005_0088" 9353
"/Engine/EngineMaterials/Substrate/Glints2/dict_0005_0087" 9354
"/Engine/EngineMaterials/Substrate/Glints2/dict_0005_0083" 9355
"/Engine/EngineMaterials/Substrate/Glints2/dict_0005_0091" 9356
"../../../Engine/Content/EngineMaterials/Substrate/Glints2/dict_0005_0090.uasset" 9357
"/Engine/EngineMaterials/Substrate/Glints2/dict_0005_0090" 9358
"../../../Engine/Content/EngineMaterials/Substrate/Glints2/dict_0005_0092.uasset" 9359
"../../../Engine/Content/EngineMaterials/Substrate/Glints2/dict_0005_0089.uasset" 9360
"../../../Engine/Content/EngineMaterials/Substrate/Glints2/dict_0005_0094.uasset" 9361
"../../../Engine/Content/EngineMaterials/Substrate/Glints2/dict_0005_0096.uasset" 9362
"../../../Engine/Content/EngineMaterials/Substrate/Glints2/dict_0005_0095.uasset" 9363
"/Engine/EngineMaterials/Substrate/Glints2/dict_0005_0095" 9364
"../../../Engine/Content/EngineMaterials/Substrate/Glints2/dict_0005_0099.uasset" 9365
"../../../Engine/Content/EngineMaterials/Substrate/Glints2/dict_0005_0098.uasset" 9366
"/Engine/EngineMaterials/Substrate/Glints2/dict_0005_0092" 9367
"../../../Engine/Content/EngineMaterials/Substrate/Glints2/dict_0005_0093.uasset" 9368
"/Engine/EngineMaterials/Substrate/Glints2/dict_0005_0094" 9369
"/Engine/EngineMaterials/Substrate/Glints2/dict_0005_0089" 9370
"/Engine/EngineMaterials/Substrate/Glints2/dict_0005_0096" 9371
"/Engine/EngineMaterials/Substrate/Glints2/dict_0005_0099" 9372
"/Engine/EngineMaterials/Substrate/Glints2/dict_0005_0098" 9373
"/Engine/EngineMaterials/Substrate/Glints2/dict_0005_0093" 9374
"../../../Engine/Content/EngineMaterials/Substrate/Glints2/dict_0005_0102.uasset" 9375
"../../../Engine/Content/EngineMaterials/Substrate/Glints2/dict_0005_0105.uasset" 9376
"../../../Engine/Content/EngineMaterials/Substrate/Glints2/dict_0005_0103.uasset" 9377
"../../../Engine/Content/EngineMaterials/Substrate/Glints2/dict_0005_0104.uasset" 9378
"/Engine/EngineMaterials/Substrate/Glints2/dict_0005_0104" 9379
"/Engine/EngineMaterials/Substrate/Glints2/dict_0005_0103" 9380
"/Engine/EngineMaterials/Substrate/Glints2/dict_0005_0102" 9381
"/Engine/EngineMaterials/Substrate/Glints2/dict_0005_0105" 9382
"../../../Engine/Content/EngineMaterials/Substrate/Glints2/dict_0005_0106.uasset" 9383
"../../../Engine/Content/EngineMaterials/Substrate/Glints2/dict_0005_0107.uasset" 9384
"../../../Engine/Content/EngineMaterials/Substrate/Glints2/dict_0005_0108.uasset" 9385
"../../../Engine/Content/EngineMaterials/Substrate/Glints2/dict_0005_0101.uasset" 9386
"../../../Engine/Content/EngineMaterials/Substrate/Glints2/dict_0005_0097.uasset" 9387
"../../../Engine/Content/EngineMaterials/Substrate/Glints2/dict_0005_0100.uasset" 9388
"/Engine/EngineMaterials/Substrate/Glints2/dict_0005_0097" 9389
"/Engine/EngineMaterials/Substrate/Glints2/dict_0005_0100" 9390
"/Engine/EngineMaterials/Substrate/Glints2/dict_0005_0108" 9391
"/Engine/EngineMaterials/Substrate/Glints2/dict_0005_0101" 9392
"/Engine/EngineMaterials/Substrate/Glints2/dict_0005_0107" 9393
"/Engine/EngineMaterials/Substrate/Glints2/dict_0005_0106" 9394
"../../../Engine/Content/EngineMaterials/Substrate/Glints2/dict_0005_0113.uasset" 9395
"../../../Engine/Content/EngineMaterials/Substrate/Glints2/dict_0005_0109.uasset" 9396
"../../../Engine/Content/EngineMaterials/Substrate/Glints2/dict_0005_0114.uasset" 9397
"../../../Engine/Content/EngineMaterials/Substrate/Glints2/dict_0005_0111.uasset" 9398
"../../../Engine/Content/EngineMaterials/Substrate/Glints2/dict_0005_0110.uasset" 9399
"../../../Engine/Content/EngineMaterials/Substrate/Glints2/dict_0005_0115.uasset" 9400
"/Engine/EngineMaterials/Substrate/Glints2/dict_0005_0111" 9401
"/Engine/EngineMaterials/Substrate/Glints2/dict_0005_0110" 9402
"../../../Engine/Content/EngineMaterials/Substrate/Glints2/dict_0005_0117.uasset" 9403
"/Engine/EngineMaterials/Substrate/Glints2/dict_0005_0109" 9404
"/Engine/EngineMaterials/Substrate/Glints2/dict_0005_0115" 9405
"/Engine/EngineMaterials/Substrate/Glints2/dict_0005_0114" 9406
"/Engine/EngineMaterials/Substrate/Glints2/dict_0005_0113" 9407
"/Engine/EngineMaterials/Substrate/Glints2/dict_0005_0117" 9408
"../../../Engine/Content/EngineMaterials/Substrate/Glints2/dict_0005_0116.uasset" 9409
"../../../Engine/Content/EngineMaterials/Substrate/Glints2/dict_0005_0118.uasset" 9410
"../../../Engine/Content/EngineMaterials/Substrate/Glints2/dict_0005_0119.uasset" 9411
"../../../Engine/Content/EngineMaterials/Substrate/Glints2/dict_0005_0120.uasset" 9412
"/Engine/EngineMaterials/Substrate/Glints2/dict_0005_0120" 9413
"/Engine/EngineMaterials/Substrate/Glints2/dict_0005_0116" 9414
"/Engine/EngineMaterials/Substrate/Glints2/dict_0005_0119" 9415
"/Engine/EngineMaterials/Substrate/Glints2/dict_0005_0118" 9416
"../../../Engine/Content/EngineMaterials/Substrate/Glints2/dict_0005_0112.uasset" 9417
"../../../Engine/Content/EngineMaterials/Substrate/Glints2/dict_0005_0121.uasset" 9418
"../../../Engine/Content/EngineMaterials/Substrate/Glints2/dict_0005_0122.uasset" 9419
"/Engine/EngineMaterials/Substrate/Glints2/dict_0005_0112" 9420
"/Engine/EngineMaterials/Substrate/Glints2/dict_0005_0121" 9421
"/Engine/EngineMaterials/Substrate/Glints2/dict_0005_0122" 9422
"../../../Engine/Content/EngineMaterials/Substrate/Glints2/dict_0005_0125.uasset" 9423
"../../../Engine/Content/EngineMaterials/Substrate/Glints2/dict_0005_0127.uasset" 9424
"../../../Engine/Content/EngineMaterials/Substrate/Glints2/dict_0005_0124.uasset" 9425
"/Engine/EngineMaterials/Substrate/Glints2/dict_0005_0127" 9426
"../../../Engine/Content/EngineMaterials/Substrate/Glints2/dict_0005_0123.uasset" 9427
"../../../Engine/Content/EngineMaterials/Substrate/Glints2/dict_0005_0126.uasset" 9428
"/Engine/EngineMaterials/Substrate/Glints2/dict_0005_0125" 9429
"/Engine/EngineMaterials/Substrate/Glints2/dict_0005_0124" 9430
"/Engine/EngineMaterials/Substrate/Glints2/dict_0005_0126" 9431
"/Engine/EngineMaterials/Substrate/Glints2/dict_0005_0123" 9432
"../../../Engine/Content/EngineMaterials/Substrate/Glints2/dict_0005_0130.uasset" 9433
"../../../Engine/Content/EngineMaterials/Substrate/Glints2/dict_0005_0132.uasset" 9434
"../../../Engine/Content/EngineMaterials/Substrate/Glints2/dict_0005_0131.uasset" 9435
"../../../Engine/Content/EngineMaterials/Substrate/Glints2/dict_0005_0129.uasset" 9436
"../../../Engine/Content/EngineMaterials/Substrate/Glints2/dict_0005_0133.uasset" 9437
"/Engine/EngineMaterials/Substrate/Glints2/dict_0005_0130" 9438
"/Engine/EngineMaterials/Substrate/Glints2/dict_0005_0129" 9439
"/Engine/EngineMaterials/Substrate/Glints2/dict_0005_0133" 9440
"../../../Engine/Content/EngineMaterials/Substrate/Glints2/dict_0005_0137.uasset" 9441
"/Engine/EngineMaterials/Substrate/Glints2/dict_0005_0132" 9442
"/Engine/EngineMaterials/Substrate/Glints2/dict_0005_0131" 9443
"../../../Engine/Content/EngineMaterials/Substrate/Glints2/dict_0005_0139.uasset" 9444
"../../../Engine/Content/EngineMaterials/Substrate/Glints2/dict_0005_0140.uasset" 9445
"/Engine/EngineMaterials/Substrate/Glints2/dict_0005_0137" 9446
"/Engine/EngineMaterials/Substrate/Glints2/dict_0005_0140" 9447
"../../../Engine/Content/EngineMaterials/Substrate/Glints2/dict_0005_0128.uasset" 9448
"/Engine/EngineMaterials/Substrate/Glints2/dict_0005_0139" 9449
"/Engine/EngineMaterials/Substrate/Glints2/dict_0005_0128" 9450
"../../../Engine/Content/EngineMaterials/Substrate/Glints2/dict_0005_0136.uasset" 9451
"../../../Engine/Content/EngineMaterials/Substrate/Glints2/dict_0005_0135.uasset" 9452
"../../../Engine/Content/EngineMaterials/Substrate/Glints2/dict_0005_0138.uasset" 9453
"../../../Engine/Content/EngineMaterials/Substrate/Glints2/dict_0005_0144.uasset" 9454
"../../../Engine/Content/EngineMaterials/Substrate/Glints2/dict_0005_0146.uasset" 9455
"../../../Engine/Content/EngineMaterials/Substrate/Glints2/dict_0005_0142.uasset" 9456
"../../../Engine/Content/EngineMaterials/Substrate/Glints2/dict_0005_0141.uasset" 9457
"../../../Engine/Content/EngineMaterials/Substrate/Glints2/dict_0005_0143.uasset" 9458
"/Engine/EngineMaterials/Substrate/Glints2/dict_0005_0146" 9459
"../../../Engine/Content/EngineMaterials/Substrate/Glints2/dict_0005_0147.uasset" 9460
"/Engine/EngineMaterials/Substrate/Glints2/dict_0005_0144" 9461
"../../../Engine/Content/EngineMaterials/Substrate/Glints2/dict_0005_0145.uasset" 9462
"/Engine/EngineMaterials/Substrate/Glints2/dict_0005_0143" 9463
"../../../Engine/Content/EngineMaterials/Substrate/Glints2/dict_0005_0148.uasset" 9464
"/Engine/EngineMaterials/Substrate/Glints2/dict_0005_0142" 9465
"/Engine/EngineMaterials/Substrate/Glints2/dict_0005_0138" 9466
"/Engine/EngineMaterials/Substrate/Glints2/dict_0005_0141" 9467
"/Engine/EngineMaterials/Substrate/Glints2/dict_0005_0136" 9468
"../../../Engine/Content/EngineMaterials/Substrate/Glints2/dict_0005_0134.uasset" 9469
"/Engine/EngineMaterials/Substrate/Glints2/dict_0005_0135" 9470
"/Engine/EngineMaterials/Substrate/Glints2/dict_0005_0145" 9471
"/Engine/EngineMaterials/Substrate/Glints2/dict_0005_0134" 9472
"/Engine/EngineMaterials/Substrate/Glints2/dict_0005_0148" 9473
"/Engine/EngineMaterials/Substrate/Glints2/dict_0005_0147" 9474
"../../../Engine/Content/EngineMaterials/Substrate/Glints2/dict_0005_0149.uasset" 9475
"../../../Engine/Content/EngineMaterials/Substrate/Glints2/dict_0005_0151.uasset" 9476
"../../../Engine/Content/EngineMaterials/Substrate/Glints2/dict_0005_0150.uasset" 9477
"/Engine/EngineMaterials/Substrate/Glints2/dict_0005_0151" 9478
"/Engine/EngineMaterials/Substrate/Glints2/dict_0005_0150" 9479
"/Engine/EngineMaterials/Substrate/Glints2/dict_0005_0149" 9480
"../../../Engine/Content/EngineMaterials/Substrate/Glints2/dict_0005_0157.uasset" 9481
"../../../Engine/Content/EngineMaterials/Substrate/Glints2/dict_0005_0156.uasset" 9482
"/Engine/EngineMaterials/Substrate/Glints2/dict_0005_0157" 9483
"/Engine/EngineMaterials/Substrate/Glints2/dict_0005_0156" 9484
"../../../Engine/Content/EngineMaterials/Substrate/Glints2/dict_0005_0154.uasset" 9485
"../../../Engine/Content/EngineMaterials/Substrate/Glints2/dict_0005_0153.uasset" 9486
"../../../Engine/Content/EngineMaterials/Substrate/Glints2/dict_0005_0152.uasset" 9487
"../../../Engine/Content/EngineMaterials/Substrate/Glints2/dict_0005_0155.uasset" 9488
"/Engine/EngineMaterials/Substrate/Glints2/dict_0005_0154" 9489
"/Engine/EngineMaterials/Substrate/Glints2/dict_0005_0153" 9490
"/Engine/EngineMaterials/Substrate/Glints2/dict_0005_0152" 9491
"/Engine/EngineMaterials/Substrate/Glints2/dict_0005_0155" 9492
"../../../Engine/Content/EngineMaterials/Substrate/Glints2/dict_0005_0159.uasset" 9493
"../../../Engine/Content/EngineMaterials/Substrate/Glints2/dict_0005_0160.uasset" 9494
"../../../Engine/Content/EngineMaterials/Substrate/Glints2/dict_0005_0161.uasset" 9495
"../../../Engine/Content/EngineMaterials/Substrate/Glints2/dict_0005_0163.uasset" 9496
"../../../Engine/Content/EngineMaterials/Substrate/Glints2/dict_0005_0162.uasset" 9497
"../../../Engine/Content/EngineMaterials/Substrate/Glints2/dict_0005_0164.uasset" 9498
"/Engine/EngineMaterials/Substrate/Glints2/dict_0005_0163" 9499
"/Engine/EngineMaterials/Substrate/Glints2/dict_0005_0162" 9500
"/Engine/EngineMaterials/Substrate/Glints2/dict_0005_0161" 9501
"/Engine/EngineMaterials/Substrate/Glints2/dict_0005_0159" 9502
"/Engine/EngineMaterials/Substrate/Glints2/dict_0005_0160" 9503
"/Engine/EngineMaterials/Substrate/Glints2/dict_0005_0164" 9504
"../../../Engine/Content/EngineMaterials/Substrate/Glints2/dict_0005_0158.uasset" 9505
"../../../Engine/Content/EngineMaterials/Substrate/Glints2/dict_0005_0166.uasset" 9506
"/Engine/EngineMaterials/Substrate/Glints2/dict_0005_0166" 9507
"/Engine/EngineMaterials/Substrate/Glints2/dict_0005_0158" 9508
"../../../Engine/Content/EngineMaterials/Substrate/Glints2/dict_0005_0173.uasset" 9509
"../../../Engine/Content/EngineMaterials/Substrate/Glints2/dict_0005_0171.uasset" 9510
"../../../Engine/Content/EngineMaterials/Substrate/Glints2/dict_0005_0170.uasset" 9511
"../../../Engine/Content/EngineMaterials/Substrate/Glints2/dict_0005_0168.uasset" 9512
"../../../Engine/Content/EngineMaterials/Substrate/Glints2/dict_0005_0165.uasset" 9513
"/Engine/EngineMaterials/Substrate/Glints2/dict_0005_0168" 9514
"../../../Engine/Content/EngineMaterials/Substrate/Glints2/dict_0005_0167.uasset" 9515
"/Engine/EngineMaterials/Substrate/Glints2/dict_0005_0173" 9516
"/Engine/EngineMaterials/Substrate/Glints2/dict_0005_0165" 9517
"/Engine/EngineMaterials/Substrate/Glints2/dict_0005_0171" 9518
"/Engine/EngineMaterials/Substrate/Glints2/dict_0005_0170" 9519
"../../../Engine/Content/EngineMaterials/Substrate/Glints2/dict_0005_0181.uasset" 9520
"/Engine/EngineMaterials/Substrate/Glints2/dict_0005_0167" 9521
"../../../Engine/Content/EngineMaterials/Substrate/Glints2/dict_0005_0179.uasset" 9522
"/Engine/EngineMaterials/Substrate/Glints2/dict_0005_0179" 9523
"../../../Engine/Content/EngineMaterials/Substrate/Glints2/dict_0005_0178.uasset" 9524
"/Engine/EngineMaterials/Substrate/Glints2/dict_0005_0181" 9525
"/Engine/EngineMaterials/Substrate/Glints2/dict_0005_0178" 9526
"../../../Engine/Content/EngineMaterials/Substrate/Glints2/dict_0005_0174.uasset" 9527
"../../../Engine/Content/EngineMaterials/Substrate/Glints2/dict_0005_0176.uasset" 9528
"../../../Engine/Content/EngineMaterials/Substrate/Glints2/dict_0005_0172.uasset" 9529
"../../../Engine/Content/EngineMaterials/Substrate/Glints2/dict_0005_0180.uasset" 9530
"../../../Engine/Content/EngineMaterials/Substrate/Glints2/dict_0005_0182.uasset" 9531
"../../../Engine/Content/EngineMaterials/Substrate/Glints2/dict_0005_0177.uasset" 9532
"../../../Engine/Content/EngineMaterials/Substrate/Glints2/dict_0005_0175.uasset" 9533
"/Engine/EngineMaterials/Substrate/Glints2/dict_0005_0176" 9534
"/Engine/EngineMaterials/Substrate/Glints2/dict_0005_0182" 9535
"/Engine/EngineMaterials/Substrate/Glints2/dict_0005_0180" 9536
"/Engine/EngineMaterials/Substrate/Glints2/dict_0005_0175" 9537
"/Engine/EngineMaterials/Substrate/Glints2/dict_0005_0174" 9538
"/Engine/EngineMaterials/Substrate/Glints2/dict_0005_0172" 9539
"/Engine/EngineMaterials/Substrate/Glints2/dict_0005_0177" 9540
"../../../Engine/Content/EngineMaterials/Substrate/Glints2/dict_0005_0184.uasset" 9541
"../../../Engine/Content/EngineMaterials/Substrate/Glints2/dict_0005_0185.uasset" 9542
"../../../Engine/Content/EngineMaterials/Substrate/Glints2/dict_0005_0169.uasset" 9543
"../../../Engine/Content/EngineMaterials/Substrate/Glints2/dict_0005_0186.uasset" 9544
"/Engine/EngineMaterials/Substrate/Glints2/dict_0005_0185" 9545
"/Engine/EngineMaterials/Substrate/Glints2/dict_0005_0184" 9546
"/Engine/EngineMaterials/Substrate/Glints2/dict_0005_0186" 9547
"/Engine/EngineMaterials/Substrate/Glints2/dict_0005_0169" 9548
"../../../Engine/Content/EngineMaterials/Substrate/Glints2/dict_0005_0188.uasset" 9549
"../../../Engine/Content/EngineMaterials/Substrate/Glints2/dict_0005_0183.uasset" 9550
"../../../Engine/Content/EngineMaterials/Substrate/Glints2/dict_0005_0190.uasset" 9551
"../../../Engine/Content/EngineMaterials/Substrate/Glints2/dict_0005_0187.uasset" 9552
"../../../Engine/Content/EngineMaterials/Substrate/Glints2/dict_0005_0189.uasset" 9553
"/Engine/EngineMaterials/Substrate/Glints2/dict_0005_0189" 9554
"/Engine/EngineMaterials/Substrate/Glints2/dict_0005_0183" 9555
"/Engine/EngineMaterials/Substrate/Glints2/dict_0005_0188" 9556
"../../../Engine/Content/EngineMaterials/Substrate/Glints2/dict_0005_0191.uasset" 9557
"/Engine/EngineMaterials/Substrate/Glints2/dict_0005_0187" 9558
"/Engine/EngineMaterials/Substrate/Glints2/dict_0005_0190" 9559
"/Engine/EngineMaterials/Substrate/Glints2/dict_0005_0191" 9560
"../../../Engine/Content/EngineMaterials/Substrate/Glints2/dict_0005_0193.uasset" 9561
"../../../Engine/Content/EngineMaterials/Substrate/Glints2/dict_0005_0194.uasset" 9562
"../../../Engine/Content/EngineMaterials/Substrate/Glints2/dict_0005_0198.uasset" 9563
"../../../Engine/Content/EngineMaterials/Substrate/Glints2/dict_0005_0197.uasset" 9564
"../../../Engine/Content/EngineMaterials/Substrate/Glints2/dict_0005_0195.uasset" 9565
"/Engine/EngineMaterials/Substrate/Glints2/dict_0005_0195" 9566
"../../../Engine/Content/EngineMaterials/Substrate/Glints2/dict_0005_0196.uasset" 9567
"/Engine/EngineMaterials/Substrate/Glints2/dict_0005_0194" 9568
"/Engine/EngineMaterials/Substrate/Glints2/dict_0005_0197" 9569
"/Engine/EngineMaterials/Substrate/Glints2/dict_0005_0193" 9570
"/Engine/EngineMaterials/Substrate/Glints2/dict_0005_0198" 9571
"/Engine/EngineMaterials/Substrate/Glints2/dict_0005_0196" 9572
"../../../Engine/Content/EngineMaterials/Substrate/Glints2/dict_0005_0201.uasset" 9573
"../../../Engine/Content/EngineMaterials/Substrate/Glints2/dict_0005_0199.uasset" 9574
"../../../Engine/Content/EngineMaterials/Substrate/Glints2/dict_0005_0202.uasset" 9575
"../../../Engine/Content/EngineMaterials/Substrate/Glints2/dict_0005_0200.uasset" 9576
"/Engine/EngineMaterials/Substrate/Glints2/dict_0005_0202" 9577
"/Engine/EngineMaterials/Substrate/Glints2/dict_0005_0201" 9578
"/Engine/EngineMaterials/Substrate/Glints2/dict_0005_0200" 9579
"/Engine/EngineMaterials/Substrate/Glints2/dict_0005_0199" 9580
"../../../Engine/Content/EngineMaterials/Substrate/Glints2/dict_0005_0192.uasset" 9581
"../../../Engine/Content/EngineMaterials/Substrate/Glints2/dict_0005_0205.uasset" 9582
"../../../Engine/Content/EngineMaterials/Substrate/Glints2/dict_0005_0206.uasset" 9583
"../../../Engine/Content/EngineMaterials/Substrate/Glints2/dict_0005_0207.uasset" 9584
"../../../Engine/Content/EngineMaterials/Substrate/Glints2/dict_0005_0209.uasset" 9585
"../../../Engine/Content/EngineMaterials/Substrate/Glints2/dict_0005_0208.uasset" 9586
"/Engine/EngineMaterials/Substrate/Glints2/dict_0005_0205" 9587
"/Engine/EngineMaterials/Substrate/Glints2/dict_0005_0192" 9588
"/Engine/EngineMaterials/Substrate/Glints2/dict_0005_0209" 9589
"/Engine/EngineMaterials/Substrate/Glints2/dict_0005_0206" 9590
"/Engine/EngineMaterials/Substrate/Glints2/dict_0005_0208" 9591
"/Engine/EngineMaterials/Substrate/Glints2/dict_0005_0207" 9592
"../../../Engine/Content/EngineMaterials/Substrate/Glints2/dict_0005_0212.uasset" 9593
"../../../Engine/Content/EngineMaterials/Substrate/Glints2/dict_0005_0211.uasset" 9594
"../../../Engine/Content/EngineMaterials/Substrate/Glints2/dict_0005_0204.uasset" 9595
"../../../Engine/Content/EngineMaterials/Substrate/Glints2/dict_0005_0210.uasset" 9596
"../../../Engine/Content/EngineMaterials/Substrate/Glints2/dict_0005_0215.uasset" 9597
"../../../Engine/Content/EngineMaterials/Substrate/Glints2/dict_0005_0216.uasset" 9598
"../../../Engine/Content/EngineMaterials/Substrate/Glints2/dict_0005_0213.uasset" 9599
"../../../Engine/Content/EngineMaterials/Substrate/Glints2/dict_0005_0214.uasset" 9600
"/Engine/EngineMaterials/Substrate/Glints2/dict_0005_0213" 9601
"/Engine/EngineMaterials/Substrate/Glints2/dict_0005_0212" 9602
"/Engine/EngineMaterials/Substrate/Glints2/dict_0005_0211" 9603
"/Engine/EngineMaterials/Substrate/Glints2/dict_0005_0210" 9604
"/Engine/EngineMaterials/Substrate/Glints2/dict_0005_0204" 9605
"/Engine/EngineMaterials/Substrate/Glints2/dict_0005_0216" 9606
"/Engine/EngineMaterials/Substrate/Glints2/dict_0005_0215" 9607
"/Engine/EngineMaterials/Substrate/Glints2/dict_0005_0214" 9608
"../../../Engine/Content/EngineMaterials/Substrate/Glints2/dict_0005_0219.uasset" 9609
"../../../Engine/Content/EngineMaterials/Substrate/Glints2/dict_0005_0221.uasset" 9610
"../../../Engine/Content/EngineMaterials/Substrate/Glints2/dict_0005_0218.uasset" 9611
"/Engine/EngineMaterials/Substrate/Glints2/dict_0005_0221" 9612
"/Engine/EngineMaterials/Substrate/Glints2/dict_0005_0219" 9613
"/Engine/EngineMaterials/Substrate/Glints2/dict_0005_0218" 9614
"../../../Engine/Content/EngineMaterials/Substrate/Glints2/dict_0005_0228.uasset" 9615
"../../../Engine/Content/EngineMaterials/Substrate/Glints2/dict_0005_0227.uasset" 9616
"../../../Engine/Content/EngineMaterials/Substrate/Glints2/dict_0005_0225.uasset" 9617
"../../../Engine/Content/EngineMaterials/Substrate/Glints2/dict_0005_0226.uasset" 9618
"../../../Engine/Content/EngineMaterials/Substrate/Glints2/dict_0005_0203.uasset" 9619
"/Engine/EngineMaterials/Substrate/Glints2/dict_0005_0228" 9620
"/Engine/EngineMaterials/Substrate/Glints2/dict_0005_0227" 9621
"/Engine/EngineMaterials/Substrate/Glints2/dict_0005_0203" 9622
"../../../Engine/Content/EngineMaterials/Substrate/Glints2/dict_0005_0220.uasset" 9623
"/Engine/EngineMaterials/Substrate/Glints2/dict_0005_0226" 9624
"/Engine/EngineMaterials/Substrate/Glints2/dict_0005_0225" 9625
"/Engine/EngineMaterials/Substrate/Glints2/dict_0005_0220" 9626
"../../../Engine/Content/EngineMaterials/Substrate/Glints2/dict_0005_0222.uasset" 9627
"../../../Engine/Content/EngineMaterials/Substrate/Glints2/dict_0005_0229.uasset" 9628
"../../../Engine/Content/EngineMaterials/Substrate/Glints2/dict_0005_0230.uasset" 9629
"../../../Engine/Content/EngineMaterials/Substrate/Glints2/dict_0005_0223.uasset" 9630
"../../../Engine/Content/EngineMaterials/Substrate/Glints2/dict_0005_0224.uasset" 9631
"../../../Engine/Content/EngineMaterials/Substrate/Glints2/dict_0005_0232.uasset" 9632
"../../../Engine/Content/EngineMaterials/Substrate/Glints2/dict_0005_0233.uasset" 9633
"/Engine/EngineMaterials/Substrate/Glints2/dict_0005_0222" 9634
"/Engine/EngineMaterials/Substrate/Glints2/dict_0005_0233" 9635
"/Engine/EngineMaterials/Substrate/Glints2/dict_0005_0223" 9636
"/Engine/EngineMaterials/Substrate/Glints2/dict_0005_0232" 9637
"/Engine/EngineMaterials/Substrate/Glints2/dict_0005_0229" 9638
"/Engine/EngineMaterials/Substrate/Glints2/dict_0005_0230" 9639
"/Engine/EngineMaterials/Substrate/Glints2/dict_0005_0224" 9640
"../../../Engine/Content/EngineMaterials/Substrate/Glints2/dict_0005_0217.uasset" 9641
"/Engine/EngineMaterials/Substrate/Glints2/dict_0005_0217" 9642
"../../../Engine/Content/EngineMaterials/Substrate/Glints2/dict_0005_0231.uasset" 9643
"../../../Engine/Content/EngineMaterials/Substrate/Glints2/dict_0005_0234.uasset" 9644
"/Engine/EngineMaterials/Substrate/Glints2/dict_0005_0231" 9645
"/Engine/EngineMaterials/Substrate/Glints2/dict_0005_0234" 9646
"../../../Engine/Content/EngineMaterials/Substrate/Glints2/dict_0005_0235.uasset" 9647
"/Engine/EngineMaterials/Substrate/Glints2/dict_0005_0235" 9648
"../../../Engine/Content/EngineMaterials/Substrate/Glints2/dict_0005_0236.uasset" 9649
"../../../Engine/Content/EngineMaterials/Substrate/Glints2/dict_0005_0240.uasset" 9650
"/Engine/EngineMaterials/Substrate/Glints2/dict_0005_0236" 9651
"/Engine/EngineMaterials/Substrate/Glints2/dict_0005_0240" 9652
"../../../Engine/Content/EngineMaterials/Substrate/Glints2/dict_0005_0239.uasset" 9653
"../../../Engine/Content/EngineMaterials/Substrate/Glints2/dict_0005_0238.uasset" 9654
"../../../Engine/Content/EngineMaterials/Substrate/Glints2/dict_0005_0237.uasset" 9655
"../../../Engine/Content/EngineMaterials/Substrate/Glints2/dict_0005_0244.uasset" 9656
"../../../Engine/Content/EngineMaterials/Substrate/Glints2/dict_0005_0246.uasset" 9657
"../../../Engine/Content/EngineMaterials/Substrate/Glints2/dict_0005_0245.uasset" 9658
"../../../Engine/Content/EngineMaterials/Substrate/Glints2/dict_0005_0241.uasset" 9659
"../../../Engine/Content/EngineMaterials/Substrate/Glints2/dict_0005_0243.uasset" 9660
"/Engine/EngineMaterials/Substrate/Glints2/dict_0005_0246" 9661
"../../../Engine/Content/EngineMaterials/Substrate/Glints2/dict_0005_0242.uasset" 9662
"/Engine/EngineMaterials/Substrate/Glints2/dict_0005_0245" 9663
"/Engine/EngineMaterials/Substrate/Glints2/dict_0005_0244" 9664
"/Engine/EngineMaterials/Substrate/Glints2/dict_0005_0239" 9665
"/Engine/EngineMaterials/Substrate/Glints2/dict_0005_0238" 9666
"/Engine/EngineMaterials/Substrate/Glints2/dict_0005_0237" 9667
"/Engine/EngineMaterials/Substrate/Glints2/dict_0005_0241" 9668
"/Engine/EngineMaterials/Substrate/Glints2/dict_0005_0243" 9669
"/Engine/EngineMaterials/Substrate/Glints2/dict_0005_0242" 9670
"../../../Engine/Content/EngineMaterials/Substrate/Glints2/dict_0005_0249.uasset" 9671
"../../../Engine/Content/EngineMaterials/Substrate/Glints2/dict_0005_0247.uasset" 9672
"../../../Engine/Content/EngineMaterials/Substrate/Glints2/dict_0005_0251.uasset" 9673
"../../../Engine/Content/EngineMaterials/Substrate/Glints2/dict_0005_0250.uasset" 9674
"../../../Engine/Content/EngineMaterials/Substrate/Glints2/dict_0005_0254.uasset" 9675
"../../../Engine/Content/EngineMaterials/Substrate/Glints2/dict_0005_0253.uasset" 9676
"../../../Engine/Content/EngineMaterials/Substrate/Glints2/dict_0005_0252.uasset" 9677
"/Engine/EngineMaterials/Substrate/Glints2/dict_0005_0250" 9678
"../../../Engine/Content/EngineMaterials/Substrate/Glints2/dict_0006_0002.uasset" 9679
"../../../Engine/Content/EngineMaterials/Substrate/Glints2/dict_0006_0001.uasset" 9680
"/Engine/EngineMaterials/Substrate/Glints2/dict_0005_0254" 9681
"/Engine/EngineMaterials/Substrate/Glints2/dict_0005_0253" 9682
"/Engine/EngineMaterials/Substrate/Glints2/dict_0005_0247" 9683
"/Engine/EngineMaterials/Substrate/Glints2/dict_0005_0252" 9684
"/Engine/EngineMaterials/Substrate/Glints2/dict_0005_0251" 9685
"/Engine/EngineMaterials/Substrate/Glints2/dict_0005_0249" 9686
"/Engine/EngineMaterials/Substrate/Glints2/dict_0006_0002" 9687
"/Engine/EngineMaterials/Substrate/Glints2/dict_0006_0001" 9688
"../../../Engine/Content/EngineMaterials/Substrate/Glints2/dict_0006_0000.uasset" 9689
"../../../Engine/Content/EngineMaterials/Substrate/Glints2/dict_0006_0003.uasset" 9690
"../../../Engine/Content/EngineMaterials/Substrate/Glints2/dict_0005_0255.uasset" 9691
"/Engine/EngineMaterials/Substrate/Glints2/dict_0005_0255" 9692
"/Engine/EngineMaterials/Substrate/Glints2/dict_0006_0000" 9693
"/Engine/EngineMaterials/Substrate/Glints2/dict_0006_0003" 9694
"../../../Engine/Content/EngineMaterials/Substrate/Glints2/dict_0006_0011.uasset" 9695
"../../../Engine/Content/EngineMaterials/Substrate/Glints2/dict_0005_0248.uasset" 9696
"../../../Engine/Content/EngineMaterials/Substrate/Glints2/dict_0006_0009.uasset" 9697
"../../../Engine/Content/EngineMaterials/Substrate/Glints2/dict_0006_0010.uasset" 9698
"../../../Engine/Content/EngineMaterials/Substrate/Glints2/dict_0006_0007.uasset" 9699
"../../../Engine/Content/EngineMaterials/Substrate/Glints2/dict_0006_0004.uasset" 9700
"../../../Engine/Content/EngineMaterials/Substrate/Glints2/dict_0006_0005.uasset" 9701
"../../../Engine/Content/EngineMaterials/Substrate/Glints2/dict_0006_0012.uasset" 9702
"/Engine/EngineMaterials/Substrate/Glints2/dict_0006_0007" 9703
"/Engine/EngineMaterials/Substrate/Glints2/dict_0006_0005" 9704
"/Engine/EngineMaterials/Substrate/Glints2/dict_0006_0004" 9705
"/Engine/EngineMaterials/Substrate/Glints2/dict_0006_0011" 9706
"/Engine/EngineMaterials/Substrate/Glints2/dict_0006_0010" 9707
"/Engine/EngineMaterials/Substrate/Glints2/dict_0006_0012" 9708
"/Engine/EngineMaterials/Substrate/Glints2/dict_0005_0248" 9709
"/Engine/EngineMaterials/Substrate/Glints2/dict_0006_0009" 9710
"../../../Engine/Content/EngineMaterials/Substrate/Glints2/dict_0006_0008.uasset" 9711
"../../../Engine/Content/EngineMaterials/Substrate/Glints2/dict_0006_0013.uasset" 9712
"../../../Engine/Content/EngineMaterials/Substrate/Glints2/dict_0006_0006.uasset" 9713
"../../../Engine/Content/EngineMaterials/Substrate/Glints2/dict_0006_0014.uasset" 9714
"/Engine/EngineMaterials/Substrate/Glints2/dict_0006_0008" 9715
"/Engine/EngineMaterials/Substrate/Glints2/dict_0006_0006" 9716
"/Engine/EngineMaterials/Substrate/Glints2/dict_0006_0013" 9717
"/Engine/EngineMaterials/Substrate/Glints2/dict_0006_0014" 9718
"../../../Engine/Content/EngineMaterials/Substrate/Glints2/dict_0006_0016.uasset" 9719
"/Engine/EngineMaterials/Substrate/Glints2/dict_0006_0016" 9720
"../../../Engine/Content/EngineMaterials/Substrate/Glints2/dict_0006_0015.uasset" 9721
"../../../Engine/Content/EngineMaterials/Substrate/Glints2/dict_0006_0018.uasset" 9722
"../../../Engine/Content/EngineMaterials/Substrate/Glints2/dict_0006_0020.uasset" 9723
"../../../Engine/Content/EngineMaterials/Substrate/Glints2/dict_0006_0019.uasset" 9724
"../../../Engine/Content/EngineMaterials/Substrate/Glints2/dict_0006_0021.uasset" 9725
"../../../Engine/Content/EngineMaterials/Substrate/Glints2/dict_0006_0017.uasset" 9726
"/Engine/EngineMaterials/Substrate/Glints2/dict_0006_0020" 9727
"/Engine/EngineMaterials/Substrate/Glints2/dict_0006_0019" 9728
"/Engine/EngineMaterials/Substrate/Glints2/dict_0006_0018" 9729
"/Engine/EngineMaterials/Substrate/Glints2/dict_0006_0015" 9730
"/Engine/EngineMaterials/Substrate/Glints2/dict_0006_0021" 9731
"/Engine/EngineMaterials/Substrate/Glints2/dict_0006_0017" 9732
"../../../Engine/Content/EngineMaterials/Substrate/Glints2/dict_0006_0022.uasset" 9733
"/Engine/EngineMaterials/Substrate/Glints2/dict_0006_0022" 9734
"../../../Engine/Content/EngineMaterials/Substrate/Glints2/dict_0006_0028.uasset" 9735
"../../../Engine/Content/EngineMaterials/Substrate/Glints2/dict_0006_0027.uasset" 9736
"../../../Engine/Content/EngineMaterials/Substrate/Glints2/dict_0006_0025.uasset" 9737
"../../../Engine/Content/EngineMaterials/Substrate/Glints2/dict_0006_0026.uasset" 9738
"../../../Engine/Content/EngineMaterials/Substrate/Glints2/dict_0006_0023.uasset" 9739
"../../../Engine/Content/EngineMaterials/Substrate/Glints2/dict_0006_0029.uasset" 9740
"../../../Engine/Content/EngineMaterials/Substrate/Glints2/dict_0006_0030.uasset" 9741
"/Engine/EngineMaterials/Substrate/Glints2/dict_0006_0029" 9742
"/Engine/EngineMaterials/Substrate/Glints2/dict_0006_0028" 9743
"/Engine/EngineMaterials/Substrate/Glints2/dict_0006_0027" 9744
"/Engine/EngineMaterials/Substrate/Glints2/dict_0006_0026" 9745
"/Engine/EngineMaterials/Substrate/Glints2/dict_0006_0025" 9746
"/Engine/EngineMaterials/Substrate/Glints2/dict_0006_0023" 9747
"/Engine/EngineMaterials/Substrate/Glints2/dict_0006_0030" 9748
"../../../Engine/Content/EngineMaterials/Substrate/Glints2/dict_0006_0036.uasset" 9749
"../../../Engine/Content/EngineMaterials/Substrate/Glints2/dict_0006_0034.uasset" 9750
"../../../Engine/Content/EngineMaterials/Substrate/Glints2/dict_0006_0033.uasset" 9751
"../../../Engine/Content/EngineMaterials/Substrate/Glints2/dict_0006_0031.uasset" 9752
"../../../Engine/Content/EngineMaterials/Substrate/Glints2/dict_0006_0037.uasset" 9753
"../../../Engine/Content/EngineMaterials/Substrate/Glints2/dict_0006_0038.uasset" 9754
"../../../Engine/Content/EngineMaterials/Substrate/Glints2/dict_0006_0040.uasset" 9755
"../../../Engine/Content/EngineMaterials/Substrate/Glints2/dict_0006_0035.uasset" 9756
"../../../Engine/Content/EngineMaterials/Substrate/Glints2/dict_0006_0039.uasset" 9757
"../../../Engine/Content/EngineMaterials/Substrate/Glints2/dict_0006_0032.uasset" 9758
"../../../Engine/Content/EngineMaterials/Substrate/Glints2/dict_0006_0041.uasset" 9759
"/Engine/EngineMaterials/Substrate/Glints2/dict_0006_0034" 9760
"../../../Engine/Content/EngineMaterials/Substrate/Glints2/dict_0006_0045.uasset" 9761
"/Engine/EngineMaterials/Substrate/Glints2/dict_0006_0033" 9762
"/Engine/EngineMaterials/Substrate/Glints2/dict_0006_0040" 9763
"/Engine/EngineMaterials/Substrate/Glints2/dict_0006_0039" 9764
"/Engine/EngineMaterials/Substrate/Glints2/dict_0006_0038" 9765
"/Engine/EngineMaterials/Substrate/Glints2/dict_0006_0032" 9766
"/Engine/EngineMaterials/Substrate/Glints2/dict_0006_0031" 9767
"/Engine/EngineMaterials/Substrate/Glints2/dict_0006_0037" 9768
"/Engine/EngineMaterials/Substrate/Glints2/dict_0006_0036" 9769
"/Engine/EngineMaterials/Substrate/Glints2/dict_0006_0035" 9770
"../../../Engine/Content/EngineMaterials/Substrate/Glints2/dict_0006_0024.uasset" 9771
"/Engine/EngineMaterials/Substrate/Glints2/dict_0006_0045" 9772
"/Engine/EngineMaterials/Substrate/Glints2/dict_0006_0041" 9773
"/Engine/EngineMaterials/Substrate/Glints2/dict_0006_0024" 9774
"../../../Engine/Content/EngineMaterials/Substrate/Glints2/dict_0006_0047.uasset" 9775
"../../../Engine/Content/EngineMaterials/Substrate/Glints2/dict_0006_0046.uasset" 9776
"../../../Engine/Content/EngineMaterials/Substrate/Glints2/dict_0006_0042.uasset" 9777
"../../../Engine/Content/EngineMaterials/Substrate/Glints2/dict_0006_0044.uasset" 9778
"/Engine/EngineMaterials/Substrate/Glints2/dict_0006_0042" 9779
"/Engine/EngineMaterials/Substrate/Glints2/dict_0006_0046" 9780
"/Engine/EngineMaterials/Substrate/Glints2/dict_0006_0047" 9781
"/Engine/EngineMaterials/Substrate/Glints2/dict_0006_0044" 9782
"../../../Engine/Content/EngineMaterials/Substrate/Glints2/dict_0006_0049.uasset" 9783
"../../../Engine/Content/EngineMaterials/Substrate/Glints2/dict_0006_0050.uasset" 9784
"../../../Engine/Content/EngineMaterials/Substrate/Glints2/dict_0006_0048.uasset" 9785
"../../../Engine/Content/EngineMaterials/Substrate/Glints2/dict_0006_0051.uasset" 9786
"/Engine/EngineMaterials/Substrate/Glints2/dict_0006_0051" 9787
"/Engine/EngineMaterials/Substrate/Glints2/dict_0006_0050" 9788
"/Engine/EngineMaterials/Substrate/Glints2/dict_0006_0049" 9789
"/Engine/EngineMaterials/Substrate/Glints2/dict_0006_0048" 9790
"../../../Engine/Content/EngineMaterials/Substrate/Glints2/dict_0006_0043.uasset" 9791
"/Engine/EngineMaterials/Substrate/Glints2/dict_0006_0043" 9792
"../../../Engine/Content/EngineMaterials/Substrate/Glints2/dict_0006_0053.uasset" 9793
"../../../Engine/Content/EngineMaterials/Substrate/Glints2/dict_0006_0054.uasset" 9794
"../../../Engine/Content/EngineMaterials/Substrate/Glints2/dict_0006_0055.uasset" 9795
"../../../Engine/Content/EngineMaterials/Substrate/Glints2/dict_0006_0052.uasset" 9796
"/Engine/EngineMaterials/Substrate/Glints2/dict_0006_0052" 9797
"/Engine/EngineMaterials/Substrate/Glints2/dict_0006_0053" 9798
"/Engine/EngineMaterials/Substrate/Glints2/dict_0006_0054" 9799
"/Engine/EngineMaterials/Substrate/Glints2/dict_0006_0055" 9800
"../../../Engine/Content/EngineMaterials/Substrate/Glints2/dict_0006_0056.uasset" 9801
"../../../Engine/Content/EngineMaterials/Substrate/Glints2/dict_0006_0060.uasset" 9802
"../../../Engine/Content/EngineMaterials/Substrate/Glints2/dict_0006_0061.uasset" 9803
"../../../Engine/Content/EngineMaterials/Substrate/Glints2/dict_0006_0059.uasset" 9804
"../../../Engine/Content/EngineMaterials/Substrate/Glints2/dict_0006_0058.uasset" 9805
"../../../Engine/Content/EngineMaterials/Substrate/Glints2/dict_0006_0065.uasset" 9806
"../../../Engine/Content/EngineMaterials/Substrate/Glints2/dict_0006_0064.uasset" 9807
"../../../Engine/Content/EngineMaterials/Substrate/Glints2/dict_0006_0057.uasset" 9808
"../../../Engine/Content/EngineMaterials/Substrate/Glints2/dict_0006_0063.uasset" 9809
"../../../Engine/Content/EngineMaterials/Substrate/Glints2/dict_0006_0062.uasset" 9810
"/Engine/EngineMaterials/Substrate/Glints2/dict_0006_0061" 9811
"/Engine/EngineMaterials/Substrate/Glints2/dict_0006_0060" 9812
"/Engine/EngineMaterials/Substrate/Glints2/dict_0006_0059" 9813
"/Engine/EngineMaterials/Substrate/Glints2/dict_0006_0058" 9814
"/Engine/EngineMaterials/Substrate/Glints2/dict_0006_0057" 9815
"/Engine/EngineMaterials/Substrate/Glints2/dict_0006_0056" 9816
"/Engine/EngineMaterials/Substrate/Glints2/dict_0006_0065" 9817
"../../../Engine/Content/EngineMaterials/Substrate/Glints2/dict_0006_0069.uasset" 9818
"/Engine/EngineMaterials/Substrate/Glints2/dict_0006_0064" 9819
"/Engine/EngineMaterials/Substrate/Glints2/dict_0006_0063" 9820
"../../../Engine/Content/EngineMaterials/Substrate/Glints2/dict_0006_0068.uasset" 9821
"/Engine/EngineMaterials/Substrate/Glints2/dict_0006_0062" 9822
"../../../Engine/Content/EngineMaterials/Substrate/Glints2/dict_0006_0070.uasset" 9823
"/Engine/EngineMaterials/Substrate/Glints2/dict_0006_0070" 9824
"/Engine/EngineMaterials/Substrate/Glints2/dict_0006_0069" 9825
"/Engine/EngineMaterials/Substrate/Glints2/dict_0006_0068" 9826
"../../../Engine/Content/EngineMaterials/Substrate/Glints2/dict_0006_0071.uasset" 9827
"../../../Engine/Content/EngineMaterials/Substrate/Glints2/dict_0006_0078.uasset" 9828
"../../../Engine/Content/EngineMaterials/Substrate/Glints2/dict_0006_0074.uasset" 9829
"../../../Engine/Content/EngineMaterials/Substrate/Glints2/dict_0006_0076.uasset" 9830
"../../../Engine/Content/EngineMaterials/Substrate/Glints2/dict_0006_0075.uasset" 9831
"../../../Engine/Content/EngineMaterials/Substrate/Glints2/dict_0006_0073.uasset" 9832
"../../../Engine/Content/EngineMaterials/Substrate/Glints2/dict_0006_0066.uasset" 9833
"../../../Engine/Content/EngineMaterials/Substrate/Glints2/dict_0006_0067.uasset" 9834
"/Engine/EngineMaterials/Substrate/Glints2/dict_0006_0078" 9835
"/Engine/EngineMaterials/Substrate/Glints2/dict_0006_0071" 9836
"/Engine/EngineMaterials/Substrate/Glints2/dict_0006_0074" 9837
"/Engine/EngineMaterials/Substrate/Glints2/dict_0006_0076" 9838
"/Engine/EngineMaterials/Substrate/Glints2/dict_0006_0073" 9839
"/Engine/EngineMaterials/Substrate/Glints2/dict_0006_0075" 9840
"/Engine/EngineMaterials/Substrate/Glints2/dict_0006_0067" 9841
"/Engine/EngineMaterials/Substrate/Glints2/dict_0006_0066" 9842
"../../../Engine/Content/EngineMaterials/Substrate/Glints2/dict_0006_0079.uasset" 9843
"../../../Engine/Content/EngineMaterials/Substrate/Glints2/dict_0006_0077.uasset" 9844
"../../../Engine/Content/EngineMaterials/Substrate/Glints2/dict_0006_0072.uasset" 9845
"../../../Engine/Content/EngineMaterials/Substrate/Glints2/dict_0006_0081.uasset" 9846
"../../../Engine/Content/EngineMaterials/Substrate/Glints2/dict_0006_0083.uasset" 9847
"../../../Engine/Content/EngineMaterials/Substrate/Glints2/dict_0006_0082.uasset" 9848
"../../../Engine/Content/EngineMaterials/Substrate/Glints2/dict_0006_0080.uasset" 9849
"/Engine/EngineMaterials/Substrate/Glints2/dict_0006_0082" 9850
"/Engine/EngineMaterials/Substrate/Glints2/dict_0006_0081" 9851
"/Engine/EngineMaterials/Substrate/Glints2/dict_0006_0077" 9852
"/Engine/EngineMaterials/Substrate/Glints2/dict_0006_0072" 9853
"/Engine/EngineMaterials/Substrate/Glints2/dict_0006_0080" 9854
"/Engine/EngineMaterials/Substrate/Glints2/dict_0006_0079" 9855
"/Engine/EngineMaterials/Substrate/Glints2/dict_0006_0083" 9856
"../../../Engine/Content/EngineMaterials/Substrate/Glints2/dict_0006_0087.uasset" 9857
"../../../Engine/Content/EngineMaterials/Substrate/Glints2/dict_0006_0089.uasset" 9858
"/Engine/EngineMaterials/Substrate/Glints2/dict_0006_0087" 9859
"/Engine/EngineMaterials/Substrate/Glints2/dict_0006_0089" 9860
"../../../Engine/Content/EngineMaterials/Substrate/Glints2/dict_0006_0085.uasset" 9861
"../../../Engine/Content/EngineMaterials/Substrate/Glints2/dict_0006_0086.uasset" 9862
"../../../Engine/Content/EngineMaterials/Substrate/Glints2/dict_0006_0088.uasset" 9863
"../../../Engine/Content/EngineMaterials/Substrate/Glints2/dict_0006_0090.uasset" 9864
"/Engine/EngineMaterials/Substrate/Glints2/dict_0006_0086" 9865
"/Engine/EngineMaterials/Substrate/Glints2/dict_0006_0085" 9866
"../../../Engine/Content/EngineMaterials/Substrate/Glints2/dict_0006_0084.uasset" 9867
"/Engine/EngineMaterials/Substrate/Glints2/dict_0006_0090" 9868
"/Engine/EngineMaterials/Substrate/Glints2/dict_0006_0088" 9869
"/Engine/EngineMaterials/Substrate/Glints2/dict_0006_0084" 9870
"../../../Engine/Content/EngineMaterials/Substrate/Glints2/dict_0006_0091.uasset" 9871
"/Engine/EngineMaterials/Substrate/Glints2/dict_0006_0091" 9872
"../../../Engine/Content/EngineMaterials/Substrate/Glints2/dict_0006_0092.uasset" 9873
"../../../Engine/Content/EngineMaterials/Substrate/Glints2/dict_0006_0096.uasset" 9874
"../../../Engine/Content/EngineMaterials/Substrate/Glints2/dict_0006_0097.uasset" 9875
"../../../Engine/Content/EngineMaterials/Substrate/Glints2/dict_0006_0100.uasset" 9876
"../../../Engine/Content/EngineMaterials/Substrate/Glints2/dict_0006_0098.uasset" 9877
"../../../Engine/Content/EngineMaterials/Substrate/Glints2/dict_0006_0099.uasset" 9878
"../../../Engine/Content/EngineMaterials/Substrate/Glints2/dict_0006_0094.uasset" 9879
"../../../Engine/Content/EngineMaterials/Substrate/Glints2/dict_0006_0101.uasset" 9880
"../../../Engine/Content/EngineMaterials/Substrate/Glints2/dict_0006_0095.uasset" 9881
"../../../Engine/Content/EngineMaterials/Substrate/Glints2/dict_0006_0103.uasset" 9882
"../../../Engine/Content/EngineMaterials/Substrate/Glints2/dict_0006_0093.uasset" 9883
"/Engine/EngineMaterials/Substrate/Glints2/dict_0006_0097" 9884
"/Engine/EngineMaterials/Substrate/Glints2/dict_0006_0096" 9885
"../../../Engine/Content/EngineMaterials/Substrate/Glints2/dict_0006_0102.uasset" 9886
"/Engine/EngineMaterials/Substrate/Glints2/dict_0006_0095" 9887
"/Engine/EngineMaterials/Substrate/Glints2/dict_0006_0094" 9888
"/Engine/EngineMaterials/Substrate/Glints2/dict_0006_0093" 9889
"/Engine/EngineMaterials/Substrate/Glints2/dict_0006_0100" 9890
"/Engine/EngineMaterials/Substrate/Glints2/dict_0006_0099" 9891
"/Engine/EngineMaterials/Substrate/Glints2/dict_0006_0092" 9892
"/Engine/EngineMaterials/Substrate/Glints2/dict_0006_0103" 9893
"../../../Engine/Content/EngineMaterials/Substrate/Glints2/dict_0006_0104.uasset" 9894
"/Engine/EngineMaterials/Substrate/Glints2/dict_0006_0098" 9895
"/Engine/EngineMaterials/Substrate/Glints2/dict_0006_0101" 9896
"/Engine/EngineMaterials/Substrate/Glints2/dict_0006_0104" 9897
"/Engine/EngineMaterials/Substrate/Glints2/dict_0006_0102" 9898
"../../../Engine/Content/EngineMaterials/Substrate/Glints2/dict_0006_0107.uasset" 9899
"../../../Engine/Content/EngineMaterials/Substrate/Glints2/dict_0006_0108.uasset" 9900
"/Engine/EngineMaterials/Substrate/Glints2/dict_0006_0107" 9901
"/Engine/EngineMaterials/Substrate/Glints2/dict_0006_0108" 9902
"../../../Engine/Content/EngineMaterials/Substrate/Glints2/dict_0006_0110.uasset" 9903
"../../../Engine/Content/EngineMaterials/Substrate/Glints2/dict_0006_0111.uasset" 9904
"../../../Engine/Content/EngineMaterials/Substrate/Glints2/dict_0006_0106.uasset" 9905
"../../../Engine/Content/EngineMaterials/Substrate/Glints2/dict_0006_0109.uasset" 9906
"/Engine/EngineMaterials/Substrate/Glints2/dict_0006_0106" 9907
"/Engine/EngineMaterials/Substrate/Glints2/dict_0006_0111" 9908
"/Engine/EngineMaterials/Substrate/Glints2/dict_0006_0110" 9909
"/Engine/EngineMaterials/Substrate/Glints2/dict_0006_0109" 9910
"../../../Engine/Content/EngineMaterials/Substrate/Glints2/dict_0006_0105.uasset" 9911
"/Engine/EngineMaterials/Substrate/Glints2/dict_0006_0105" 9912
"../../../Engine/Content/EngineMaterials/Substrate/Glints2/dict_0006_0112.uasset" 9913
"/Engine/EngineMaterials/Substrate/Glints2/dict_0006_0112" 9914
"../../../Engine/Content/EngineMaterials/Substrate/Glints2/dict_0006_0114.uasset" 9915
"../../../Engine/Content/EngineMaterials/Substrate/Glints2/dict_0006_0119.uasset" 9916
"../../../Engine/Content/EngineMaterials/Substrate/Glints2/dict_0006_0116.uasset" 9917
"../../../Engine/Content/EngineMaterials/Substrate/Glints2/dict_0006_0122.uasset" 9918
"../../../Engine/Content/EngineMaterials/Substrate/Glints2/dict_0006_0115.uasset" 9919
"../../../Engine/Content/EngineMaterials/Substrate/Glints2/dict_0006_0118.uasset" 9920
"../../../Engine/Content/EngineMaterials/Substrate/Glints2/dict_0006_0120.uasset" 9921
"../../../Engine/Content/EngineMaterials/Substrate/Glints2/dict_0006_0117.uasset" 9922
"../../../Engine/Content/EngineMaterials/Substrate/Glints2/dict_0006_0123.uasset" 9923
"../../../Engine/Content/EngineMaterials/Substrate/Glints2/dict_0006_0121.uasset" 9924
"../../../Engine/Content/EngineMaterials/Substrate/Glints2/dict_0006_0124.uasset" 9925
"/Engine/EngineMaterials/Substrate/Glints2/dict_0006_0117" 9926
"../../../Engine/Content/EngineMaterials/Substrate/Glints2/dict_0006_0127.uasset" 9927
"/Engine/EngineMaterials/Substrate/Glints2/dict_0006_0115" 9928
"/Engine/EngineMaterials/Substrate/Glints2/dict_0006_0114" 9929
"/Engine/EngineMaterials/Substrate/Glints2/dict_0006_0121" 9930
"/Engine/EngineMaterials/Substrate/Glints2/dict_0006_0120" 9931
"/Engine/EngineMaterials/Substrate/Glints2/dict_0006_0124" 9932
"/Engine/EngineMaterials/Substrate/Glints2/dict_0006_0123" 9933
"/Engine/EngineMaterials/Substrate/Glints2/dict_0006_0122" 9934
"/Engine/EngineMaterials/Substrate/Glints2/dict_0006_0119" 9935
"/Engine/EngineMaterials/Substrate/Glints2/dict_0006_0116" 9936
"/Engine/EngineMaterials/Substrate/Glints2/dict_0006_0118" 9937
"/Engine/EngineMaterials/Substrate/Glints2/dict_0006_0127" 9938
"../../../Engine/Content/EngineMaterials/Substrate/Glints2/dict_0006_0126.uasset" 9939
"../../../Engine/Content/EngineMaterials/Substrate/Glints2/dict_0006_0130.uasset" 9940
"../../../Engine/Content/EngineMaterials/Substrate/Glints2/dict_0006_0128.uasset" 9941
"../../../Engine/Content/EngineMaterials/Substrate/Glints2/dict_0006_0129.uasset" 9942
"/Engine/EngineMaterials/Substrate/Glints2/dict_0006_0130" 9943
"/Engine/EngineMaterials/Substrate/Glints2/dict_0006_0129" 9944
"/Engine/EngineMaterials/Substrate/Glints2/dict_0006_0128" 9945
"/Engine/EngineMaterials/Substrate/Glints2/dict_0006_0126" 9946
"../../../Engine/Content/EngineMaterials/Substrate/Glints2/dict_0006_0113.uasset" 9947
"../../../Engine/Content/EngineMaterials/Substrate/Glints2/dict_0006_0132.uasset" 9948
"../../../Engine/Content/EngineMaterials/Substrate/Glints2/dict_0006_0131.uasset" 9949
"../../../Engine/Content/EngineMaterials/Substrate/Glints2/dict_0006_0125.uasset" 9950
"../../../Engine/Content/EngineMaterials/Substrate/Glints2/dict_0006_0133.uasset" 9951
"/Engine/EngineMaterials/Substrate/Glints2/dict_0006_0133" 9952
"../../../Engine/Content/EngineMaterials/Substrate/Glints2/dict_0006_0134.uasset" 9953
"/Engine/EngineMaterials/Substrate/Glints2/dict_0006_0132" 9954
"/Engine/EngineMaterials/Substrate/Glints2/dict_0006_0131" 9955
"/Engine/EngineMaterials/Substrate/Glints2/dict_0006_0113" 9956
"/Engine/EngineMaterials/Substrate/Glints2/dict_0006_0125" 9957
"/Engine/EngineMaterials/Substrate/Glints2/dict_0006_0134" 9958
"../../../Engine/Content/EngineMaterials/Substrate/Glints2/dict_0006_0135.uasset" 9959
"../../../Engine/Content/EngineMaterials/Substrate/Glints2/dict_0006_0136.uasset" 9960
"../../../Engine/Content/EngineMaterials/Substrate/Glints2/dict_0006_0138.uasset" 9961
"../../../Engine/Content/EngineMaterials/Substrate/Glints2/dict_0006_0137.uasset" 9962
"../../../Engine/Content/EngineMaterials/Substrate/Glints2/dict_0006_0141.uasset" 9963
"../../../Engine/Content/EngineMaterials/Substrate/Glints2/dict_0006_0139.uasset" 9964
"/Engine/EngineMaterials/Substrate/Glints2/dict_0006_0138" 9965
"/Engine/EngineMaterials/Substrate/Glints2/dict_0006_0137" 9966
"/Engine/EngineMaterials/Substrate/Glints2/dict_0006_0136" 9967
"/Engine/EngineMaterials/Substrate/Glints2/dict_0006_0141" 9968
"/Engine/EngineMaterials/Substrate/Glints2/dict_0006_0135" 9969
"/Engine/EngineMaterials/Substrate/Glints2/dict_0006_0139" 9970
"../../../Engine/Content/EngineMaterials/Substrate/Glints2/dict_0006_0140.uasset" 9971
"/Engine/EngineMaterials/Substrate/Glints2/dict_0006_0140" 9972
"../../../Engine/Content/EngineMaterials/Substrate/Glints2/dict_0006_0149.uasset" 9973
"../../../Engine/Content/EngineMaterials/Substrate/Glints2/dict_0006_0144.uasset" 9974
"../../../Engine/Content/EngineMaterials/Substrate/Glints2/dict_0006_0146.uasset" 9975
"../../../Engine/Content/EngineMaterials/Substrate/Glints2/dict_0006_0142.uasset" 9976
"../../../Engine/Content/EngineMaterials/Substrate/Glints2/dict_0006_0148.uasset" 9977
"/Engine/EngineMaterials/Substrate/Glints2/dict_0006_0142" 9978
"/Engine/EngineMaterials/Substrate/Glints2/dict_0006_0144" 9979
"../../../Engine/Content/EngineMaterials/Substrate/Glints2/dict_0006_0145.uasset" 9980
"../../../Engine/Content/EngineMaterials/Substrate/Glints2/dict_0006_0143.uasset" 9981
"/Engine/EngineMaterials/Substrate/Glints2/dict_0006_0149" 9982
"/Engine/EngineMaterials/Substrate/Glints2/dict_0006_0148" 9983
"/Engine/EngineMaterials/Substrate/Glints2/dict_0006_0146" 9984
"/Engine/EngineMaterials/Substrate/Glints2/dict_0006_0143" 9985
"/Engine/EngineMaterials/Substrate/Glints2/dict_0006_0145" 9986
"../../../Engine/Content/EngineMaterials/Substrate/Glints2/dict_0006_0147.uasset" 9987
"/Engine/EngineMaterials/Substrate/Glints2/dict_0006_0147" 9988
"../../../Engine/Content/EngineMaterials/Substrate/Glints2/dict_0006_0153.uasset" 9989
"../../../Engine/Content/EngineMaterials/Substrate/Glints2/dict_0006_0151.uasset" 9990
"../../../Engine/Content/EngineMaterials/Substrate/Glints2/dict_0006_0152.uasset" 9991
"../../../Engine/Content/EngineMaterials/Substrate/Glints2/dict_0006_0154.uasset" 9992
"../../../Engine/Content/EngineMaterials/Substrate/Glints2/dict_0006_0150.uasset" 9993
"../../../Engine/Content/EngineMaterials/Substrate/Glints2/dict_0006_0155.uasset" 9994
"/Engine/EngineMaterials/Substrate/Glints2/dict_0006_0155" 9995
"/Engine/EngineMaterials/Substrate/Glints2/dict_0006_0154" 9996
"/Engine/EngineMaterials/Substrate/Glints2/dict_0006_0153" 9997
"/Engine/EngineMaterials/Substrate/Glints2/dict_0006_0152" 9998
"/Engine/EngineMaterials/Substrate/Glints2/dict_0006_0151" 9999
"/Engine/EngineMaterials/Substrate/Glints2/dict_0006_0150" 10000
"../../../Engine/Content/EngineMaterials/Substrate/Glints2/dict_0006_0156.uasset" 10001
"../../../Engine/Content/EngineMaterials/Substrate/Glints2/dict_0006_0157.uasset" 10002
"../../../Engine/Content/EngineMaterials/Substrate/Glints2/dict_0006_0158.uasset" 10003
"/Engine/EngineMaterials/Substrate/Glints2/dict_0006_0158" 10004
"/Engine/EngineMaterials/Substrate/Glints2/dict_0006_0156" 10005
"/Engine/EngineMaterials/Substrate/Glints2/dict_0006_0157" 10006
"../../../Engine/Content/EngineMaterials/Substrate/Glints2/dict_0006_0163.uasset" 10007
"../../../Engine/Content/EngineMaterials/Substrate/Glints2/dict_0006_0161.uasset" 10008
"../../../Engine/Content/EngineMaterials/Substrate/Glints2/dict_0006_0167.uasset" 10009
"/Engine/EngineMaterials/Substrate/Glints2/dict_0006_0163" 10010
"../../../Engine/Content/EngineMaterials/Substrate/Glints2/dict_0006_0165.uasset" 10011
"/Engine/EngineMaterials/Substrate/Glints2/dict_0006_0161" 10012
"/Engine/EngineMaterials/Substrate/Glints2/dict_0006_0165" 10013
"/Engine/EngineMaterials/Substrate/Glints2/dict_0006_0167" 10014
"../../../Engine/Content/EngineMaterials/Substrate/Glints2/dict_0006_0160.uasset" 10015
"../../../Engine/Content/EngineMaterials/Substrate/Glints2/dict_0006_0164.uasset" 10016
"../../../Engine/Content/EngineMaterials/Substrate/Glints2/dict_0006_0166.uasset" 10017
"../../../Engine/Content/EngineMaterials/Substrate/Glints2/dict_0006_0159.uasset" 10018
"/Engine/EngineMaterials/Substrate/Glints2/dict_0006_0166" 10019
"/Engine/EngineMaterials/Substrate/Glints2/dict_0006_0164" 10020
"/Engine/EngineMaterials/Substrate/Glints2/dict_0006_0160" 10021
"/Engine/EngineMaterials/Substrate/Glints2/dict_0006_0159" 10022
"../../../Engine/Content/EngineMaterials/Substrate/Glints2/dict_0006_0168.uasset" 10023
"/Engine/EngineMaterials/Substrate/Glints2/dict_0006_0168" 10024
"../../../Engine/Content/EngineMaterials/Substrate/Glints2/dict_0006_0169.uasset" 10025
"../../../Engine/Content/EngineMaterials/Substrate/Glints2/dict_0006_0171.uasset" 10026
"/Engine/EngineMaterials/Substrate/Glints2/dict_0006_0169" 10027
"/Engine/EngineMaterials/Substrate/Glints2/dict_0006_0171" 10028
"../../../Engine/Content/EngineMaterials/Substrate/Glints2/dict_0006_0175.uasset" 10029
"../../../Engine/Content/EngineMaterials/Substrate/Glints2/dict_0006_0172.uasset" 10030
"../../../Engine/Content/EngineMaterials/Substrate/Glints2/dict_0006_0173.uasset" 10031
"../../../Engine/Content/EngineMaterials/Substrate/Glints2/dict_0006_0178.uasset" 10032
"../../../Engine/Content/EngineMaterials/Substrate/Glints2/dict_0006_0174.uasset" 10033
"../../../Engine/Content/EngineMaterials/Substrate/Glints2/dict_0006_0177.uasset" 10034
"../../../Engine/Content/EngineMaterials/Substrate/Glints2/dict_0006_0170.uasset" 10035
"../../../Engine/Content/EngineMaterials/Substrate/Glints2/dict_0006_0179.uasset" 10036
"../../../Engine/Content/EngineMaterials/Substrate/Glints2/dict_0006_0176.uasset" 10037
"/Engine/EngineMaterials/Substrate/Glints2/dict_0006_0170" 10038
"../../../Engine/Content/EngineMaterials/Substrate/Glints2/dict_0006_0162.uasset" 10039
"/Engine/EngineMaterials/Substrate/Glints2/dict_0006_0178" 10040
"/Engine/EngineMaterials/Substrate/Glints2/dict_0006_0177" 10041
"/Engine/EngineMaterials/Substrate/Glints2/dict_0006_0173" 10042
"/Engine/EngineMaterials/Substrate/Glints2/dict_0006_0172" 10043
"/Engine/EngineMaterials/Substrate/Glints2/dict_0006_0175" 10044
"/Engine/EngineMaterials/Substrate/Glints2/dict_0006_0174" 10045
"/Engine/EngineMaterials/Substrate/Glints2/dict_0006_0179" 10046
"/Engine/EngineMaterials/Substrate/Glints2/dict_0006_0162" 10047
"/Engine/EngineMaterials/Substrate/Glints2/dict_0006_0176" 10048
"../../../Engine/Content/EngineMaterials/Substrate/Glints2/dict_0006_0181.uasset" 10049
"/Engine/EngineMaterials/Substrate/Glints2/dict_0006_0181" 10050
"../../../Engine/Content/EngineMaterials/Substrate/Glints2/dict_0006_0185.uasset" 10051
"../../../Engine/Content/EngineMaterials/Substrate/Glints2/dict_0006_0187.uasset" 10052
"../../../Engine/Content/EngineMaterials/Substrate/Glints2/dict_0006_0186.uasset" 10053
"../../../Engine/Content/EngineMaterials/Substrate/Glints2/dict_0006_0184.uasset" 10054
"../../../Engine/Content/EngineMaterials/Substrate/Glints2/dict_0006_0183.uasset" 10055
"../../../Engine/Content/EngineMaterials/Substrate/Glints2/dict_0006_0180.uasset" 10056
"../../../Engine/Content/EngineMaterials/Substrate/Glints2/dict_0006_0188.uasset" 10057
"../../../Engine/Content/EngineMaterials/Substrate/Glints2/dict_0006_0192.uasset" 10058
"../../../Engine/Content/EngineMaterials/Substrate/Glints2/dict_0006_0189.uasset" 10059
"../../../Engine/Content/EngineMaterials/Substrate/Glints2/dict_0006_0190.uasset" 10060
"../../../Engine/Content/EngineMaterials/Substrate/Glints2/dict_0006_0191.uasset" 10061
"/Engine/EngineMaterials/Substrate/Glints2/dict_0006_0192" 10062
"../../../Engine/Content/EngineMaterials/Substrate/Glints2/dict_0006_0182.uasset" 10063
"/Engine/EngineMaterials/Substrate/Glints2/dict_0006_0187" 10064
"/Engine/EngineMaterials/Substrate/Glints2/dict_0006_0186" 10065
"/Engine/EngineMaterials/Substrate/Glints2/dict_0006_0185" 10066
"/Engine/EngineMaterials/Substrate/Glints2/dict_0006_0184" 10067
"/Engine/EngineMaterials/Substrate/Glints2/dict_0006_0183" 10068
"/Engine/EngineMaterials/Substrate/Glints2/dict_0006_0180" 10069
"/Engine/EngineMaterials/Substrate/Glints2/dict_0006_0190" 10070
"/Engine/EngineMaterials/Substrate/Glints2/dict_0006_0189" 10071
"/Engine/EngineMaterials/Substrate/Glints2/dict_0006_0188" 10072
"/Engine/EngineMaterials/Substrate/Glints2/dict_0006_0191" 10073
"/Engine/EngineMaterials/Substrate/Glints2/dict_0006_0182" 10074
"../../../Engine/Content/EngineMaterials/Substrate/Glints2/dict_0006_0195.uasset" 10075
"../../../Engine/Content/EngineMaterials/Substrate/Glints2/dict_0006_0194.uasset" 10076
"../../../Engine/Content/EngineMaterials/Substrate/Glints2/dict_0006_0193.uasset" 10077
"../../../Engine/Content/EngineMaterials/Substrate/Glints2/dict_0006_0196.uasset" 10078
"/Engine/EngineMaterials/Substrate/Glints2/dict_0006_0194" 10079
"/Engine/EngineMaterials/Substrate/Glints2/dict_0006_0196" 10080
"/Engine/EngineMaterials/Substrate/Glints2/dict_0006_0195" 10081
"/Engine/EngineMaterials/Substrate/Glints2/dict_0006_0193" 10082
"../../../Engine/Content/EngineMaterials/Substrate/Glints2/dict_0006_0197.uasset" 10083
"../../../Engine/Content/EngineMaterials/Substrate/Glints2/dict_0006_0199.uasset" 10084
"../../../Engine/Content/EngineMaterials/Substrate/Glints2/dict_0006_0200.uasset" 10085
"../../../Engine/Content/EngineMaterials/Substrate/Glints2/dict_0006_0198.uasset" 10086
"../../../Engine/Content/EngineMaterials/Substrate/Glints2/dict_0006_0202.uasset" 10087
"../../../Engine/Content/EngineMaterials/Substrate/Glints2/dict_0006_0203.uasset" 10088
"../../../Engine/Content/EngineMaterials/Substrate/Glints2/dict_0006_0201.uasset" 10089
"../../../Engine/Content/EngineMaterials/Substrate/Glints2/dict_0006_0204.uasset" 10090
"/Engine/EngineMaterials/Substrate/Glints2/dict_0006_0201" 10091
"../../../Engine/Content/EngineMaterials/Substrate/Glints2/dict_0006_0205.uasset" 10092
"/Engine/EngineMaterials/Substrate/Glints2/dict_0006_0197" 10093
"/Engine/EngineMaterials/Substrate/Glints2/dict_0006_0200" 10094
"/Engine/EngineMaterials/Substrate/Glints2/dict_0006_0198" 10095
"/Engine/EngineMaterials/Substrate/Glints2/dict_0006_0199" 10096
"/Engine/EngineMaterials/Substrate/Glints2/dict_0006_0204" 10097
"/Engine/EngineMaterials/Substrate/Glints2/dict_0006_0203" 10098
"/Engine/EngineMaterials/Substrate/Glints2/dict_0006_0202" 10099
"/Engine/EngineMaterials/Substrate/Glints2/dict_0006_0205" 10100
"../../../Engine/Content/EngineMaterials/Substrate/Glints2/dict_0006_0207.uasset" 10101
"../../../Engine/Content/EngineMaterials/Substrate/Glints2/dict_0006_0209.uasset" 10102
"../../../Engine/Content/EngineMaterials/Substrate/Glints2/dict_0006_0208.uasset" 10103
"/Engine/EngineMaterials/Substrate/Glints2/dict_0006_0209" 10104
"/Engine/EngineMaterials/Substrate/Glints2/dict_0006_0208" 10105
"/Engine/EngineMaterials/Substrate/Glints2/dict_0006_0207" 10106
"../../../Engine/Content/EngineMaterials/Substrate/Glints2/dict_0006_0211.uasset" 10107
"/Engine/EngineMaterials/Substrate/Glints2/dict_0006_0211" 10108
"../../../Engine/Content/EngineMaterials/Substrate/Glints2/dict_0006_0213.uasset" 10109
"../../../Engine/Content/EngineMaterials/Substrate/Glints2/dict_0006_0206.uasset" 10110
"/Engine/EngineMaterials/Substrate/Glints2/dict_0006_0213" 10111
"../../../Engine/Content/EngineMaterials/Substrate/Glints2/dict_0006_0210.uasset" 10112
"/Engine/EngineMaterials/Substrate/Glints2/dict_0006_0206" 10113
"/Engine/EngineMaterials/Substrate/Glints2/dict_0006_0210" 10114
"../../../Engine/Content/EngineMaterials/Substrate/Glints2/dict_0006_0212.uasset" 10115
"../../../Engine/Content/EngineMaterials/Substrate/Glints2/dict_0006_0215.uasset" 10116
"../../../Engine/Content/EngineMaterials/Substrate/Glints2/dict_0006_0216.uasset" 10117
"../../../Engine/Content/EngineMaterials/Substrate/Glints2/dict_0006_0217.uasset" 10118
"../../../Engine/Content/EngineMaterials/Substrate/Glints2/dict_0006_0218.uasset" 10119
"/Engine/EngineMaterials/Substrate/Glints2/dict_0006_0218" 10120
"../../../Engine/Content/EngineMaterials/Substrate/Glints2/dict_0006_0219.uasset" 10121
"/Engine/EngineMaterials/Substrate/Glints2/dict_0006_0217" 10122
"/Engine/EngineMaterials/Substrate/Glints2/dict_0006_0216" 10123
"/Engine/EngineMaterials/Substrate/Glints2/dict_0006_0215" 10124
"/Engine/EngineMaterials/Substrate/Glints2/dict_0006_0212" 10125
"../../../Engine/Content/EngineMaterials/Substrate/Glints2/dict_0006_0214.uasset" 10126
"/Engine/EngineMaterials/Substrate/Glints2/dict_0006_0219" 10127
"/Engine/EngineMaterials/Substrate/Glints2/dict_0006_0214" 10128
"../../../Engine/Content/EngineMaterials/Substrate/Glints2/dict_0006_0222.uasset" 10129
"../../../Engine/Content/EngineMaterials/Substrate/Glints2/dict_0006_0225.uasset" 10130
"../../../Engine/Content/EngineMaterials/Substrate/Glints2/dict_0006_0227.uasset" 10131
"../../../Engine/Content/EngineMaterials/Substrate/Glints2/dict_0006_0223.uasset" 10132
"../../../Engine/Content/EngineMaterials/Substrate/Glints2/dict_0006_0228.uasset" 10133
"../../../Engine/Content/EngineMaterials/Substrate/Glints2/dict_0006_0229.uasset" 10134
"../../../Engine/Content/EngineMaterials/Substrate/Glints2/dict_0006_0230.uasset" 10135
"../../../Engine/Content/EngineMaterials/Substrate/Glints2/dict_0006_0221.uasset" 10136
"../../../Engine/Content/EngineMaterials/Substrate/Glints2/dict_0006_0232.uasset" 10137
"../../../Engine/Content/EngineMaterials/Substrate/Glints2/dict_0006_0220.uasset" 10138
"../../../Engine/Content/EngineMaterials/Substrate/Glints2/dict_0006_0226.uasset" 10139
"../../../Engine/Content/EngineMaterials/Substrate/Glints2/dict_0006_0234.uasset" 10140
"/Engine/EngineMaterials/Substrate/Glints2/dict_0006_0228" 10141
"/Engine/EngineMaterials/Substrate/Glints2/dict_0006_0227" 10142
"/Engine/EngineMaterials/Substrate/Glints2/dict_0006_0223" 10143
"/Engine/EngineMaterials/Substrate/Glints2/dict_0006_0222" 10144
"/Engine/EngineMaterials/Substrate/Glints2/dict_0006_0221" 10145
"/Engine/EngineMaterials/Substrate/Glints2/dict_0006_0220" 10146
"/Engine/EngineMaterials/Substrate/Glints2/dict_0006_0226" 10147
"/Engine/EngineMaterials/Substrate/Glints2/dict_0006_0232" 10148
"/Engine/EngineMaterials/Substrate/Glints2/dict_0006_0225" 10149
"/Engine/EngineMaterials/Substrate/Glints2/dict_0006_0230" 10150
"/Engine/EngineMaterials/Substrate/Glints2/dict_0006_0229" 10151
"/Engine/EngineMaterials/Substrate/Glints2/dict_0006_0234" 10152
"../../../Engine/Content/EngineMaterials/Substrate/Glints2/dict_0006_0231.uasset" 10153
"../../../Engine/Content/EngineMaterials/Substrate/Glints2/dict_0006_0235.uasset" 10154
"../../../Engine/Content/EngineMaterials/Substrate/Glints2/dict_0006_0233.uasset" 10155
"../../../Engine/Content/EngineMaterials/Substrate/Glints2/dict_0006_0238.uasset" 10156
"../../../Engine/Content/EngineMaterials/Substrate/Glints2/dict_0006_0236.uasset" 10157
"../../../Engine/Content/EngineMaterials/Substrate/Glints2/dict_0006_0239.uasset" 10158
"../../../Engine/Content/EngineMaterials/Substrate/Glints2/dict_0006_0237.uasset" 10159
"/Engine/EngineMaterials/Substrate/Glints2/dict_0006_0236" 10160
"/Engine/EngineMaterials/Substrate/Glints2/dict_0006_0235" 10161
"/Engine/EngineMaterials/Substrate/Glints2/dict_0006_0239" 10162
"../../../Engine/Content/EngineMaterials/Substrate/Glints2/dict_0006_0224.uasset" 10163
"/Engine/EngineMaterials/Substrate/Glints2/dict_0006_0238" 10164
"/Engine/EngineMaterials/Substrate/Glints2/dict_0006_0233" 10165
"/Engine/EngineMaterials/Substrate/Glints2/dict_0006_0237" 10166
"/Engine/EngineMaterials/Substrate/Glints2/dict_0006_0231" 10167
"/Engine/EngineMaterials/Substrate/Glints2/dict_0006_0224" 10168
"../../../Engine/Content/EngineMaterials/Substrate/Glints2/dict_0006_0240.uasset" 10169
"../../../Engine/Content/EngineMaterials/Substrate/Glints2/dict_0006_0243.uasset" 10170
"../../../Engine/Content/EngineMaterials/Substrate/Glints2/dict_0006_0242.uasset" 10171
"../../../Engine/Content/EngineMaterials/Substrate/Glints2/dict_0006_0244.uasset" 10172
"/Engine/EngineMaterials/Substrate/Glints2/dict_0006_0240" 10173
"/Engine/EngineMaterials/Substrate/Glints2/dict_0006_0242" 10174
"/Engine/EngineMaterials/Substrate/Glints2/dict_0006_0243" 10175
"../../../Engine/Content/EngineMaterials/Substrate/Glints2/dict_0006_0245.uasset" 10176
"/Engine/EngineMaterials/Substrate/Glints2/dict_0006_0244" 10177
"/Engine/EngineMaterials/Substrate/Glints2/dict_0006_0245" 10178
"../../../Engine/Content/EngineMaterials/Substrate/Glints2/dict_0006_0247.uasset" 10179
"../../../Engine/Content/EngineMaterials/Substrate/Glints2/dict_0006_0246.uasset" 10180
"../../../Engine/Content/EngineMaterials/Substrate/Glints2/dict_0006_0241.uasset" 10181
"/Engine/EngineMaterials/Substrate/Glints2/dict_0006_0241" 10182
"/Engine/EngineMaterials/Substrate/Glints2/dict_0006_0247" 10183
"/Engine/EngineMaterials/Substrate/Glints2/dict_0006_0246" 10184
"../../../Engine/Content/EngineMaterials/Substrate/Glints2/dict_0006_0249.uasset" 10185
"../../../Engine/Content/EngineMaterials/Substrate/Glints2/dict_0006_0250.uasset" 10186
"../../../Engine/Content/EngineMaterials/Substrate/Glints2/dict_0006_0253.uasset" 10187
"../../../Engine/Content/EngineMaterials/Substrate/Glints2/dict_0006_0251.uasset" 10188
"../../../Engine/Content/EngineMaterials/Substrate/Glints2/dict_0006_0254.uasset" 10189
"/Engine/EngineMaterials/Substrate/Glints2/dict_0006_0251" 10190
"/Engine/EngineMaterials/Substrate/Glints2/dict_0006_0249" 10191
"/Engine/EngineMaterials/Substrate/Glints2/dict_0006_0250" 10192
"/Engine/EngineMaterials/Substrate/Glints2/dict_0006_0254" 10193
"/Engine/EngineMaterials/Substrate/Glints2/dict_0006_0253" 10194
"../../../Engine/Content/EngineMaterials/Substrate/Glints2/dict_0006_0252.uasset" 10195
"../../../Engine/Content/EngineMaterials/Substrate/Glints2/dict_0007_0003.uasset" 10196
"/Engine/EngineMaterials/Substrate/Glints2/dict_0006_0252" 10197
"../../../Engine/Content/EngineMaterials/Substrate/Glints2/dict_0006_0255.uasset" 10198
"../../../Engine/Content/EngineMaterials/Substrate/Glints2/dict_0007_0002.uasset" 10199
"/Engine/EngineMaterials/Substrate/Glints2/dict_0007_0003" 10200
"/Engine/EngineMaterials/Substrate/Glints2/dict_0006_0255" 10201
"/Engine/EngineMaterials/Substrate/Glints2/dict_0007_0002" 10202
"../../../Engine/Content/EngineMaterials/Substrate/Glints2/dict_0006_0248.uasset" 10203
"../../../Engine/Content/EngineMaterials/Substrate/Glints2/dict_0007_0000.uasset" 10204
"../../../Engine/Content/EngineMaterials/Substrate/Glints2/dict_0007_0004.uasset" 10205
"/Engine/EngineMaterials/Substrate/Glints2/dict_0007_0004" 10206
"/Engine/EngineMaterials/Substrate/Glints2/dict_0007_0000" 10207
"/Engine/EngineMaterials/Substrate/Glints2/dict_0006_0248" 10208
"../../../Engine/Content/EngineMaterials/Substrate/Glints2/dict_0007_0006.uasset" 10209
"../../../Engine/Content/EngineMaterials/Substrate/Glints2/dict_0007_0007.uasset" 10210
"../../../Engine/Content/EngineMaterials/Substrate/Glints2/dict_0007_0005.uasset" 10211
"../../../Engine/Content/EngineMaterials/Substrate/Glints2/dict_0007_0008.uasset" 10212
"/Engine/EngineMaterials/Substrate/Glints2/dict_0007_0006" 10213
"../../../Engine/Content/EngineMaterials/Substrate/Glints2/dict_0007_0009.uasset" 10214
"/Engine/EngineMaterials/Substrate/Glints2/dict_0007_0005" 10215
"/Engine/EngineMaterials/Substrate/Glints2/dict_0007_0007" 10216
"/Engine/EngineMaterials/Substrate/Glints2/dict_0007_0008" 10217
"../../../Engine/Content/EngineMaterials/Substrate/Glints2/dict_0007_0012.uasset" 10218
"/Engine/EngineMaterials/Substrate/Glints2/dict_0007_0009" 10219
"/Engine/EngineMaterials/Substrate/Glints2/dict_0007_0012" 10220
"../../../Engine/Content/EngineMaterials/Substrate/Glints2/dict_0007_0016.uasset" 10221
"../../../Engine/Content/EngineMaterials/Substrate/Glints2/dict_0007_0010.uasset" 10222
"../../../Engine/Content/EngineMaterials/Substrate/Glints2/dict_0007_0014.uasset" 10223
"../../../Engine/Content/EngineMaterials/Substrate/Glints2/dict_0007_0011.uasset" 10224
"../../../Engine/Content/EngineMaterials/Substrate/Glints2/dict_0007_0013.uasset" 10225
"../../../Engine/Content/EngineMaterials/Substrate/Glints2/dict_0007_0017.uasset" 10226
"../../../Engine/Content/EngineMaterials/Substrate/Glints2/dict_0007_0018.uasset" 10227
"../../../Engine/Content/EngineMaterials/Substrate/Glints2/dict_0007_0021.uasset" 10228
"../../../Engine/Content/EngineMaterials/Substrate/Glints2/dict_0007_0019.uasset" 10229
"../../../Engine/Content/EngineMaterials/Substrate/Glints2/dict_0007_0001.uasset" 10230
"../../../Engine/Content/EngineMaterials/Substrate/Glints2/dict_0007_0015.uasset" 10231
"../../../Engine/Content/EngineMaterials/Substrate/Glints2/dict_0007_0020.uasset" 10232
"../../../Engine/Content/EngineMaterials/Substrate/Glints2/dict_0007_0024.uasset" 10233
"/Engine/EngineMaterials/Substrate/Glints2/dict_0007_0014" 10234
"/Engine/EngineMaterials/Substrate/Glints2/dict_0007_0018" 10235
"/Engine/EngineMaterials/Substrate/Glints2/dict_0007_0013" 10236
"/Engine/EngineMaterials/Substrate/Glints2/dict_0007_0001" 10237
"/Engine/EngineMaterials/Substrate/Glints2/dict_0007_0011" 10238
"/Engine/EngineMaterials/Substrate/Glints2/dict_0007_0010" 10239
"/Engine/EngineMaterials/Substrate/Glints2/dict_0007_0020" 10240
"/Engine/EngineMaterials/Substrate/Glints2/dict_0007_0021" 10241
"/Engine/EngineMaterials/Substrate/Glints2/dict_0007_0017" 10242
"/Engine/EngineMaterials/Substrate/Glints2/dict_0007_0015" 10243
"/Engine/EngineMaterials/Substrate/Glints2/dict_0007_0016" 10244
"/Engine/EngineMaterials/Substrate/Glints2/dict_0007_0019" 10245
"../../../Engine/Content/EngineMaterials/Substrate/Glints2/dict_0007_0023.uasset" 10246
"/Engine/EngineMaterials/Substrate/Glints2/dict_0007_0023" 10247
"/Engine/EngineMaterials/Substrate/Glints2/dict_0007_0024" 10248
"../../../Engine/Content/EngineMaterials/Substrate/Glints2/dict_0007_0025.uasset" 10249
"../../../Engine/Content/EngineMaterials/Substrate/Glints2/dict_0007_0022.uasset" 10250
"/Engine/EngineMaterials/Substrate/Glints2/dict_0007_0022" 10251
"/Engine/EngineMaterials/Substrate/Glints2/dict_0007_0025" 10252
"../../../Engine/Content/EngineMaterials/Substrate/Glints2/dict_0007_0029.uasset" 10253
"../../../Engine/Content/EngineMaterials/Substrate/Glints2/dict_0007_0030.uasset" 10254
"../../../Engine/Content/EngineMaterials/Substrate/Glints2/dict_0007_0027.uasset" 10255
"../../../Engine/Content/EngineMaterials/Substrate/Glints2/dict_0007_0026.uasset" 10256
"../../../Engine/Content/EngineMaterials/Substrate/Glints2/dict_0007_0031.uasset" 10257
"../../../Engine/Content/EngineMaterials/Substrate/Glints2/dict_0007_0028.uasset" 10258
"/Engine/EngineMaterials/Substrate/Glints2/dict_0007_0031" 10259
"../../../Engine/Content/EngineMaterials/Substrate/Glints2/dict_0007_0034.uasset" 10260
"/Engine/EngineMaterials/Substrate/Glints2/dict_0007_0028" 10261
"/Engine/EngineMaterials/Substrate/Glints2/dict_0007_0027" 10262
"/Engine/EngineMaterials/Substrate/Glints2/dict_0007_0030" 10263
"/Engine/EngineMaterials/Substrate/Glints2/dict_0007_0026" 10264
"../../../Engine/Content/EngineMaterials/Substrate/Glints2/dict_0007_0037.uasset" 10265
"/Engine/EngineMaterials/Substrate/Glints2/dict_0007_0029" 10266
"/Engine/EngineMaterials/Substrate/Glints2/dict_0007_0034" 10267
"/Engine/EngineMaterials/Substrate/Glints2/dict_0007_0037" 10268
"../../../Engine/Content/EngineMaterials/Substrate/Glints2/dict_0007_0035.uasset" 10269
"../../../Engine/Content/EngineMaterials/Substrate/Glints2/dict_0007_0038.uasset" 10270
"../../../Engine/Content/EngineMaterials/Substrate/Glints2/dict_0007_0033.uasset" 10271
"../../../Engine/Content/EngineMaterials/Substrate/Glints2/dict_0007_0032.uasset" 10272
"../../../Engine/Content/EngineMaterials/Substrate/Glints2/dict_0007_0043.uasset" 10273
"../../../Engine/Content/EngineMaterials/Substrate/Glints2/dict_0007_0040.uasset" 10274
"../../../Engine/Content/EngineMaterials/Substrate/Glints2/dict_0007_0039.uasset" 10275
"../../../Engine/Content/EngineMaterials/Substrate/Glints2/dict_0007_0042.uasset" 10276
"../../../Engine/Content/EngineMaterials/Substrate/Glints2/dict_0007_0036.uasset" 10277
"../../../Engine/Content/EngineMaterials/Substrate/Glints2/dict_0007_0041.uasset" 10278
"/Engine/EngineMaterials/Substrate/Glints2/dict_0007_0039" 10279
"/Engine/EngineMaterials/Substrate/Glints2/dict_0007_0038" 10280
"/Engine/EngineMaterials/Substrate/Glints2/dict_0007_0035" 10281
"/Engine/EngineMaterials/Substrate/Glints2/dict_0007_0032" 10282
"/Engine/EngineMaterials/Substrate/Glints2/dict_0007_0041" 10283
"/Engine/EngineMaterials/Substrate/Glints2/dict_0007_0033" 10284
"/Engine/EngineMaterials/Substrate/Glints2/dict_0007_0040" 10285
"/Engine/EngineMaterials/Substrate/Glints2/dict_0007_0043" 10286
"/Engine/EngineMaterials/Substrate/Glints2/dict_0007_0036" 10287
"/Engine/EngineMaterials/Substrate/Glints2/dict_0007_0042" 10288
"../../../Engine/Content/EngineMaterials/Substrate/Glints2/dict_0007_0045.uasset" 10289
"../../../Engine/Content/EngineMaterials/Substrate/Glints2/dict_0007_0044.uasset" 10290
"../../../Engine/Content/EngineMaterials/Substrate/Glints2/dict_0007_0047.uasset" 10291
"../../../Engine/Content/EngineMaterials/Substrate/Glints2/dict_0007_0046.uasset" 10292
"/Engine/EngineMaterials/Substrate/Glints2/dict_0007_0047" 10293
"/Engine/EngineMaterials/Substrate/Glints2/dict_0007_0046" 10294
"/Engine/EngineMaterials/Substrate/Glints2/dict_0007_0045" 10295
"/Engine/EngineMaterials/Substrate/Glints2/dict_0007_0044" 10296
"../../../Engine/Content/EngineMaterials/Substrate/Glints2/dict_0007_0050.uasset" 10297
"../../../Engine/Content/EngineMaterials/Substrate/Glints2/dict_0007_0049.uasset" 10298
"../../../Engine/Content/EngineMaterials/Substrate/Glints2/dict_0007_0048.uasset" 10299
"../../../Engine/Content/EngineMaterials/Substrate/Glints2/dict_0007_0052.uasset" 10300
"../../../Engine/Content/EngineMaterials/Substrate/Glints2/dict_0007_0053.uasset" 10301
"../../../Engine/Content/EngineMaterials/Substrate/Glints2/dict_0007_0051.uasset" 10302
"../../../Engine/Content/EngineMaterials/Substrate/Glints2/dict_0007_0058.uasset" 10303
"../../../Engine/Content/EngineMaterials/Substrate/Glints2/dict_0007_0054.uasset" 10304
"../../../Engine/Content/EngineMaterials/Substrate/Glints2/dict_0007_0059.uasset" 10305
"/Engine/EngineMaterials/Substrate/Glints2/dict_0007_0053" 10306
"/Engine/EngineMaterials/Substrate/Glints2/dict_0007_0052" 10307
"/Engine/EngineMaterials/Substrate/Glints2/dict_0007_0051" 10308
"/Engine/EngineMaterials/Substrate/Glints2/dict_0007_0050" 10309
"/Engine/EngineMaterials/Substrate/Glints2/dict_0007_0049" 10310
"/Engine/EngineMaterials/Substrate/Glints2/dict_0007_0048" 10311
"/Engine/EngineMaterials/Substrate/Glints2/dict_0007_0059" 10312
"/Engine/EngineMaterials/Substrate/Glints2/dict_0007_0054" 10313
"/Engine/EngineMaterials/Substrate/Glints2/dict_0007_0058" 10314
"../../../Engine/Content/EngineMaterials/Substrate/Glints2/dict_0007_0057.uasset" 10315
"../../../Engine/Content/EngineMaterials/Substrate/Glints2/dict_0007_0055.uasset" 10316
"../../../Engine/Content/EngineMaterials/Substrate/Glints2/dict_0007_0061.uasset" 10317
"../../../Engine/Content/EngineMaterials/Substrate/Glints2/dict_0007_0063.uasset" 10318
"../../../Engine/Content/EngineMaterials/Substrate/Glints2/dict_0007_0062.uasset" 10319
"/Engine/EngineMaterials/Substrate/Glints2/dict_0007_0063" 10320
"/Engine/EngineMaterials/Substrate/Glints2/dict_0007_0062" 10321
"/Engine/EngineMaterials/Substrate/Glints2/dict_0007_0055" 10322
"/Engine/EngineMaterials/Substrate/Glints2/dict_0007_0061" 10323
"/Engine/EngineMaterials/Substrate/Glints2/dict_0007_0057" 10324
"../../../Engine/Content/EngineMaterials/Substrate/Glints2/dict_0007_0060.uasset" 10325
"../../../Engine/Content/EngineMaterials/Substrate/Glints2/dict_0007_0064.uasset" 10326
"../../../Engine/Content/EngineMaterials/Substrate/Glints2/dict_0007_0066.uasset" 10327
"../../../Engine/Content/EngineMaterials/Substrate/Glints2/dict_0007_0067.uasset" 10328
"../../../Engine/Content/EngineMaterials/Substrate/Glints2/dict_0007_0071.uasset" 10329
"../../../Engine/Content/EngineMaterials/Substrate/Glints2/dict_0007_0065.uasset" 10330
"../../../Engine/Content/EngineMaterials/Substrate/Glints2/dict_0007_0069.uasset" 10331
"../../../Engine/Content/EngineMaterials/Substrate/Glints2/dict_0007_0068.uasset" 10332
"/Engine/EngineMaterials/Substrate/Glints2/dict_0007_0065" 10333
"../../../Engine/Content/EngineMaterials/Substrate/Glints2/dict_0007_0070.uasset" 10334
"/Engine/EngineMaterials/Substrate/Glints2/dict_0007_0071" 10335
"/Engine/EngineMaterials/Substrate/Glints2/dict_0007_0064" 10336
"/Engine/EngineMaterials/Substrate/Glints2/dict_0007_0060" 10337
"/Engine/EngineMaterials/Substrate/Glints2/dict_0007_0069" 10338
"/Engine/EngineMaterials/Substrate/Glints2/dict_0007_0067" 10339
"/Engine/EngineMaterials/Substrate/Glints2/dict_0007_0066" 10340
"/Engine/EngineMaterials/Substrate/Glints2/dict_0007_0070" 10341
"/Engine/EngineMaterials/Substrate/Glints2/dict_0007_0068" 10342
"../../../Engine/Content/EngineMaterials/Substrate/Glints2/dict_0007_0056.uasset" 10343
"../../../Engine/Content/EngineMaterials/Substrate/Glints2/dict_0007_0073.uasset" 10344
"../../../Engine/Content/EngineMaterials/Substrate/Glints2/dict_0007_0072.uasset" 10345
"../../../Engine/Content/EngineMaterials/Substrate/Glints2/dict_0007_0074.uasset" 10346
"../../../Engine/Content/EngineMaterials/Substrate/Glints2/dict_0007_0077.uasset" 10347
"../../../Engine/Content/EngineMaterials/Substrate/Glints2/dict_0007_0075.uasset" 10348
"../../../Engine/Content/EngineMaterials/Substrate/Glints2/dict_0007_0078.uasset" 10349
"../../../Engine/Content/EngineMaterials/Substrate/Glints2/dict_0007_0076.uasset" 10350
"/Engine/EngineMaterials/Substrate/Glints2/dict_0007_0075" 10351
"/Engine/EngineMaterials/Substrate/Glints2/dict_0007_0074" 10352
"/Engine/EngineMaterials/Substrate/Glints2/dict_0007_0073" 10353
"/Engine/EngineMaterials/Substrate/Glints2/dict_0007_0072" 10354
"/Engine/EngineMaterials/Substrate/Glints2/dict_0007_0078" 10355
"/Engine/EngineMaterials/Substrate/Glints2/dict_0007_0077" 10356
"/Engine/EngineMaterials/Substrate/Glints2/dict_0007_0056" 10357
"/Engine/EngineMaterials/Substrate/Glints2/dict_0007_0076" 10358
"../../../Engine/Content/EngineMaterials/Substrate/Glints2/dict_0007_0083.uasset" 10359
"../../../Engine/Content/EngineMaterials/Substrate/Glints2/dict_0007_0082.uasset" 10360
"/Engine/EngineMaterials/Substrate/Glints2/dict_0007_0083" 10361
"/Engine/EngineMaterials/Substrate/Glints2/dict_0007_0082" 10362
"../../../Engine/Content/EngineMaterials/Substrate/Glints2/dict_0007_0079.uasset" 10363
"../../../Engine/Content/EngineMaterials/Substrate/Glints2/dict_0007_0092.uasset" 10364
"../../../Engine/Content/EngineMaterials/Substrate/Glints2/dict_0007_0087.uasset" 10365
"../../../Engine/Content/EngineMaterials/Substrate/Glints2/dict_0007_0081.uasset" 10366
"../../../Engine/Content/EngineMaterials/Substrate/Glints2/dict_0007_0085.uasset" 10367
"../../../Engine/Content/EngineMaterials/Substrate/Glints2/dict_0007_0088.uasset" 10368
"../../../Engine/Content/EngineMaterials/Substrate/Glints2/dict_0007_0093.uasset" 10369
"../../../Engine/Content/EngineMaterials/Substrate/Glints2/dict_0007_0086.uasset" 10370
"../../../Engine/Content/EngineMaterials/Substrate/Glints2/dict_0007_0084.uasset" 10371
"/Engine/EngineMaterials/Substrate/Glints2/dict_0007_0088" 10372
"/Engine/EngineMaterials/Substrate/Glints2/dict_0007_0087" 10373
"/Engine/EngineMaterials/Substrate/Glints2/dict_0007_0086" 10374
"/Engine/EngineMaterials/Substrate/Glints2/dict_0007_0093" 10375
"/Engine/EngineMaterials/Substrate/Glints2/dict_0007_0085" 10376
"/Engine/EngineMaterials/Substrate/Glints2/dict_0007_0092" 10377
"/Engine/EngineMaterials/Substrate/Glints2/dict_0007_0084" 10378
"/Engine/EngineMaterials/Substrate/Glints2/dict_0007_0079" 10379
"/Engine/EngineMaterials/Substrate/Glints2/dict_0007_0081" 10380
"../../../Engine/Content/EngineMaterials/Substrate/Glints2/dict_0007_0089.uasset" 10381
"../../../Engine/Content/EngineMaterials/Substrate/Glints2/dict_0007_0097.uasset" 10382
"../../../Engine/Content/EngineMaterials/Substrate/Glints2/dict_0007_0095.uasset" 10383
"../../../Engine/Content/EngineMaterials/Substrate/Glints2/dict_0007_0090.uasset" 10384
"../../../Engine/Content/EngineMaterials/Substrate/Glints2/dict_0007_0096.uasset" 10385
"../../../Engine/Content/EngineMaterials/Substrate/Glints2/dict_0007_0094.uasset" 10386
"../../../Engine/Content/EngineMaterials/Substrate/Glints2/dict_0007_0091.uasset" 10387
"/Engine/EngineMaterials/Substrate/Glints2/dict_0007_0091" 10388
"/Engine/EngineMaterials/Substrate/Glints2/dict_0007_0090" 10389
"/Engine/EngineMaterials/Substrate/Glints2/dict_0007_0097" 10390
"/Engine/EngineMaterials/Substrate/Glints2/dict_0007_0089" 10391
"../../../Engine/Content/EngineMaterials/Substrate/Glints2/dict_0007_0099.uasset" 10392
"/Engine/EngineMaterials/Substrate/Glints2/dict_0007_0096" 10393
"/Engine/EngineMaterials/Substrate/Glints2/dict_0007_0095" 10394
"/Engine/EngineMaterials/Substrate/Glints2/dict_0007_0094" 10395
"/Engine/EngineMaterials/Substrate/Glints2/dict_0007_0099" 10396
"../../../Engine/Content/EngineMaterials/Substrate/Glints2/dict_0007_0080.uasset" 10397
"../../../Engine/Content/EngineMaterials/Substrate/Glints2/dict_0007_0100.uasset" 10398
"../../../Engine/Content/EngineMaterials/Substrate/Glints2/dict_0007_0098.uasset" 10399
"../../../Engine/Content/EngineMaterials/Substrate/Glints2/dict_0007_0104.uasset" 10400
"../../../Engine/Content/EngineMaterials/Substrate/Glints2/dict_0007_0102.uasset" 10401
"/Engine/EngineMaterials/Substrate/Glints2/dict_0007_0100" 10402
"/Engine/EngineMaterials/Substrate/Glints2/dict_0007_0102" 10403
"../../../Engine/Content/EngineMaterials/Substrate/Glints2/dict_0007_0101.uasset" 10404
"/Engine/EngineMaterials/Substrate/Glints2/dict_0007_0098" 10405
"/Engine/EngineMaterials/Substrate/Glints2/dict_0007_0104" 10406
"/Engine/EngineMaterials/Substrate/Glints2/dict_0007_0080" 10407
"/Engine/EngineMaterials/Substrate/Glints2/dict_0007_0101" 10408
"../../../Engine/Content/EngineMaterials/Substrate/Glints2/dict_0007_0105.uasset" 10409
"../../../Engine/Content/EngineMaterials/Substrate/Glints2/dict_0007_0106.uasset" 10410
"../../../Engine/Content/EngineMaterials/Substrate/Glints2/dict_0007_0108.uasset" 10411
"/Engine/EngineMaterials/Substrate/Glints2/dict_0007_0108" 10412
"/Engine/EngineMaterials/Substrate/Glints2/dict_0007_0106" 10413
"/Engine/EngineMaterials/Substrate/Glints2/dict_0007_0105" 10414
"../../../Engine/Content/EngineMaterials/Substrate/Glints2/dict_0007_0111.uasset" 10415
"../../../Engine/Content/EngineMaterials/Substrate/Glints2/dict_0007_0115.uasset" 10416
"../../../Engine/Content/EngineMaterials/Substrate/Glints2/dict_0007_0114.uasset" 10417
"../../../Engine/Content/EngineMaterials/Substrate/Glints2/dict_0007_0112.uasset" 10418
"../../../Engine/Content/EngineMaterials/Substrate/Glints2/dict_0007_0113.uasset" 10419
"../../../Engine/Content/EngineMaterials/Substrate/Glints2/dict_0007_0107.uasset" 10420
"../../../Engine/Content/EngineMaterials/Substrate/Glints2/dict_0007_0109.uasset" 10421
"../../../Engine/Content/EngineMaterials/Substrate/Glints2/dict_0007_0110.uasset" 10422
"../../../Engine/Content/EngineMaterials/Substrate/Glints2/dict_0007_0123.uasset" 10423
"../../../Engine/Content/EngineMaterials/Substrate/Glints2/dict_0007_0103.uasset" 10424
"../../../Engine/Content/EngineMaterials/Substrate/Glints2/dict_0007_0117.uasset" 10425
"../../../Engine/Content/EngineMaterials/Substrate/Glints2/dict_0007_0119.uasset" 10426
"/Engine/EngineMaterials/Substrate/Glints2/dict_0007_0110" 10427
"../../../Engine/Content/EngineMaterials/Substrate/Glints2/dict_0007_0116.uasset" 10428
"../../../Engine/Content/EngineMaterials/Substrate/Glints2/dict_0007_0120.uasset" 10429
"/Engine/EngineMaterials/Substrate/Glints2/dict_0007_0109" 10430
"/Engine/EngineMaterials/Substrate/Glints2/dict_0007_0107" 10431
"/Engine/EngineMaterials/Substrate/Glints2/dict_0007_0117" 10432
"/Engine/EngineMaterials/Substrate/Glints2/dict_0007_0115" 10433
"/Engine/EngineMaterials/Substrate/Glints2/dict_0007_0112" 10434
"/Engine/EngineMaterials/Substrate/Glints2/dict_0007_0114" 10435
"/Engine/EngineMaterials/Substrate/Glints2/dict_0007_0111" 10436
"/Engine/EngineMaterials/Substrate/Glints2/dict_0007_0103" 10437
"/Engine/EngineMaterials/Substrate/Glints2/dict_0007_0123" 10438
"/Engine/EngineMaterials/Substrate/Glints2/dict_0007_0113" 10439
"/Engine/EngineMaterials/Substrate/Glints2/dict_0007_0120" 10440
"/Engine/EngineMaterials/Substrate/Glints2/dict_0007_0119" 10441
"/Engine/EngineMaterials/Substrate/Glints2/dict_0007_0116" 10442
"../../../Engine/Content/EngineMaterials/Substrate/Glints2/dict_0007_0118.uasset" 10443
"../../../Engine/Content/EngineMaterials/Substrate/Glints2/dict_0007_0124.uasset" 10444
"/Engine/EngineMaterials/Substrate/Glints2/dict_0007_0118" 10445
"../../../Engine/Content/EngineMaterials/Substrate/Glints2/dict_0007_0122.uasset" 10446
"/Engine/EngineMaterials/Substrate/Glints2/dict_0007_0124" 10447
"/Engine/EngineMaterials/Substrate/Glints2/dict_0007_0122" 10448
"../../../Engine/Content/EngineMaterials/Substrate/Glints2/dict_0007_0121.uasset" 10449
"/Engine/EngineMaterials/Substrate/Glints2/dict_0007_0121" 10450
"../../../Engine/Content/EngineMaterials/Substrate/Glints2/dict_0007_0125.uasset" 10451
"/Engine/EngineMaterials/Substrate/Glints2/dict_0007_0125" 10452
"../../../Engine/Content/EngineMaterials/Substrate/Glints2/dict_0007_0126.uasset" 10453
"../../../Engine/Content/EngineMaterials/Substrate/Glints2/dict_0007_0127.uasset" 10454
"/Engine/EngineMaterials/Substrate/Glints2/dict_0007_0127" 10455
"/Engine/EngineMaterials/Substrate/Glints2/dict_0007_0126" 10456
"../../../Engine/Content/EngineMaterials/Substrate/Glints2/dict_0007_0128.uasset" 10457
"../../../Engine/Content/EngineMaterials/Substrate/Glints2/dict_0007_0132.uasset" 10458
"../../../Engine/Content/EngineMaterials/Substrate/Glints2/dict_0007_0130.uasset" 10459
"../../../Engine/Content/EngineMaterials/Substrate/Glints2/dict_0007_0129.uasset" 10460
"/Engine/EngineMaterials/Substrate/Glints2/dict_0007_0128" 10461
"/Engine/EngineMaterials/Substrate/Glints2/dict_0007_0129" 10462
"/Engine/EngineMaterials/Substrate/Glints2/dict_0007_0132" 10463
"/Engine/EngineMaterials/Substrate/Glints2/dict_0007_0130" 10464
"../../../Engine/Content/EngineMaterials/Substrate/Glints2/dict_0007_0133.uasset" 10465
"../../../Engine/Content/EngineMaterials/Substrate/Glints2/dict_0007_0135.uasset" 10466
"../../../Engine/Content/EngineMaterials/Substrate/Glints2/dict_0007_0131.uasset" 10467
"../../../Engine/Content/EngineMaterials/Substrate/Glints2/dict_0007_0134.uasset" 10468
"../../../Engine/Content/EngineMaterials/Substrate/Glints2/dict_0007_0137.uasset" 10469
"../../../Engine/Content/EngineMaterials/Substrate/Glints2/dict_0007_0138.uasset" 10470
"../../../Engine/Content/EngineMaterials/Substrate/Glints2/dict_0007_0136.uasset" 10471
"/Engine/EngineMaterials/Substrate/Glints2/dict_0007_0138" 10472
"/Engine/EngineMaterials/Substrate/Glints2/dict_0007_0134" 10473
"/Engine/EngineMaterials/Substrate/Glints2/dict_0007_0133" 10474
"/Engine/EngineMaterials/Substrate/Glints2/dict_0007_0137" 10475
"/Engine/EngineMaterials/Substrate/Glints2/dict_0007_0136" 10476
"/Engine/EngineMaterials/Substrate/Glints2/dict_0007_0131" 10477
"/Engine/EngineMaterials/Substrate/Glints2/dict_0007_0135" 10478
"../../../Engine/Content/EngineMaterials/Substrate/Glints2/dict_0007_0140.uasset" 10479
"/Engine/EngineMaterials/Substrate/Glints2/dict_0007_0140" 10480
"../../../Engine/Content/EngineMaterials/Substrate/Glints2/dict_0007_0144.uasset" 10481
"../../../Engine/Content/EngineMaterials/Substrate/Glints2/dict_0007_0141.uasset" 10482
"../../../Engine/Content/EngineMaterials/Substrate/Glints2/dict_0007_0142.uasset" 10483
"../../../Engine/Content/EngineMaterials/Substrate/Glints2/dict_0007_0143.uasset" 10484
"../../../Engine/Content/EngineMaterials/Substrate/Glints2/dict_0007_0145.uasset" 10485
"../../../Engine/Content/EngineMaterials/Substrate/Glints2/dict_0007_0146.uasset" 10486
"../../../Engine/Content/EngineMaterials/Substrate/Glints2/dict_0007_0139.uasset" 10487
"/Engine/EngineMaterials/Substrate/Glints2/dict_0007_0146" 10488
"/Engine/EngineMaterials/Substrate/Glints2/dict_0007_0145" 10489
"/Engine/EngineMaterials/Substrate/Glints2/dict_0007_0144" 10490
"/Engine/EngineMaterials/Substrate/Glints2/dict_0007_0143" 10491
"/Engine/EngineMaterials/Substrate/Glints2/dict_0007_0142" 10492
"/Engine/EngineMaterials/Substrate/Glints2/dict_0007_0141" 10493
"/Engine/EngineMaterials/Substrate/Glints2/dict_0007_0139" 10494
"../../../Engine/Content/EngineMaterials/Substrate/Glints2/dict_0007_0147.uasset" 10495
"/Engine/EngineMaterials/Substrate/Glints2/dict_0007_0147" 10496
"../../../Engine/Content/EngineMaterials/Substrate/Glints2/dict_0007_0149.uasset" 10497
"../../../Engine/Content/EngineMaterials/Substrate/Glints2/dict_0007_0150.uasset" 10498
"../../../Engine/Content/EngineMaterials/Substrate/Glints2/dict_0007_0152.uasset" 10499
"/Engine/EngineMaterials/Substrate/Glints2/dict_0007_0152" 10500
"/Engine/EngineMaterials/Substrate/Glints2/dict_0007_0149" 10501
"/Engine/EngineMaterials/Substrate/Glints2/dict_0007_0150" 10502
"../../../Engine/Content/EngineMaterials/Substrate/Glints2/dict_0007_0148.uasset" 10503
"../../../Engine/Content/EngineMaterials/Substrate/Glints2/dict_0007_0153.uasset" 10504
"../../../Engine/Content/EngineMaterials/Substrate/Glints2/dict_0007_0151.uasset" 10505
"../../../Engine/Content/EngineMaterials/Substrate/Glints2/dict_0007_0156.uasset" 10506
"../../../Engine/Content/EngineMaterials/Substrate/Glints2/dict_0007_0155.uasset" 10507
"../../../Engine/Content/EngineMaterials/Substrate/Glints2/dict_0007_0157.uasset" 10508
"../../../Engine/Content/EngineMaterials/Substrate/Glints2/dict_0007_0158.uasset" 10509
"../../../Engine/Content/EngineMaterials/Substrate/Glints2/dict_0007_0160.uasset" 10510
"../../../Engine/Content/EngineMaterials/Substrate/Glints2/dict_0007_0161.uasset" 10511
"/Engine/EngineMaterials/Substrate/Glints2/dict_0007_0156" 10512
"/Engine/EngineMaterials/Substrate/Glints2/dict_0007_0151" 10513
"/Engine/EngineMaterials/Substrate/Glints2/dict_0007_0148" 10514
"/Engine/EngineMaterials/Substrate/Glints2/dict_0007_0161" 10515
"/Engine/EngineMaterials/Substrate/Glints2/dict_0007_0158" 10516
"/Engine/EngineMaterials/Substrate/Glints2/dict_0007_0157" 10517
"/Engine/EngineMaterials/Substrate/Glints2/dict_0007_0153" 10518
"/Engine/EngineMaterials/Substrate/Glints2/dict_0007_0155" 10519
"/Engine/EngineMaterials/Substrate/Glints2/dict_0007_0160" 10520
"../../../Engine/Content/EngineMaterials/Substrate/Glints2/dict_0007_0162.uasset" 10521
"../../../Engine/Content/EngineMaterials/Substrate/Glints2/dict_0007_0163.uasset" 10522
"../../../Engine/Content/EngineMaterials/Substrate/Glints2/dict_0007_0167.uasset" 10523
"../../../Engine/Content/EngineMaterials/Substrate/Glints2/dict_0007_0164.uasset" 10524
"../../../Engine/Content/EngineMaterials/Substrate/Glints2/dict_0007_0154.uasset" 10525
"../../../Engine/Content/EngineMaterials/Substrate/Glints2/dict_0007_0168.uasset" 10526
"../../../Engine/Content/EngineMaterials/Substrate/Glints2/dict_0007_0172.uasset" 10527
"../../../Engine/Content/EngineMaterials/Substrate/Glints2/dict_0007_0159.uasset" 10528
"/Engine/EngineMaterials/Substrate/Glints2/dict_0007_0154" 10529
"/Engine/EngineMaterials/Substrate/Glints2/dict_0007_0163" 10530
"/Engine/EngineMaterials/Substrate/Glints2/dict_0007_0162" 10531
"/Engine/EngineMaterials/Substrate/Glints2/dict_0007_0168" 10532
"/Engine/EngineMaterials/Substrate/Glints2/dict_0007_0167" 10533
"/Engine/EngineMaterials/Substrate/Glints2/dict_0007_0164" 10534
"../../../Engine/Content/EngineMaterials/Substrate/Glints2/dict_0007_0170.uasset" 10535
"/Engine/EngineMaterials/Substrate/Glints2/dict_0007_0172" 10536
"../../../Engine/Content/EngineMaterials/Substrate/Glints2/dict_0007_0166.uasset" 10537
"/Engine/EngineMaterials/Substrate/Glints2/dict_0007_0170" 10538
"../../../Engine/Content/EngineMaterials/Substrate/Glints2/dict_0007_0169.uasset" 10539
"/Engine/EngineMaterials/Substrate/Glints2/dict_0007_0159" 10540
"/Engine/EngineMaterials/Substrate/Glints2/dict_0007_0169" 10541
"../../../Engine/Content/EngineMaterials/Substrate/Glints2/dict_0007_0165.uasset" 10542
"/Engine/EngineMaterials/Substrate/Glints2/dict_0007_0166" 10543
"/Engine/EngineMaterials/Substrate/Glints2/dict_0007_0165" 10544
"../../../Engine/Content/EngineMaterials/Substrate/Glints2/dict_0007_0177.uasset" 10545
"../../../Engine/Content/EngineMaterials/Substrate/Glints2/dict_0007_0173.uasset" 10546
"../../../Engine/Content/EngineMaterials/Substrate/Glints2/dict_0007_0175.uasset" 10547
"../../../Engine/Content/EngineMaterials/Substrate/Glints2/dict_0007_0174.uasset" 10548
"../../../Engine/Content/EngineMaterials/Substrate/Glints2/dict_0007_0171.uasset" 10549
"../../../Engine/Content/EngineMaterials/Substrate/Glints2/dict_0007_0178.uasset" 10550
"../../../Engine/Content/EngineMaterials/Substrate/Glints2/dict_0007_0176.uasset" 10551
"/Engine/EngineMaterials/Substrate/Glints2/dict_0007_0178" 10552
"../../../Engine/Content/EngineMaterials/Substrate/Glints2/dict_0007_0179.uasset" 10553
"/Engine/EngineMaterials/Substrate/Glints2/dict_0007_0177" 10554
"/Engine/EngineMaterials/Substrate/Glints2/dict_0007_0176" 10555
"/Engine/EngineMaterials/Substrate/Glints2/dict_0007_0175" 10556
"/Engine/EngineMaterials/Substrate/Glints2/dict_0007_0174" 10557
"/Engine/EngineMaterials/Substrate/Glints2/dict_0007_0173" 10558
"/Engine/EngineMaterials/Substrate/Glints2/dict_0007_0171" 10559
"/Engine/EngineMaterials/Substrate/Glints2/dict_0007_0179" 10560
"../../../Engine/Content/EngineMaterials/Substrate/Glints2/dict_0007_0182.uasset" 10561
"../../../Engine/Content/EngineMaterials/Substrate/Glints2/dict_0007_0181.uasset" 10562
"../../../Engine/Content/EngineMaterials/Substrate/Glints2/dict_0007_0183.uasset" 10563
"/Engine/EngineMaterials/Substrate/Glints2/dict_0007_0182" 10564
"/Engine/EngineMaterials/Substrate/Glints2/dict_0007_0181" 10565
"/Engine/EngineMaterials/Substrate/Glints2/dict_0007_0183" 10566
"../../../Engine/Content/EngineMaterials/Substrate/Glints2/dict_0007_0185.uasset" 10567
"../../../Engine/Content/EngineMaterials/Substrate/Glints2/dict_0007_0184.uasset" 10568
"../../../Engine/Content/EngineMaterials/Substrate/Glints2/dict_0007_0186.uasset" 10569
"../../../Engine/Content/EngineMaterials/Substrate/Glints2/dict_0007_0187.uasset" 10570
"../../../Engine/Content/EngineMaterials/Substrate/Glints2/dict_0007_0180.uasset" 10571
"../../../Engine/Content/EngineMaterials/Substrate/Glints2/dict_0007_0188.uasset" 10572
"/Engine/EngineMaterials/Substrate/Glints2/dict_0007_0180" 10573
"/Engine/EngineMaterials/Substrate/Glints2/dict_0007_0188" 10574
"/Engine/EngineMaterials/Substrate/Glints2/dict_0007_0187" 10575
"/Engine/EngineMaterials/Substrate/Glints2/dict_0007_0186" 10576
"/Engine/EngineMaterials/Substrate/Glints2/dict_0007_0185" 10577
"/Engine/EngineMaterials/Substrate/Glints2/dict_0007_0184" 10578
"../../../Engine/Content/EngineMaterials/Substrate/Glints2/dict_0007_0189.uasset" 10579
"../../../Engine/Content/EngineMaterials/Substrate/Glints2/dict_0007_0193.uasset" 10580
"../../../Engine/Content/EngineMaterials/Substrate/Glints2/dict_0007_0191.uasset" 10581
"../../../Engine/Content/EngineMaterials/Substrate/Glints2/dict_0007_0190.uasset" 10582
"../../../Engine/Content/EngineMaterials/Substrate/Glints2/dict_0007_0192.uasset" 10583
"../../../Engine/Content/EngineMaterials/Substrate/Glints2/dict_0007_0196.uasset" 10584
"../../../Engine/Content/EngineMaterials/Substrate/Glints2/dict_0007_0197.uasset" 10585
"../../../Engine/Content/EngineMaterials/Substrate/Glints2/dict_0007_0195.uasset" 10586
"../../../Engine/Content/EngineMaterials/Substrate/Glints2/dict_0007_0202.uasset" 10587
"../../../Engine/Content/EngineMaterials/Substrate/Glints2/dict_0007_0201.uasset" 10588
"../../../Engine/Content/EngineMaterials/Substrate/Glints2/dict_0007_0198.uasset" 10589
"/Engine/EngineMaterials/Substrate/Glints2/dict_0007_0191" 10590
"/Engine/EngineMaterials/Substrate/Glints2/dict_0007_0190" 10591
"/Engine/EngineMaterials/Substrate/Glints2/dict_0007_0189" 10592
"/Engine/EngineMaterials/Substrate/Glints2/dict_0007_0198" 10593
"/Engine/EngineMaterials/Substrate/Glints2/dict_0007_0197" 10594
"/Engine/EngineMaterials/Substrate/Glints2/dict_0007_0202" 10595
"/Engine/EngineMaterials/Substrate/Glints2/dict_0007_0196" 10596
"/Engine/EngineMaterials/Substrate/Glints2/dict_0007_0195" 10597
"/Engine/EngineMaterials/Substrate/Glints2/dict_0007_0201" 10598
"/Engine/EngineMaterials/Substrate/Glints2/dict_0007_0193" 10599
"/Engine/EngineMaterials/Substrate/Glints2/dict_0007_0192" 10600
"../../../Engine/Content/EngineMaterials/Substrate/Glints2/dict_0007_0199.uasset" 10601
"../../../Engine/Content/EngineMaterials/Substrate/Glints2/dict_0007_0200.uasset" 10602
"../../../Engine/Content/EngineMaterials/Substrate/Glints2/dict_0007_0203.uasset" 10603
"../../../Engine/Content/EngineMaterials/Substrate/Glints2/dict_0007_0206.uasset" 10604
"/Engine/EngineMaterials/Substrate/Glints2/dict_0007_0200" 10605
"/Engine/EngineMaterials/Substrate/Glints2/dict_0007_0199" 10606
"/Engine/EngineMaterials/Substrate/Glints2/dict_0007_0206" 10607
"/Engine/EngineMaterials/Substrate/Glints2/dict_0007_0203" 10608
"../../../Engine/Content/EngineMaterials/Substrate/Glints2/dict_0007_0209.uasset" 10609
"../../../Engine/Content/EngineMaterials/Substrate/Glints2/dict_0007_0210.uasset" 10610
"../../../Engine/Content/EngineMaterials/Substrate/Glints2/dict_0007_0208.uasset" 10611
"../../../Engine/Content/EngineMaterials/Substrate/Glints2/dict_0007_0207.uasset" 10612
"../../../Engine/Content/EngineMaterials/Substrate/Glints2/dict_0007_0204.uasset" 10613
"/Engine/EngineMaterials/Substrate/Glints2/dict_0007_0210" 10614
"../../../Engine/Content/EngineMaterials/Substrate/Glints2/dict_0007_0205.uasset" 10615
"/Engine/EngineMaterials/Substrate/Glints2/dict_0007_0209" 10616
"/Engine/EngineMaterials/Substrate/Glints2/dict_0007_0208" 10617
"/Engine/EngineMaterials/Substrate/Glints2/dict_0007_0207" 10618
"/Engine/EngineMaterials/Substrate/Glints2/dict_0007_0204" 10619
"/Engine/EngineMaterials/Substrate/Glints2/dict_0007_0205" 10620
"../../../Engine/Content/EngineMaterials/Substrate/Glints2/dict_0007_0211.uasset" 10621
"../../../Engine/Content/EngineMaterials/Substrate/Glints2/dict_0007_0194.uasset" 10622
"../../../Engine/Content/EngineMaterials/Substrate/Glints2/dict_0007_0212.uasset" 10623
"../../../Engine/Content/EngineMaterials/Substrate/Glints2/dict_0007_0214.uasset" 10624
"../../../Engine/Content/EngineMaterials/Substrate/Glints2/dict_0007_0213.uasset" 10625
"/Engine/EngineMaterials/Substrate/Glints2/dict_0007_0214" 10626
"../../../Engine/Content/EngineMaterials/Substrate/Glints2/dict_0007_0215.uasset" 10627
"/Engine/EngineMaterials/Substrate/Glints2/dict_0007_0213" 10628
"../../../Engine/Content/EngineMaterials/Substrate/Glints2/dict_0007_0216.uasset" 10629
"/Engine/EngineMaterials/Substrate/Glints2/dict_0007_0211" 10630
"/Engine/EngineMaterials/Substrate/Glints2/dict_0007_0194" 10631
"/Engine/EngineMaterials/Substrate/Glints2/dict_0007_0212" 10632
"/Engine/EngineMaterials/Substrate/Glints2/dict_0007_0216" 10633
"/Engine/EngineMaterials/Substrate/Glints2/dict_0007_0215" 10634
"../../../Engine/Content/EngineMaterials/Substrate/Glints2/dict_0007_0218.uasset" 10635
"../../../Engine/Content/EngineMaterials/Substrate/Glints2/dict_0007_0217.uasset" 10636
"../../../Engine/Content/EngineMaterials/Substrate/Glints2/dict_0007_0221.uasset" 10637
"../../../Engine/Content/EngineMaterials/Substrate/Glints2/dict_0007_0220.uasset" 10638
"../../../Engine/Content/EngineMaterials/Substrate/Glints2/dict_0007_0219.uasset" 10639
"/Engine/EngineMaterials/Substrate/Glints2/dict_0007_0220" 10640
"/Engine/EngineMaterials/Substrate/Glints2/dict_0007_0219" 10641
"/Engine/EngineMaterials/Substrate/Glints2/dict_0007_0218" 10642
"/Engine/EngineMaterials/Substrate/Glints2/dict_0007_0217" 10643
"/Engine/EngineMaterials/Substrate/Glints2/dict_0007_0221" 10644
"../../../Engine/Content/EngineMaterials/Substrate/Glints2/dict_0007_0222.uasset" 10645
"../../../Engine/Content/EngineMaterials/Substrate/Glints2/dict_0007_0223.uasset" 10646
"../../../Engine/Content/EngineMaterials/Substrate/Glints2/dict_0007_0225.uasset" 10647
"/Engine/EngineMaterials/Substrate/Glints2/dict_0007_0225" 10648
"/Engine/EngineMaterials/Substrate/Glints2/dict_0007_0223" 10649
"/Engine/EngineMaterials/Substrate/Glints2/dict_0007_0222" 10650
"../../../Engine/Content/EngineMaterials/Substrate/Glints2/dict_0007_0229.uasset" 10651
"../../../Engine/Content/EngineMaterials/Substrate/Glints2/dict_0007_0226.uasset" 10652
"../../../Engine/Content/EngineMaterials/Substrate/Glints2/dict_0007_0227.uasset" 10653
"../../../Engine/Content/EngineMaterials/Substrate/Glints2/dict_0007_0228.uasset" 10654
"../../../Engine/Content/EngineMaterials/Substrate/Glints2/dict_0007_0230.uasset" 10655
"/Engine/EngineMaterials/Substrate/Glints2/dict_0007_0230" 10656
"/Engine/EngineMaterials/Substrate/Glints2/dict_0007_0229" 10657
"/Engine/EngineMaterials/Substrate/Glints2/dict_0007_0228" 10658
"../../../Engine/Content/EngineMaterials/Substrate/Glints2/dict_0007_0231.uasset" 10659
"/Engine/EngineMaterials/Substrate/Glints2/dict_0007_0227" 10660
"/Engine/EngineMaterials/Substrate/Glints2/dict_0007_0226" 10661
"/Engine/EngineMaterials/Substrate/Glints2/dict_0007_0231" 10662
"../../../Engine/Content/EngineMaterials/Substrate/Glints2/dict_0007_0232.uasset" 10663
"../../../Engine/Content/EngineMaterials/Substrate/Glints2/dict_0007_0233.uasset" 10664
"../../../Engine/Content/EngineMaterials/Substrate/Glints2/dict_0007_0234.uasset" 10665
"../../../Engine/Content/EngineMaterials/Substrate/Glints2/dict_0007_0236.uasset" 10666
"../../../Engine/Content/EngineMaterials/Substrate/Glints2/AGlintTex2dArray2.uasset" 10667
"../../../Engine/Content/EngineMaterials/Substrate/Glints2/dict_0007_0224.uasset" 10668
"../../../Engine/Content/EngineMaterials/Substrate/Glints2/dict_0007_0239.uasset" 10669
"/Engine/EngineMaterials/Substrate/Glints2/dict_0007_0234" 10670
"/Engine/EngineMaterials/Substrate/Glints2/dict_0007_0224" 10671
"/Engine/EngineMaterials/Substrate/Glints2/dict_0007_0239" 10672
"/Engine/EngineMaterials/Substrate/Glints2/dict_0007_0233" 10673
"/Engine/EngineMaterials/Substrate/Glints2/dict_0007_0232" 10674
"/Engine/EngineMaterials/Substrate/Glints2/dict_0007_0236" 10675
"../../../Engine/Content/EngineMaterials/Substrate/Glints2/dict_0007_0238.uasset" 10676
"../../../Engine/Content/EngineMaterials/Substrate/Glints2/dict_0007_0242.uasset" 10677
"../../../Engine/Content/EngineMaterials/Substrate/Glints2/dict_0007_0240.uasset" 10678
"../../../Engine/Content/EngineMaterials/PPM_DefaultCalibrationColor.uasset" 10679
"../../../Engine/Content/EngineMaterials/Substrate/Glints2/dict_0007_0243.uasset" 10680
"../../../Engine/Content/EngineMaterials/PPM_DefaultCalibrationGrayscale.uasset" 10681
"../../../Engine/Content/EngineMaterials/Substrate/Glints2/dict_0007_0246.uasset" 10682
"../../../Engine/Content/EngineMaterials/Substrate/Glints2/dict_0007_0245.uasset" 10683
"../../../Engine/Content/Functions/Engine_MaterialFunctions03/Procedurals/HeightToNormalSmooth.uasset" 10684
"../../../Engine/Content/EngineMaterials/Substrate/Glints2/dict_0007_0237.uasset" 10685
"/Engine/EngineMaterials/Substrate/Glints2/dict_0007_0246" 10686
"/Engine/EngineMaterials/Substrate/Glints2/dict_0007_0245" 10687
"/Engine/EngineMaterials/Substrate/Glints2/dict_0007_0240" 10688
"/Engine/Functions/Engine_MaterialFunctions03/Procedurals/HeightToNormalSmooth" 10689
"../../../Engine/Content/EngineMaterials/Substrate/Glints2/dict_0007_0247.uasset" 10690
"../../../Engine/Content/EngineMaterials/Substrate/Glints2/dict_0007_0244.uasset" 10691
"/Engine/EngineMaterials/Substrate/Glints2/dict_0007_0238" 10692
"/Engine/EngineMaterials/Substrate/Glints2/dict_0007_0243" 10693
"/Engine/EngineMaterials/Substrate/Glints2/dict_0007_0242" 10694
"/Engine/EngineMaterials/Substrate/Glints2/dict_0007_0244" 10695
"/Engine/EngineMaterials/Substrate/Glints2/dict_0007_0237" 10696
"../../../Engine/Content/EngineMaterials/Substrate/Glints2/dict_0007_0235.uasset" 10697
"../../../Engine/Content/EngineMaterials/Substrate/Glints2/dict_0007_0250.uasset" 10698
"../../../Engine/Content/EngineMaterials/Substrate/Glints2/dict_0007_0248.uasset" 10699
"../../../Engine/Content/EngineMaterials/Substrate/Glints2/dict_0007_0252.uasset" 10700
"../../../Engine/Content/EngineMaterials/Substrate/Glints2/dict_0007_0253.uasset" 10701
"../../../Engine/Content/EngineMaterials/Substrate/Glints2/dict_0007_0254.uasset" 10702
"../../../Engine/Content/EngineMaterials/Substrate/Glints2/dict_0007_0251.uasset" 10703
"../../../Engine/Content/EngineMaterials/Substrate/Glints2/dict_0007_0249.uasset" 10704
"/Engine/EngineMaterials/Substrate/Glints2/dict_0007_0235" 10705
"/Engine/EngineMaterials/Substrate/Glints2/dict_0007_0253" 10706
"/Engine/EngineMaterials/Substrate/Glints2/dict_0007_0252" 10707
"/Engine/EngineMaterials/Substrate/Glints2/dict_0007_0251" 10708
"/Engine/EngineMaterials/Substrate/Glints2/dict_0007_0250" 10709
"/Engine/EngineMaterials/Substrate/Glints2/dict_0007_0248" 10710
"/Engine/EngineMaterials/Substrate/Glints2/dict_0007_0254" 10711
"/Engine/EngineMaterials/Substrate/Glints2/dict_0007_0247" 10712
"/Engine/EngineMaterials/Substrate/Glints2/dict_0007_0249" 10713
"../../../Engine/Content/EngineMaterials/Substrate/Glints2/dict_0007_0241.uasset" 10714
"../../../Engine/Content/EngineMaterials/Substrate/Glints2/dict_0007_0255.uasset" 10715
"/Engine/EngineMaterials/Substrate/Glints2/dict_0007_0241" 10716
"/Engine/EngineMaterials/Substrate/Glints2/AGlintTex2dArray2" 10717
"../../../Engine/Content/EngineMaterials/Substrate/Volume/SubstrateSimpleVolumeLUT3D.uasset" 10718
"../../../Engine/Content/EngineMaterials/Substrate/Volume/SubstrateSimpleVolumeEnvLUT2D.uasset" 10719
"../../../Engine/Content/EngineMaterials/Substrate/Volume/SubstrateSimpleVolumeEnvLUT3D.uasset" 10720
"../../../Engine/Content/EngineMaterials/Substrate/Volume/SubstrateSimpleVolumeLUT2D.uasset" 10721
"/Engine/EngineMaterials/Substrate/Volume/SubstrateSimpleVolumeEnvLUT3D" 10722
"/Engine/EngineMaterials/Substrate/Volume/SubstrateSimpleVolumeLUT3D" 10723
"../../../Engine/Content/EngineMaterials/DefaultCalibrationGrayscale.uasset" 10724
"../../../Engine/Content/EngineMaterials/DefaultCalibrationColor.uasset" 10725
"../../../Engine/Content/Functions/MaterialLayerFunctions/MatLayerBlend_OverrideOpacity.uasset" 10726
"/Engine/EngineMaterials/PPM_DefaultCalibrationColor" 10727
"/Engine/Functions/MaterialLayerFunctions/MatLayerBlend_OverrideOpacity" 10728
"/Engine/EngineMaterials/PPM_DefaultCalibrationGrayscale" 10729
"../../../Engine/Plugins/NNE/NNEDenoiser/Content/NNED_Oidn2-3_Balanced_Alpha.uasset" 10730
"../../../Engine/Plugins/Interchange/Assets/Content/Functions/MX_Displacement.uasset" 10731
"../../../Engine/Plugins/NNE/NNEDenoiser/Content/NNEDT_Oidn2-3_Balanced_Alpha.uasset" 10732
"../../../Engine/Plugins/NNE/NNEDenoiser/Content/NNEDTOM_Output_Default.uasset" 10733
"../../../Engine/Content/Functions/Engine_MaterialFunctions02/Utility/BlendAngleCorrectedNormals.uasset" 10734
"../../../Engine/Plugins/NNE/NNEDenoiser/Content/NNED_Oidn2-3_HighQuality_Alpha.uasset" 10735
"../../../Engine/Plugins/NNE/NNEDenoiser/Content/NNEDIM_HighQuality_Alpha.uasset" 10736
"../../../Engine/Plugins/NNE/NNEDenoiser/Content/NNEDTOM_Output_Alpha.uasset" 10737
"../../../Engine/Plugins/NNE/NNEDenoiser/Content/NNEDTIM_ColorAlbedoNormal_Default.uasset" 10738
"../../../Engine/Plugins/NNE/NNEDenoiser/Content/NNEDOM_Output_Default.uasset" 10739
"../../../Engine/Plugins/NNE/NNEDenoiser/Content/NNEDOM_Output_Alpha.uasset" 10740
"../../../Engine/Plugins/NNE/NNEDenoiser/Content/NNEDIM_ColorAlbedoNormal_Default.uasset" 10741
"../../../Engine/Plugins/NNE/NNEDenoiser/Content/NNEDIM_ColorAlbedoNormal_Alpha.uasset" 10742
"../../../Engine/Plugins/NNE/NNEDenoiser/Content/NNED_Oidn2-3_Fast_Alpha.uasset" 10743
"../../../Engine/Plugins/NNE/NNEDenoiser/Content/NNED_Oidn2-3_HighQuality.uasset" 10744
"../../../Engine/Plugins/NNE/NNEDenoiser/Content/NNEDTIM_ColorAlbedoNormal_Alpha.uasset" 10745
"../../../Engine/Plugins/NNE/NNEDenoiser/Content/NNEDIM_HighQuality_Default.uasset" 10746
"../../../Engine/Plugins/Interchange/Assets/Content/Functions/MX_Surface.uasset" 10747
"../../../Engine/Plugins/NNE/NNEDenoiser/Content/NNED_Oidn2-3_Fast.uasset" 10748
"../../../Engine/Plugins/NNE/NNEDenoiser/Content/NNED_Oidn2-3_Balanced.uasset" 10749
"../../../Engine/Content/EngineDebugMaterials/DebugEditorMaterial.uasset" 10750
"../../../Engine/Content/EditorResources/BSPVertex.uasset" 10751
"/Engine/EngineDebugMaterials/DebugEditorMaterial" 10752
"../../../Engine/Plugins/NNE/NNEDenoiser/Content/NNEDT_Oidn2-3_Balanced.uasset" 10753
"/NNEDenoiser/NNEDOM_Output_Default" 10754
"../../../Engine/Content/EngineMaterials/DefaultBloomKernel.uasset" 10755
"../../../Engine/Plugins/NNE/NNEDenoiser/Content/NNE_oidn2-3-0_rt_hdr_alb_nrm__dyn__fp16_opset11_ForwardAlpha.uasset" 10756
"../../../Engine/Plugins/NNE/NNEDenoiser/Content/NNE_oidn2-3-0_rt_hdr_alb_nrm_small__dyn__fp16_opset11_DenoiseAlpha.uasset" 10757
"../../../Engine/Plugins/NNE/NNEDenoiser/Content/NNE_oidn2-3-0_rt_hdr_alb_nrm__dyn__fp16_opset11_DenoiseAlpha.uasset" 10758
"/NNEDenoiser/NNEDOM_Output_Alpha" 10759
"/NNEDenoiser/NNED_Oidn2-3_HighQuality" 10760
"/NNEDenoiser/NNEDTIM_ColorAlbedoNormal_Default" 10761
"/NNEDenoiser/NNEDIM_HighQuality_Default" 10762
"/NNEDenoiser/NNED_Oidn2-3_Fast_Alpha" 10763
"/Engine/Functions/Engine_MaterialFunctions02/Utility/BlendAngleCorrectedNormals" 10764
"/NNEDenoiser/NNEDIM_HighQuality_Alpha" 10765
"/NNEDenoiser/NNED_Oidn2-3_Fast" 10766
"/InterchangeAssets/Functions/MX_Surface" 10767
"/NNEDenoiser/NNEDIM_ColorAlbedoNormal_Default" 10768
"/NNEDenoiser/NNED_Oidn2-3_Balanced_Alpha" 10769
"/NNEDenoiser/NNED_Oidn2-3_Balanced" 10770
"/NNEDenoiser/NNEDTIM_ColorAlbedoNormal_Alpha" 10771
"/NNEDenoiser/NNEDIM_ColorAlbedoNormal_Alpha" 10772
"/NNEDenoiser/NNEDT_Oidn2-3_Balanced_Alpha" 10773
"../../../Engine/Content/EngineResources/Development/ZenLogo_64.uasset" 10774
"../../../Engine/Plugins/NNE/NNEDenoiser/Content/NNE_oidn2-3-0_rt_hdr_calb_cnrm_large__dyn__fp16_opset11_ForwardAlpha.uasset" 10775
"../../../Engine/Plugins/NNE/NNEDenoiser/Content/NNE_oidn2-3-0_rt_hdr_alb_nrm_small__dyn__fp16_opset11_ForwardAlpha.uasset" 10776
"../../../Engine/Plugins/NNE/NNEDenoiser/Content/NNE_oidn2-3-0_rt_hdr_calb_cnrm_large__dyn__fp16_opset11_DenoiseAlpha.uasset" 10777
"../../../Engine/Content/EngineResources/FilmGrains/Marcie_Grain_v3_128_M2_000.uasset" 10778
"/NNEDenoiser/NNED_Oidn2-3_HighQuality_Alpha" 10779
"/Engine/EditorResources/BSPVertex" 10780
"/NNEDenoiser/NNEDTOM_Output_Default" 10781
"/NNEDenoiser/NNEDTOM_Output_Alpha" 10782
"/InterchangeAssets/Functions/MX_Displacement" 10783
"/Engine/EngineResources/Development/ZenLogo_64" 10784
"/NNEDenoiser/NNE_oidn2-3-0_rt_hdr_calb_cnrm_large__dyn__fp16_opset11_ForwardAlpha" 10785
"/NNEDenoiser/NNE_oidn2-3-0_rt_hdr_calb_cnrm_large__dyn__fp16_opset11_DenoiseAlpha" 10786
"/NNEDenoiser/NNE_oidn2-3-0_rt_hdr_alb_nrm__dyn__fp16_opset11_ForwardAlpha" 10787
"/NNEDenoiser/NNE_oidn2-3-0_rt_hdr_alb_nrm__dyn__fp16_opset11_DenoiseAlpha" 10788
"/NNEDenoiser/NNE_oidn2-3-0_rt_hdr_alb_nrm_small__dyn__fp16_opset11_ForwardAlpha" 10789
"/Engine/EngineResources/FilmGrains/Marcie_Grain_v3_128_M2_000" 10790
"/NNEDenoiser/NNE_oidn2-3-0_rt_hdr_alb_nrm_small__dyn__fp16_opset11_DenoiseAlpha" 10791
"/Engine/EngineMaterials/DefaultBloomKernel" 10792
"/NNEDenoiser/NNEDT_Oidn2-3_Balanced" 10793
"../../../Engine/Content/EngineSounds/Master.uasset" 10794
"../../../Engine/Plugins/Interchange/Runtime/Content/Pipelines/DefaultAssetsPipeline.uasset" 10795
"../../../Engine/Plugins/Interchange/Runtime/Content/Pipelines/DefaultMaterialXPipeline.uasset" 10796
"../../../Engine/Plugins/Interchange/Runtime/Content/Pipelines/DefaultGLTFAssetsPipeline.uasset" 10797
"../../../Engine/Plugins/Interchange/Runtime/Content/Pipelines/DefaultGLTFPipeline.uasset" 10798
"../../../Engine/Plugins/Interchange/Runtime/Content/Pipelines/DefaultMaterialPipeline.uasset" 10799
"../../../Engine/Plugins/Interchange/Runtime/Content/Pipelines/DefaultTexturePipeline.uasset" 10800
"../../../Engine/Plugins/Interchange/Runtime/Content/Pipelines/DefaultSceneAssetsPipeline.uasset" 10801
"../../../Engine/Plugins/Interchange/Runtime/Content/Pipelines/DefaultSceneLevelPipeline.uasset" 10802
"../../../Engine/Plugins/Interchange/Runtime/Content/Pipelines/DefaultGLTFSceneAssetsPipeline.uasset" 10803
"E:/Unreal Projects New/Sparks/Content/Assets/Images/Loading_Background.uasset" 10804
"../../../Engine/Content/EngineMaterials/EnergyConservation/Diffuse_Energy.uasset" 10805
"../../../Engine/Plugins/Interchange/Assets/Content/Functions/MX_SurfaceUnlit.uasset" 10806
"../../../Engine/Content/EngineMaterials/EnergyConservation/Sheen_Energy.uasset" 10807
"/InterchangeAssets/Functions/MX_SurfaceUnlit" 10808
"/Game/Assets/Images/Loading_Background" 10809
"../../../Engine/Plugins/Interchange/Assets/Content/Functions/MX_BurleyDiffuseBSDF.uasset" 10810
"/Interchange/Pipelines/DefaultGLTFSceneAssetsPipeline" 10811
"/Interchange/Pipelines/DefaultSceneLevelPipeline" 10812
"../../../Engine/Plugins/Interchange/Assets/Content/Functions/MX_ConductorBSDF.uasset" 10813
"../../../Engine/Plugins/Interchange/Assets/Content/Functions/MX_TranslucentBSDF.uasset" 10814
"/Interchange/Pipelines/DefaultSceneAssetsPipeline" 10815
"../../../Engine/Plugins/Interchange/Assets/Content/Functions/MX_DielectricBSDF.uasset" 10816
"/Interchange/Pipelines/DefaultTexturePipeline" 10817
"/Interchange/Pipelines/DefaultMaterialPipeline" 10818
"/Interchange/Pipelines/DefaultGLTFPipeline" 10819
"/Interchange/Pipelines/DefaultGLTFAssetsPipeline" 10820
"../../../Engine/Plugins/Interchange/Assets/Content/Functions/MX_SubsurfaceBSDF.uasset" 10821
"/Interchange/Pipelines/DefaultMaterialXPipeline" 10822
"/Interchange/Pipelines/DefaultAssetsPipeline" 10823
"../../../Engine/Plugins/Interchange/Assets/Content/Functions/MX_OrenNayarBSDF.uasset" 10824
"/Engine/EngineSounds/Master" 10825
"/Engine/EngineMaterials/EnergyConservation/Diffuse_Energy" 10826
"../../../Engine/Content/EngineMaterials/FastBlueNoise_scalar_128x128x8.uasset" 10827
"../../../Engine/Plugins/Interchange/Assets/Content/Functions/MX_GeneralizedSchlickBSDF.uasset" 10828
"/Engine/EngineMaterials/EnergyConservation/Sheen_Energy" 10829
"/InterchangeAssets/Functions/MX_TranslucentBSDF" 10830
"../../../Engine/Plugins/Interchange/Assets/Content/Functions/MX_ThinFilmBSDF.uasset" 10831
"../../../Engine/Plugins/Interchange/Assets/Content/Functions/MX_SheenBSDF.uasset" 10832
"/InterchangeAssets/Functions/MX_BurleyDiffuseBSDF" 10833
"../../../Engine/Content/EngineMaterials/FastBlueNoise_scalar_128x128x64.uasset" 10834
"/InterchangeAssets/Functions/MX_OrenNayarBSDF" 10835
"/InterchangeAssets/Functions/MX_SubsurfaceBSDF" 10836
"/InterchangeAssets/Functions/MX_GeneralizedSchlickBSDF" 10837
"/InterchangeAssets/Functions/MX_ConductorBSDF" 10838
"/InterchangeAssets/Functions/MX_DielectricBSDF" 10839
"/Engine/EngineMaterials/FastBlueNoise_scalar_128x128x8" 10840
"/InterchangeAssets/Functions/MX_ThinFilmBSDF" 10841
"/InterchangeAssets/Functions/MX_SheenBSDF" 10842
"/Engine/EngineMaterials/FastBlueNoise_scalar_128x128x64" 10843
"../../../Engine/Content/EngineMaterials/LTC/Sheen_LTC.uasset" 10844
"../../../Engine/Plugins/Interchange/Assets/Content/Functions/MX_UniformEDF.uasset" 10845
"/InterchangeAssets/Functions/MX_UniformEDF" 10846
"/Engine/EngineMaterials/LTC/Sheen_LTC" 10847
"../../../Engine/Content/EngineMaterials/FastBlueNoise_vec2_128x128x64.uasset" 10848
"/Engine/EngineMaterials/FastBlueNoise_vec2_128x128x64" 10849
"../../../Engine/Plugins/Interchange/Assets/Content/Functions/MX_ConicalEDF.uasset" 10850
"../../../Engine/Plugins/Interchange/Assets/Content/Functions/MX_MeasuredEDF.uasset" 10851
"../../../Engine/Plugins/Interchange/Assets/Content/Functions/MX_AbsorptionVDF.uasset" 10852
"../../../Engine/Plugins/Interchange/Assets/Content/Functions/MX_UsdPreviewSurface.uasset" 10853
"/InterchangeAssets/Functions/MX_AbsorptionVDF" 10854
"/InterchangeAssets/Functions/MX_MeasuredEDF" 10855
"/InterchangeAssets/Functions/MX_UsdPreviewSurface" 10856
"/InterchangeAssets/Functions/MX_ConicalEDF" 10857
"../../../Engine/Plugins/Animation/ControlRig/Content/Controls/ControlRigGizmoMaterial.uasset" 10858
"/ControlRig/Controls/ControlRigGizmoMaterial" 10859
"../../../Engine/Plugins/Interchange/Assets/Content/Functions/MX_AnisotropicVDF.uasset" 10860
"/InterchangeAssets/Functions/MX_AnisotropicVDF" 10861
"E:/Unreal Projects New/Sparks/Saved/Cooked/Android_ASTC/Sparks/Metadata/CookedSettings.txt" 10862
